5,9,GMfsxmQmZ4G5LCRfQEJsXzejU14=,2l0vWHl9g9bnmQULvnkDFYni9ZU=
5,10,GMfsxmQmZ4G5LCRfQEJsXzejU14=,2l0vWHl9g9bnmQULvnkDFYni9ZU=
6,10,GMfsxmQmZ4G5LCRfQEJsXzejU14=,2l0vWHl9g9bnmQULvnkDFYni9ZU=
6,9,GMfsxmQmZ4G5LCRfQEJsXzejU14=,2l0vWHl9g9bnmQULvnkDFYni9ZU=
1,5,GMfsxmQmZ4G5LCRfQEJsXzejU14=,pNOj/g+Jxf9R5TjOF7FG2wWixdI=
2,5,GMfsxmQmZ4G5LCRfQEJsXzejU14=,pNOj/g+Jxf9R5TjOF7FG2wWixdI=
1,6,GMfsxmQmZ4G5LCRfQEJsXzejU14=,pNOj/g+Jxf9R5TjOF7FG2wWixdI=
2,6,GMfsxmQmZ4G5LCRfQEJsXzejU14=,pNOj/g+Jxf9R5TjOF7FG2wWixdI=
1,10,GMfsxmQmZ4G5LCRfQEJsXzejU14=,S/O6D9VVirPisEEZQhLVKEKBfzE=
2,10,GMfsxmQmZ4G5LCRfQEJsXzejU14=,S/O6D9VVirPisEEZQhLVKEKBfzE=
3,10,GMfsxmQmZ4G5LCRfQEJsXzejU14=,S/O6D9VVirPisEEZQhLVKEKBfzE=
4,9,GMfsxmQmZ4G5LCRfQEJsXzejU14=,2l0vWHl9g9bnmQULvnkDFYni9ZU=
4,10,GMfsxmQmZ4G5LCRfQEJsXzejU14=,2l0vWHl9g9bnmQULvnkDFYni9ZU=
0,9,GMfsxmQmZ4G5LCRfQEJsXzejU14=,S/O6D9VVirPisEEZQhLVKEKBfzE=
1,9,GMfsxmQmZ4G5LCRfQEJsXzejU14=,S/O6D9VVirPisEEZQhLVKEKBfzE=
1,7,GMfsxmQmZ4G5LCRfQEJsXzejU14=,pNOj/g+Jxf9R5TjOF7FG2wWixdI=
2,7,GMfsxmQmZ4G5LCRfQEJsXzejU14=,pNOj/g+Jxf9R5TjOF7FG2wWixdI=
2,9,GMfsxmQmZ4G5LCRfQEJsXzejU14=,S/O6D9VVirPisEEZQhLVKEKBfzE=
1,8,GMfsxmQmZ4G5LCRfQEJsXzejU14=,S/O6D9VVirPisEEZQhLVKEKBfzE=
3,9,GMfsxmQmZ4G5LCRfQEJsXzejU14=,S/O6D9VVirPisEEZQhLVKEKBfzE=
0,10,GMfsxmQmZ4G5LCRfQEJsXzejU14=,S/O6D9VVirPisEEZQhLVKEKBfzE=
2,8,GMfsxmQmZ4G5LCRfQEJsXzejU14=,S/O6D9VVirPisEEZQhLVKEKBfzE=
6,7,GMfsxmQmZ4G5LCRfQEJsXzejU14=,wEenHROic8MUutEh5WkQ2Jtz4Bg=
4,7,GMfsxmQmZ4G5LCRfQEJsXzejU14=,wEenHROic8MUutEh5WkQ2Jtz4Bg=
3,6,GMfsxmQmZ4G5LCRfQEJsXzejU14=,pNOj/g+Jxf9R5TjOF7FG2wWixdI=
3,8,GMfsxmQmZ4G5LCRfQEJsXzejU14=,S/O6D9VVirPisEEZQhLVKEKBfzE=
5,5,GMfsxmQmZ4G5LCRfQEJsXzejU14=,wEenHROic8MUutEh5WkQ2Jtz4Bg=
4,6,GMfsxmQmZ4G5LCRfQEJsXzejU14=,wEenHROic8MUutEh5WkQ2Jtz4Bg=
5,7,GMfsxmQmZ4G5LCRfQEJsXzejU14=,wEenHROic8MUutEh5WkQ2Jtz4Bg=
6,5,GMfsxmQmZ4G5LCRfQEJsXzejU14=,wEenHROic8MUutEh5WkQ2Jtz4Bg=
6,6,GMfsxmQmZ4G5LCRfQEJsXzejU14=,wEenHROic8MUutEh5WkQ2Jtz4Bg=
6,8,GMfsxmQmZ4G5LCRfQEJsXzejU14=,2l0vWHl9g9bnmQULvnkDFYni9ZU=
4,8,GMfsxmQmZ4G5LCRfQEJsXzejU14=,2l0vWHl9g9bnmQULvnkDFYni9ZU=
3,5,GMfsxmQmZ4G5LCRfQEJsXzejU14=,pNOj/g+Jxf9R5TjOF7FG2wWixdI=
4,5,GMfsxmQmZ4G5LCRfQEJsXzejU14=,wEenHROic8MUutEh5WkQ2Jtz4Bg=
3,7,GMfsxmQmZ4G5LCRfQEJsXzejU14=,pNOj/g+Jxf9R5TjOF7FG2wWixdI=
5,8,GMfsxmQmZ4G5LCRfQEJsXzejU14=,2l0vWHl9g9bnmQULvnkDFYni9ZU=
5,6,GMfsxmQmZ4G5LCRfQEJsXzejU14=,wEenHROic8MUutEh5WkQ2Jtz4Bg=
10,9,GMfsxmQmZ4G5LCRfQEJsXzejU14=,4aWrzzsDw5rzbU067bvsKO+Fh1g=
8,10,GMfsxmQmZ4G5LCRfQEJsXzejU14=,4aWrzzsDw5rzbU067bvsKO+Fh1g=
9,10,GMfsxmQmZ4G5LCRfQEJsXzejU14=,4aWrzzsDw5rzbU067bvsKO+Fh1g=
10,10,GMfsxmQmZ4G5LCRfQEJsXzejU14=,4aWrzzsDw5rzbU067bvsKO+Fh1g=
8,9,GMfsxmQmZ4G5LCRfQEJsXzejU14=,4aWrzzsDw5rzbU067bvsKO+Fh1g=
7,9,GMfsxmQmZ4G5LCRfQEJsXzejU14=,2l0vWHl9g9bnmQULvnkDFYni9ZU=
7,10,GMfsxmQmZ4G5LCRfQEJsXzejU14=,2l0vWHl9g9bnmQULvnkDFYni9ZU=
9,9,GMfsxmQmZ4G5LCRfQEJsXzejU14=,4aWrzzsDw5rzbU067bvsKO+Fh1g=
8,7,GMfsxmQmZ4G5LCRfQEJsXzejU14=,b+rl9I/a2XFq54bHeRYM7T08RKE=
9,7,GMfsxmQmZ4G5LCRfQEJsXzejU14=,b+rl9I/a2XFq54bHeRYM7T08RKE=
10,7,GMfsxmQmZ4G5LCRfQEJsXzejU14=,b+rl9I/a2XFq54bHeRYM7T08RKE=
8,8,GMfsxmQmZ4G5LCRfQEJsXzejU14=,4aWrzzsDw5rzbU067bvsKO+Fh1g=
10,5,GMfsxmQmZ4G5LCRfQEJsXzejU14=,b+rl9I/a2XFq54bHeRYM7T08RKE=
9,8,GMfsxmQmZ4G5LCRfQEJsXzejU14=,4aWrzzsDw5rzbU067bvsKO+Fh1g=
8,6,GMfsxmQmZ4G5LCRfQEJsXzejU14=,b+rl9I/a2XFq54bHeRYM7T08RKE=
7,5,GMfsxmQmZ4G5LCRfQEJsXzejU14=,wEenHROic8MUutEh5WkQ2Jtz4Bg=
9,3,GMfsxmQmZ4G5LCRfQEJsXzejU14=,c3bnE4MefU/YSfnGisGCwxrzgsA=
10,1,GMfsxmQmZ4G5LCRfQEJsXzejU14=,c3bnE4MefU/YSfnGisGCwxrzgsA=
10,3,GMfsxmQmZ4G5LCRfQEJsXzejU14=,c3bnE4MefU/YSfnGisGCwxrzgsA=
9,4,GMfsxmQmZ4G5LCRfQEJsXzejU14=,b+rl9I/a2XFq54bHeRYM7T08RKE=
7,4,GMfsxmQmZ4G5LCRfQEJsXzejU14=,wEenHROic8MUutEh5WkQ2Jtz4Bg=
10,4,GMfsxmQmZ4G5LCRfQEJsXzejU14=,b+rl9I/a2XFq54bHeRYM7T08RKE=
8,4,GMfsxmQmZ4G5LCRfQEJsXzejU14=,b+rl9I/a2XFq54bHeRYM7T08RKE=
8,2,GMfsxmQmZ4G5LCRfQEJsXzejU14=,c3bnE4MefU/YSfnGisGCwxrzgsA=
6,3,GMfsxmQmZ4G5LCRfQEJsXzejU14=,vkDA66og6zqxj9NFKW1PuB4/eCI=
6,1,GMfsxmQmZ4G5LCRfQEJsXzejU14=,vkDA66og6zqxj9NFKW1PuB4/eCI=
7,1,GMfsxmQmZ4G5LCRfQEJsXzejU14=,vkDA66og6zqxj9NFKW1PuB4/eCI=
7,3,GMfsxmQmZ4G5LCRfQEJsXzejU14=,vkDA66og6zqxj9NFKW1PuB4/eCI=
5,2,GMfsxmQmZ4G5LCRfQEJsXzejU14=,vkDA66og6zqxj9NFKW1PuB4/eCI=
5,4,GMfsxmQmZ4G5LCRfQEJsXzejU14=,wEenHROic8MUutEh5WkQ2Jtz4Bg=
6,4,GMfsxmQmZ4G5LCRfQEJsXzejU14=,wEenHROic8MUutEh5WkQ2Jtz4Bg=
6,2,GMfsxmQmZ4G5LCRfQEJsXzejU14=,vkDA66og6zqxj9NFKW1PuB4/eCI=
7,2,GMfsxmQmZ4G5LCRfQEJsXzejU14=,vkDA66og6zqxj9NFKW1PuB4/eCI=
8,3,GMfsxmQmZ4G5LCRfQEJsXzejU14=,c3bnE4MefU/YSfnGisGCwxrzgsA=
5,1,GMfsxmQmZ4G5LCRfQEJsXzejU14=,vkDA66og6zqxj9NFKW1PuB4/eCI=
8,1,GMfsxmQmZ4G5LCRfQEJsXzejU14=,c3bnE4MefU/YSfnGisGCwxrzgsA=
5,3,GMfsxmQmZ4G5LCRfQEJsXzejU14=,vkDA66og6zqxj9NFKW1PuB4/eCI=
9,2,GMfsxmQmZ4G5LCRfQEJsXzejU14=,c3bnE4MefU/YSfnGisGCwxrzgsA=
10,2,GMfsxmQmZ4G5LCRfQEJsXzejU14=,c3bnE4MefU/YSfnGisGCwxrzgsA=
9,1,GMfsxmQmZ4G5LCRfQEJsXzejU14=,c3bnE4MefU/YSfnGisGCwxrzgsA=
7,8,GMfsxmQmZ4G5LCRfQEJsXzejU14=,2l0vWHl9g9bnmQULvnkDFYni9ZU=
7,7,GMfsxmQmZ4G5LCRfQEJsXzejU14=,wEenHROic8MUutEh5WkQ2Jtz4Bg=
9,5,GMfsxmQmZ4G5LCRfQEJsXzejU14=,b+rl9I/a2XFq54bHeRYM7T08RKE=
10,6,GMfsxmQmZ4G5LCRfQEJsXzejU14=,b+rl9I/a2XFq54bHeRYM7T08RKE=
9,6,GMfsxmQmZ4G5LCRfQEJsXzejU14=,b+rl9I/a2XFq54bHeRYM7T08RKE=
8,5,GMfsxmQmZ4G5LCRfQEJsXzejU14=,b+rl9I/a2XFq54bHeRYM7T08RKE=
10,8,GMfsxmQmZ4G5LCRfQEJsXzejU14=,4aWrzzsDw5rzbU067bvsKO+Fh1g=
7,6,GMfsxmQmZ4G5LCRfQEJsXzejU14=,wEenHROic8MUutEh5WkQ2Jtz4Bg=
9,11,5rE0pB9XliL+R4llhYShvAf4OVs=,4aWrzzsDw5rzbU067bvsKO+Fh1g=
10,11,5rE0pB9XliL+R4llhYShvAf4OVs=,4aWrzzsDw5rzbU067bvsKO+Fh1g=
5,11,5rE0pB9XliL+R4llhYShvAf4OVs=,2l0vWHl9g9bnmQULvnkDFYni9ZU=
6,11,5rE0pB9XliL+R4llhYShvAf4OVs=,2l0vWHl9g9bnmQULvnkDFYni9ZU=
7,11,5rE0pB9XliL+R4llhYShvAf4OVs=,2l0vWHl9g9bnmQULvnkDFYni9ZU=
8,11,5rE0pB9XliL+R4llhYShvAf4OVs=,4aWrzzsDw5rzbU067bvsKO+Fh1g=
9,0,5rE0pB9XliL+R4llhYShvAf4OVs=,c3bnE4MefU/YSfnGisGCwxrzgsA=
10,0,5rE0pB9XliL+R4llhYShvAf4OVs=,c3bnE4MefU/YSfnGisGCwxrzgsA=
5,0,5rE0pB9XliL+R4llhYShvAf4OVs=,vkDA66og6zqxj9NFKW1PuB4/eCI=
8,0,5rE0pB9XliL+R4llhYShvAf4OVs=,c3bnE4MefU/YSfnGisGCwxrzgsA=
6,0,5rE0pB9XliL+R4llhYShvAf4OVs=,vkDA66og6zqxj9NFKW1PuB4/eCI=
7,0,5rE0pB9XliL+R4llhYShvAf4OVs=,vkDA66og6zqxj9NFKW1PuB4/eCI=
11,5,5rE0pB9XliL+R4llhYShvAf4OVs=,b+rl9I/a2XFq54bHeRYM7T08RKE=
15,6,5rE0pB9XliL+R4llhYShvAf4OVs=,4ZoVR2z8tKC746mhybnAC1VFhqo=
15,5,5rE0pB9XliL+R4llhYShvAf4OVs=,4ZoVR2z8tKC746mhybnAC1VFhqo=
12,6,5rE0pB9XliL+R4llhYShvAf4OVs=,4ZoVR2z8tKC746mhybnAC1VFhqo=
12,5,5rE0pB9XliL+R4llhYShvAf4OVs=,4ZoVR2z8tKC746mhybnAC1VFhqo=
13,6,5rE0pB9XliL+R4llhYShvAf4OVs=,4ZoVR2z8tKC746mhybnAC1VFhqo=
14,6,5rE0pB9XliL+R4llhYShvAf4OVs=,4ZoVR2z8tKC746mhybnAC1VFhqo=
13,5,5rE0pB9XliL+R4llhYShvAf4OVs=,4ZoVR2z8tKC746mhybnAC1VFhqo=
14,5,5rE0pB9XliL+R4llhYShvAf4OVs=,4ZoVR2z8tKC746mhybnAC1VFhqo=
11,6,5rE0pB9XliL+R4llhYShvAf4OVs=,b+rl9I/a2XFq54bHeRYM7T08RKE=
14,11,5rE0pB9XliL+R4llhYShvAf4OVs=,EuDgNF2rO9y5dYx7Co5DstfjvsY=
15,9,5rE0pB9XliL+R4llhYShvAf4OVs=,EuDgNF2rO9y5dYx7Co5DstfjvsY=
13,8,5rE0pB9XliL+R4llhYShvAf4OVs=,EuDgNF2rO9y5dYx7Co5DstfjvsY=
12,10,5rE0pB9XliL+R4llhYShvAf4OVs=,EuDgNF2rO9y5dYx7Co5DstfjvsY=
13,10,5rE0pB9XliL+R4llhYShvAf4OVs=,EuDgNF2rO9y5dYx7Co5DstfjvsY=
11,8,5rE0pB9XliL+R4llhYShvAf4OVs=,4aWrzzsDw5rzbU067bvsKO+Fh1g=
14,9,5rE0pB9XliL+R4llhYShvAf4OVs=,EuDgNF2rO9y5dYx7Co5DstfjvsY=
14,10,5rE0pB9XliL+R4llhYShvAf4OVs=,EuDgNF2rO9y5dYx7Co5DstfjvsY=
11,7,5rE0pB9XliL+R4llhYShvAf4OVs=,b+rl9I/a2XFq54bHeRYM7T08RKE=
11,9,5rE0pB9XliL+R4llhYShvAf4OVs=,4aWrzzsDw5rzbU067bvsKO+Fh1g=
0,7,5rE0pB9XliL+R4llhYShvAf4OVs=,pNOj/g+Jxf9R5TjOF7FG2wWixdI=
12,7,5rE0pB9XliL+R4llhYShvAf4OVs=,4ZoVR2z8tKC746mhybnAC1VFhqo=
13,7,5rE0pB9XliL+R4llhYShvAf4OVs=,4ZoVR2z8tKC746mhybnAC1VFhqo=
15,10,5rE0pB9XliL+R4llhYShvAf4OVs=,EuDgNF2rO9y5dYx7Co5DstfjvsY=
14,8,5rE0pB9XliL+R4llhYShvAf4OVs=,EuDgNF2rO9y5dYx7Co5DstfjvsY=
14,7,5rE0pB9XliL+R4llhYShvAf4OVs=,4ZoVR2z8tKC746mhybnAC1VFhqo=
11,11,5rE0pB9XliL+R4llhYShvAf4OVs=,4aWrzzsDw5rzbU067bvsKO+Fh1g=
15,7,5rE0pB9XliL+R4llhYShvAf4OVs=,4ZoVR2z8tKC746mhybnAC1VFhqo=
15,8,5rE0pB9XliL+R4llhYShvAf4OVs=,EuDgNF2rO9y5dYx7Co5DstfjvsY=
12,11,5rE0pB9XliL+R4llhYShvAf4OVs=,EuDgNF2rO9y5dYx7Co5DstfjvsY=
13,11,5rE0pB9XliL+R4llhYShvAf4OVs=,EuDgNF2rO9y5dYx7Co5DstfjvsY=
12,9,5rE0pB9XliL+R4llhYShvAf4OVs=,EuDgNF2rO9y5dYx7Co5DstfjvsY=
0,8,5rE0pB9XliL+R4llhYShvAf4OVs=,S/O6D9VVirPisEEZQhLVKEKBfzE=
13,9,5rE0pB9XliL+R4llhYShvAf4OVs=,EuDgNF2rO9y5dYx7Co5DstfjvsY=
11,10,5rE0pB9XliL+R4llhYShvAf4OVs=,4aWrzzsDw5rzbU067bvsKO+Fh1g=
12,8,5rE0pB9XliL+R4llhYShvAf4OVs=,EuDgNF2rO9y5dYx7Co5DstfjvsY=
0,6,5rE0pB9XliL+R4llhYShvAf4OVs=,pNOj/g+Jxf9R5TjOF7FG2wWixdI=
0,5,5rE0pB9XliL+R4llhYShvAf4OVs=,pNOj/g+Jxf9R5TjOF7FG2wWixdI=
11,1,5rE0pB9XliL+R4llhYShvAf4OVs=,c3bnE4MefU/YSfnGisGCwxrzgsA=
12,4,5rE0pB9XliL+R4llhYShvAf4OVs=,4ZoVR2z8tKC746mhybnAC1VFhqo=
12,2,5rE0pB9XliL+R4llhYShvAf4OVs=,2fbnzTCz+ns/2/+cMHF8wGF4L30=
12,0,5rE0pB9XliL+R4llhYShvAf4OVs=,2fbnzTCz+ns/2/+cMHF8wGF4L30=
15,3,5rE0pB9XliL+R4llhYShvAf4OVs=,2fbnzTCz+ns/2/+cMHF8wGF4L30=
12,3,5rE0pB9XliL+R4llhYShvAf4OVs=,2fbnzTCz+ns/2/+cMHF8wGF4L30=
13,2,5rE0pB9XliL+R4llhYShvAf4OVs=,2fbnzTCz+ns/2/+cMHF8wGF4L30=
12,1,5rE0pB9XliL+R4llhYShvAf4OVs=,2fbnzTCz+ns/2/+cMHF8wGF4L30=
14,2,5rE0pB9XliL+R4llhYShvAf4OVs=,2fbnzTCz+ns/2/+cMHF8wGF4L30=
13,4,5rE0pB9XliL+R4llhYShvAf4OVs=,4ZoVR2z8tKC746mhybnAC1VFhqo=
15,11,5rE0pB9XliL+R4llhYShvAf4OVs=,EuDgNF2rO9y5dYx7Co5DstfjvsY=
13,1,5rE0pB9XliL+R4llhYShvAf4OVs=,2fbnzTCz+ns/2/+cMHF8wGF4L30=
14,1,5rE0pB9XliL+R4llhYShvAf4OVs=,2fbnzTCz+ns/2/+cMHF8wGF4L30=
13,3,5rE0pB9XliL+R4llhYShvAf4OVs=,2fbnzTCz+ns/2/+cMHF8wGF4L30=
14,3,5rE0pB9XliL+R4llhYShvAf4OVs=,2fbnzTCz+ns/2/+cMHF8wGF4L30=
15,1,5rE0pB9XliL+R4llhYShvAf4OVs=,2fbnzTCz+ns/2/+cMHF8wGF4L30=
11,4,5rE0pB9XliL+R4llhYShvAf4OVs=,b+rl9I/a2XFq54bHeRYM7T08RKE=
11,3,5rE0pB9XliL+R4llhYShvAf4OVs=,c3bnE4MefU/YSfnGisGCwxrzgsA=
11,0,5rE0pB9XliL+R4llhYShvAf4OVs=,c3bnE4MefU/YSfnGisGCwxrzgsA=
13,0,5rE0pB9XliL+R4llhYShvAf4OVs=,2fbnzTCz+ns/2/+cMHF8wGF4L30=
15,2,5rE0pB9XliL+R4llhYShvAf4OVs=,2fbnzTCz+ns/2/+cMHF8wGF4L30=
14,0,5rE0pB9XliL+R4llhYShvAf4OVs=,2fbnzTCz+ns/2/+cMHF8wGF4L30=
11,2,5rE0pB9XliL+R4llhYShvAf4OVs=,c3bnE4MefU/YSfnGisGCwxrzgsA=
14,4,5rE0pB9XliL+R4llhYShvAf4OVs=,4ZoVR2z8tKC746mhybnAC1VFhqo=
15,4,5rE0pB9XliL+R4llhYShvAf4OVs=,4ZoVR2z8tKC746mhybnAC1VFhqo=
15,0,5rE0pB9XliL+R4llhYShvAf4OVs=,2fbnzTCz+ns/2/+cMHF8wGF4L30=
0,0,5rE0pB9XliL+R4llhYShvAf4OVs=,QnEuhRWpDfsKPeIyXSh2aOpWipY=
0,4,5rE0pB9XliL+R4llhYShvAf4OVs=,pNOj/g+Jxf9R5TjOF7FG2wWixdI=
4,0,5rE0pB9XliL+R4llhYShvAf4OVs=,vkDA66og6zqxj9NFKW1PuB4/eCI=
1,0,5rE0pB9XliL+R4llhYShvAf4OVs=,QnEuhRWpDfsKPeIyXSh2aOpWipY=
1,4,5rE0pB9XliL+R4llhYShvAf4OVs=,pNOj/g+Jxf9R5TjOF7FG2wWixdI=
2,2,5rE0pB9XliL+R4llhYShvAf4OVs=,QnEuhRWpDfsKPeIyXSh2aOpWipY=
3,2,5rE0pB9XliL+R4llhYShvAf4OVs=,QnEuhRWpDfsKPeIyXSh2aOpWipY=
2,0,5rE0pB9XliL+R4llhYShvAf4OVs=,QnEuhRWpDfsKPeIyXSh2aOpWipY=
2,4,5rE0pB9XliL+R4llhYShvAf4OVs=,pNOj/g+Jxf9R5TjOF7FG2wWixdI=
3,4,5rE0pB9XliL+R4llhYShvAf4OVs=,pNOj/g+Jxf9R5TjOF7FG2wWixdI=
1,2,5rE0pB9XliL+R4llhYShvAf4OVs=,QnEuhRWpDfsKPeIyXSh2aOpWipY=
4,1,5rE0pB9XliL+R4llhYShvAf4OVs=,vkDA66og6zqxj9NFKW1PuB4/eCI=
4,3,5rE0pB9XliL+R4llhYShvAf4OVs=,vkDA66og6zqxj9NFKW1PuB4/eCI=
0,2,5rE0pB9XliL+R4llhYShvAf4OVs=,QnEuhRWpDfsKPeIyXSh2aOpWipY=
3,1,5rE0pB9XliL+R4llhYShvAf4OVs=,QnEuhRWpDfsKPeIyXSh2aOpWipY=
3,3,5rE0pB9XliL+R4llhYShvAf4OVs=,QnEuhRWpDfsKPeIyXSh2aOpWipY=
2,3,5rE0pB9XliL+R4llhYShvAf4OVs=,QnEuhRWpDfsKPeIyXSh2aOpWipY=
1,3,5rE0pB9XliL+R4llhYShvAf4OVs=,QnEuhRWpDfsKPeIyXSh2aOpWipY=
1,1,5rE0pB9XliL+R4llhYShvAf4OVs=,QnEuhRWpDfsKPeIyXSh2aOpWipY=
2,1,5rE0pB9XliL+R4llhYShvAf4OVs=,QnEuhRWpDfsKPeIyXSh2aOpWipY=
0,1,5rE0pB9XliL+R4llhYShvAf4OVs=,QnEuhRWpDfsKPeIyXSh2aOpWipY=
4,4,5rE0pB9XliL+R4llhYShvAf4OVs=,wEenHROic8MUutEh5WkQ2Jtz4Bg=
4,2,5rE0pB9XliL+R4llhYShvAf4OVs=,vkDA66og6zqxj9NFKW1PuB4/eCI=
3,0,5rE0pB9XliL+R4llhYShvAf4OVs=,QnEuhRWpDfsKPeIyXSh2aOpWipY=
0,3,5rE0pB9XliL+R4llhYShvAf4OVs=,QnEuhRWpDfsKPeIyXSh2aOpWipY=
0,11,5rE0pB9XliL+R4llhYShvAf4OVs=,S/O6D9VVirPisEEZQhLVKEKBfzE=
2,11,5rE0pB9XliL+R4llhYShvAf4OVs=,S/O6D9VVirPisEEZQhLVKEKBfzE=
2,13,5rE0pB9XliL+R4llhYShvAf4OVs=,EZiMD273t2FcOKvRgYWdn0xe+X4=
2,12,5rE0pB9XliL+R4llhYShvAf4OVs=,EZiMD273t2FcOKvRgYWdn0xe+X4=
1,14,5rE0pB9XliL+R4llhYShvAf4OVs=,EZiMD273t2FcOKvRgYWdn0xe+X4=
3,14,5rE0pB9XliL+R4llhYShvAf4OVs=,EZiMD273t2FcOKvRgYWdn0xe+X4=
3,13,5rE0pB9XliL+R4llhYShvAf4OVs=,EZiMD273t2FcOKvRgYWdn0xe+X4=
0,12,5rE0pB9XliL+R4llhYShvAf4OVs=,EZiMD273t2FcOKvRgYWdn0xe+X4=
2,14,5rE0pB9XliL+R4llhYShvAf4OVs=,EZiMD273t2FcOKvRgYWdn0xe+X4=
3,15,5rE0pB9XliL+R4llhYShvAf4OVs=,EZiMD273t2FcOKvRgYWdn0xe+X4=
2,15,5rE0pB9XliL+R4llhYShvAf4OVs=,EZiMD273t2FcOKvRgYWdn0xe+X4=
3,11,5rE0pB9XliL+R4llhYShvAf4OVs=,S/O6D9VVirPisEEZQhLVKEKBfzE=
0,15,5rE0pB9XliL+R4llhYShvAf4OVs=,EZiMD273t2FcOKvRgYWdn0xe+X4=
0,13,5rE0pB9XliL+R4llhYShvAf4OVs=,EZiMD273t2FcOKvRgYWdn0xe+X4=
1,11,5rE0pB9XliL+R4llhYShvAf4OVs=,S/O6D9VVirPisEEZQhLVKEKBfzE=
4,11,5rE0pB9XliL+R4llhYShvAf4OVs=,2l0vWHl9g9bnmQULvnkDFYni9ZU=
3,12,5rE0pB9XliL+R4llhYShvAf4OVs=,EZiMD273t2FcOKvRgYWdn0xe+X4=
0,14,5rE0pB9XliL+R4llhYShvAf4OVs=,EZiMD273t2FcOKvRgYWdn0xe+X4=
1,12,5rE0pB9XliL+R4llhYShvAf4OVs=,EZiMD273t2FcOKvRgYWdn0xe+X4=
1,13,5rE0pB9XliL+R4llhYShvAf4OVs=,EZiMD273t2FcOKvRgYWdn0xe+X4=
1,15,5rE0pB9XliL+R4llhYShvAf4OVs=,EZiMD273t2FcOKvRgYWdn0xe+X4=
5,21,5rE0pB9XliL+R4llhYShvAf4OVs=,GaeOhVhY9dGoKGTBjUgFr15x7dA=
6,21,5rE0pB9XliL+R4llhYShvAf4OVs=,GaeOhVhY9dGoKGTBjUgFr15x7dA=
7,21,5rE0pB9XliL+R4llhYShvAf4OVs=,GaeOhVhY9dGoKGTBjUgFr15x7dA=
5,22,5rE0pB9XliL+R4llhYShvAf4OVs=,GaeOhVhY9dGoKGTBjUgFr15x7dA=
5,20,5rE0pB9XliL+R4llhYShvAf4OVs=,GaeOhVhY9dGoKGTBjUgFr15x7dA=
6,22,5rE0pB9XliL+R4llhYShvAf4OVs=,GaeOhVhY9dGoKGTBjUgFr15x7dA=
6,20,5rE0pB9XliL+R4llhYShvAf4OVs=,GaeOhVhY9dGoKGTBjUgFr15x7dA=
7,22,5rE0pB9XliL+R4llhYShvAf4OVs=,GaeOhVhY9dGoKGTBjUgFr15x7dA=
5,23,5rE0pB9XliL+R4llhYShvAf4OVs=,GaeOhVhY9dGoKGTBjUgFr15x7dA=
6,23,5rE0pB9XliL+R4llhYShvAf4OVs=,GaeOhVhY9dGoKGTBjUgFr15x7dA=
7,23,5rE0pB9XliL+R4llhYShvAf4OVs=,GaeOhVhY9dGoKGTBjUgFr15x7dA=
7,20,5rE0pB9XliL+R4llhYShvAf4OVs=,GaeOhVhY9dGoKGTBjUgFr15x7dA=
2,21,5rE0pB9XliL+R4llhYShvAf4OVs=,fjyXxiffCJmIympP+okzkvAAI78=
2,23,5rE0pB9XliL+R4llhYShvAf4OVs=,fjyXxiffCJmIympP+okzkvAAI78=
1,21,5rE0pB9XliL+R4llhYShvAf4OVs=,fjyXxiffCJmIympP+okzkvAAI78=
3,23,5rE0pB9XliL+R4llhYShvAf4OVs=,fjyXxiffCJmIympP+okzkvAAI78=
0,21,5rE0pB9XliL+R4llhYShvAf4OVs=,fjyXxiffCJmIympP+okzkvAAI78=
1,23,5rE0pB9XliL+R4llhYShvAf4OVs=,fjyXxiffCJmIympP+okzkvAAI78=
4,23,5rE0pB9XliL+R4llhYShvAf4OVs=,GaeOhVhY9dGoKGTBjUgFr15x7dA=
0,23,5rE0pB9XliL+R4llhYShvAf4OVs=,fjyXxiffCJmIympP+okzkvAAI78=
3,21,5rE0pB9XliL+R4llhYShvAf4OVs=,fjyXxiffCJmIympP+okzkvAAI78=
3,22,5rE0pB9XliL+R4llhYShvAf4OVs=,fjyXxiffCJmIympP+okzkvAAI78=
1,22,5rE0pB9XliL+R4llhYShvAf4OVs=,fjyXxiffCJmIympP+okzkvAAI78=
4,21,5rE0pB9XliL+R4llhYShvAf4OVs=,GaeOhVhY9dGoKGTBjUgFr15x7dA=
4,22,5rE0pB9XliL+R4llhYShvAf4OVs=,GaeOhVhY9dGoKGTBjUgFr15x7dA=
0,22,5rE0pB9XliL+R4llhYShvAf4OVs=,fjyXxiffCJmIympP+okzkvAAI78=
2,22,5rE0pB9XliL+R4llhYShvAf4OVs=,fjyXxiffCJmIympP+okzkvAAI78=
3,20,5rE0pB9XliL+R4llhYShvAf4OVs=,fjyXxiffCJmIympP+okzkvAAI78=
2,20,5rE0pB9XliL+R4llhYShvAf4OVs=,fjyXxiffCJmIympP+okzkvAAI78=
1,17,5rE0pB9XliL+R4llhYShvAf4OVs=,C+4L6oHwdPT+YdyvD0P/MPVRPsA=
1,20,5rE0pB9XliL+R4llhYShvAf4OVs=,fjyXxiffCJmIympP+okzkvAAI78=
3,19,5rE0pB9XliL+R4llhYShvAf4OVs=,C+4L6oHwdPT+YdyvD0P/MPVRPsA=
0,20,5rE0pB9XliL+R4llhYShvAf4OVs=,fjyXxiffCJmIympP+okzkvAAI78=
2,17,5rE0pB9XliL+R4llhYShvAf4OVs=,C+4L6oHwdPT+YdyvD0P/MPVRPsA=
2,16,5rE0pB9XliL+R4llhYShvAf4OVs=,C+4L6oHwdPT+YdyvD0P/MPVRPsA=
4,20,5rE0pB9XliL+R4llhYShvAf4OVs=,GaeOhVhY9dGoKGTBjUgFr15x7dA=
2,19,5rE0pB9XliL+R4llhYShvAf4OVs=,C+4L6oHwdPT+YdyvD0P/MPVRPsA=
1,19,5rE0pB9XliL+R4llhYShvAf4OVs=,C+4L6oHwdPT+YdyvD0P/MPVRPsA=
3,17,5rE0pB9XliL+R4llhYShvAf4OVs=,C+4L6oHwdPT+YdyvD0P/MPVRPsA=
0,17,5rE0pB9XliL+R4llhYShvAf4OVs=,C+4L6oHwdPT+YdyvD0P/MPVRPsA=
0,16,5rE0pB9XliL+R4llhYShvAf4OVs=,C+4L6oHwdPT+YdyvD0P/MPVRPsA=
1,16,5rE0pB9XliL+R4llhYShvAf4OVs=,C+4L6oHwdPT+YdyvD0P/MPVRPsA=
3,18,5rE0pB9XliL+R4llhYShvAf4OVs=,C+4L6oHwdPT+YdyvD0P/MPVRPsA=
2,18,5rE0pB9XliL+R4llhYShvAf4OVs=,C+4L6oHwdPT+YdyvD0P/MPVRPsA=
3,16,5rE0pB9XliL+R4llhYShvAf4OVs=,C+4L6oHwdPT+YdyvD0P/MPVRPsA=
0,19,5rE0pB9XliL+R4llhYShvAf4OVs=,C+4L6oHwdPT+YdyvD0P/MPVRPsA=
0,18,5rE0pB9XliL+R4llhYShvAf4OVs=,C+4L6oHwdPT+YdyvD0P/MPVRPsA=
1,18,5rE0pB9XliL+R4llhYShvAf4OVs=,C+4L6oHwdPT+YdyvD0P/MPVRPsA=
22,18,5hkJIeHbLWXJwpmJMqLTU91RKbU=,J3Leu21cjvoq7YZR5gZszHyK5Uk=
21,17,5hkJIeHbLWXJwpmJMqLTU91RKbU=,J3Leu21cjvoq7YZR5gZszHyK5Uk=
21,18,5hkJIeHbLWXJwpmJMqLTU91RKbU=,J3Leu21cjvoq7YZR5gZszHyK5Uk=
22,17,5hkJIeHbLWXJwpmJMqLTU91RKbU=,J3Leu21cjvoq7YZR5gZszHyK5Uk=
21,25,5hkJIeHbLWXJwpmJMqLTU91RKbU=,132gwuPeG5iuZyo8Vj1/arqAox8=
22,25,5hkJIeHbLWXJwpmJMqLTU91RKbU=,132gwuPeG5iuZyo8Vj1/arqAox8=
21,26,5hkJIeHbLWXJwpmJMqLTU91RKbU=,132gwuPeG5iuZyo8Vj1/arqAox8=
22,26,5hkJIeHbLWXJwpmJMqLTU91RKbU=,132gwuPeG5iuZyo8Vj1/arqAox8=
20,25,5hkJIeHbLWXJwpmJMqLTU91RKbU=,132gwuPeG5iuZyo8Vj1/arqAox8=
17,25,5hkJIeHbLWXJwpmJMqLTU91RKbU=,cAQEbx6BQkmEdX7wbcjqiQ0H+PU=
20,26,5hkJIeHbLWXJwpmJMqLTU91RKbU=,132gwuPeG5iuZyo8Vj1/arqAox8=
18,25,5hkJIeHbLWXJwpmJMqLTU91RKbU=,cAQEbx6BQkmEdX7wbcjqiQ0H+PU=
19,25,5hkJIeHbLWXJwpmJMqLTU91RKbU=,cAQEbx6BQkmEdX7wbcjqiQ0H+PU=
17,26,5hkJIeHbLWXJwpmJMqLTU91RKbU=,cAQEbx6BQkmEdX7wbcjqiQ0H+PU=
18,26,5hkJIeHbLWXJwpmJMqLTU91RKbU=,cAQEbx6BQkmEdX7wbcjqiQ0H+PU=
19,26,5hkJIeHbLWXJwpmJMqLTU91RKbU=,cAQEbx6BQkmEdX7wbcjqiQ0H+PU=
17,22,5hkJIeHbLWXJwpmJMqLTU91RKbU=,MEIQVwRabL6DcqUcaulclzYTNQk=
18,22,5hkJIeHbLWXJwpmJMqLTU91RKbU=,MEIQVwRabL6DcqUcaulclzYTNQk=
17,24,vtuEtYQzUUbxZwS/nxrCTCfKDu4=,cAQEbx6BQkmEdX7wbcjqiQ0H+PU=
17,21,vtuEtYQzUUbxZwS/nxrCTCfKDu4=,MEIQVwRabL6DcqUcaulclzYTNQk=
18,21,vtuEtYQzUUbxZwS/nxrCTCfKDu4=,MEIQVwRabL6DcqUcaulclzYTNQk=
18,24,vtuEtYQzUUbxZwS/nxrCTCfKDu4=,cAQEbx6BQkmEdX7wbcjqiQ0H+PU=
17,23,vtuEtYQzUUbxZwS/nxrCTCfKDu4=,MEIQVwRabL6DcqUcaulclzYTNQk=
18,23,vtuEtYQzUUbxZwS/nxrCTCfKDu4=,MEIQVwRabL6DcqUcaulclzYTNQk=
24,25,vtuEtYQzUUbxZwS/nxrCTCfKDu4=,af/dvAUkptLERhcOv72QH4J6VEE=
25,25,vtuEtYQzUUbxZwS/nxrCTCfKDu4=,af/dvAUkptLERhcOv72QH4J6VEE=
23,25,vtuEtYQzUUbxZwS/nxrCTCfKDu4=,132gwuPeG5iuZyo8Vj1/arqAox8=
26,25,vtuEtYQzUUbxZwS/nxrCTCfKDu4=,af/dvAUkptLERhcOv72QH4J6VEE=
24,26,vtuEtYQzUUbxZwS/nxrCTCfKDu4=,af/dvAUkptLERhcOv72QH4J6VEE=
25,26,vtuEtYQzUUbxZwS/nxrCTCfKDu4=,af/dvAUkptLERhcOv72QH4J6VEE=
26,26,vtuEtYQzUUbxZwS/nxrCTCfKDu4=,af/dvAUkptLERhcOv72QH4J6VEE=
23,26,vtuEtYQzUUbxZwS/nxrCTCfKDu4=,132gwuPeG5iuZyo8Vj1/arqAox8=
17,18,vtuEtYQzUUbxZwS/nxrCTCfKDu4=,nPkxZHttvqD0UKQulxeZ8x05BvM=
18,18,vtuEtYQzUUbxZwS/nxrCTCfKDu4=,nPkxZHttvqD0UKQulxeZ8x05BvM=
17,19,vtuEtYQzUUbxZwS/nxrCTCfKDu4=,nPkxZHttvqD0UKQulxeZ8x05BvM=
17,17,vtuEtYQzUUbxZwS/nxrCTCfKDu4=,nPkxZHttvqD0UKQulxeZ8x05BvM=
18,17,vtuEtYQzUUbxZwS/nxrCTCfKDu4=,nPkxZHttvqD0UKQulxeZ8x05BvM=
19,18,vtuEtYQzUUbxZwS/nxrCTCfKDu4=,nPkxZHttvqD0UKQulxeZ8x05BvM=
19,17,vtuEtYQzUUbxZwS/nxrCTCfKDu4=,nPkxZHttvqD0UKQulxeZ8x05BvM=
20,18,vtuEtYQzUUbxZwS/nxrCTCfKDu4=,J3Leu21cjvoq7YZR5gZszHyK5Uk=
20,17,vtuEtYQzUUbxZwS/nxrCTCfKDu4=,J3Leu21cjvoq7YZR5gZszHyK5Uk=
17,20,vtuEtYQzUUbxZwS/nxrCTCfKDu4=,MEIQVwRabL6DcqUcaulclzYTNQk=
18,20,vtuEtYQzUUbxZwS/nxrCTCfKDu4=,MEIQVwRabL6DcqUcaulclzYTNQk=
18,19,vtuEtYQzUUbxZwS/nxrCTCfKDu4=,nPkxZHttvqD0UKQulxeZ8x05BvM=
28,25,vtuEtYQzUUbxZwS/nxrCTCfKDu4=,BkeNsCnQTf0G62C/549d3wldYJ8=
29,25,vtuEtYQzUUbxZwS/nxrCTCfKDu4=,BkeNsCnQTf0G62C/549d3wldYJ8=
30,25,vtuEtYQzUUbxZwS/nxrCTCfKDu4=,BkeNsCnQTf0G62C/549d3wldYJ8=
31,25,vtuEtYQzUUbxZwS/nxrCTCfKDu4=,BkeNsCnQTf0G62C/549d3wldYJ8=
27,25,vtuEtYQzUUbxZwS/nxrCTCfKDu4=,af/dvAUkptLERhcOv72QH4J6VEE=
28,26,vtuEtYQzUUbxZwS/nxrCTCfKDu4=,BkeNsCnQTf0G62C/549d3wldYJ8=
27,26,vtuEtYQzUUbxZwS/nxrCTCfKDu4=,af/dvAUkptLERhcOv72QH4J6VEE=
29,26,vtuEtYQzUUbxZwS/nxrCTCfKDu4=,BkeNsCnQTf0G62C/549d3wldYJ8=
30,26,vtuEtYQzUUbxZwS/nxrCTCfKDu4=,BkeNsCnQTf0G62C/549d3wldYJ8=
31,26,vtuEtYQzUUbxZwS/nxrCTCfKDu4=,BkeNsCnQTf0G62C/549d3wldYJ8=
23,18,vtuEtYQzUUbxZwS/nxrCTCfKDu4=,J3Leu21cjvoq7YZR5gZszHyK5Uk=
23,17,vtuEtYQzUUbxZwS/nxrCTCfKDu4=,J3Leu21cjvoq7YZR5gZszHyK5Uk=
17,27,vtuEtYQzUUbxZwS/nxrCTCfKDu4=,cAQEbx6BQkmEdX7wbcjqiQ0H+PU=
18,27,vtuEtYQzUUbxZwS/nxrCTCfKDu4=,cAQEbx6BQkmEdX7wbcjqiQ0H+PU=
22,27,vtuEtYQzUUbxZwS/nxrCTCfKDu4=,132gwuPeG5iuZyo8Vj1/arqAox8=
20,27,vtuEtYQzUUbxZwS/nxrCTCfKDu4=,132gwuPeG5iuZyo8Vj1/arqAox8=
19,27,vtuEtYQzUUbxZwS/nxrCTCfKDu4=,cAQEbx6BQkmEdX7wbcjqiQ0H+PU=
21,27,vtuEtYQzUUbxZwS/nxrCTCfKDu4=,132gwuPeG5iuZyo8Vj1/arqAox8=
23,27,vtuEtYQzUUbxZwS/nxrCTCfKDu4=,132gwuPeG5iuZyo8Vj1/arqAox8=
26,27,vtuEtYQzUUbxZwS/nxrCTCfKDu4=,af/dvAUkptLERhcOv72QH4J6VEE=
24,27,vtuEtYQzUUbxZwS/nxrCTCfKDu4=,af/dvAUkptLERhcOv72QH4J6VEE=
25,27,vtuEtYQzUUbxZwS/nxrCTCfKDu4=,af/dvAUkptLERhcOv72QH4J6VEE=
16,25,vtuEtYQzUUbxZwS/nxrCTCfKDu4=,cAQEbx6BQkmEdX7wbcjqiQ0H+PU=
16,26,vtuEtYQzUUbxZwS/nxrCTCfKDu4=,cAQEbx6BQkmEdX7wbcjqiQ0H+PU=
16,24,vtuEtYQzUUbxZwS/nxrCTCfKDu4=,cAQEbx6BQkmEdX7wbcjqiQ0H+PU=
16,22,vtuEtYQzUUbxZwS/nxrCTCfKDu4=,MEIQVwRabL6DcqUcaulclzYTNQk=
16,21,vtuEtYQzUUbxZwS/nxrCTCfKDu4=,MEIQVwRabL6DcqUcaulclzYTNQk=
16,23,vtuEtYQzUUbxZwS/nxrCTCfKDu4=,MEIQVwRabL6DcqUcaulclzYTNQk=
16,27,vtuEtYQzUUbxZwS/nxrCTCfKDu4=,cAQEbx6BQkmEdX7wbcjqiQ0H+PU=
16,17,vtuEtYQzUUbxZwS/nxrCTCfKDu4=,nPkxZHttvqD0UKQulxeZ8x05BvM=
16,19,vtuEtYQzUUbxZwS/nxrCTCfKDu4=,nPkxZHttvqD0UKQulxeZ8x05BvM=
16,18,vtuEtYQzUUbxZwS/nxrCTCfKDu4=,nPkxZHttvqD0UKQulxeZ8x05BvM=
16,20,vtuEtYQzUUbxZwS/nxrCTCfKDu4=,MEIQVwRabL6DcqUcaulclzYTNQk=
18,16,vtuEtYQzUUbxZwS/nxrCTCfKDu4=,nPkxZHttvqD0UKQulxeZ8x05BvM=
17,16,vtuEtYQzUUbxZwS/nxrCTCfKDu4=,nPkxZHttvqD0UKQulxeZ8x05BvM=
19,23,vtuEtYQzUUbxZwS/nxrCTCfKDu4=,MEIQVwRabL6DcqUcaulclzYTNQk=
19,21,vtuEtYQzUUbxZwS/nxrCTCfKDu4=,MEIQVwRabL6DcqUcaulclzYTNQk=
19,20,vtuEtYQzUUbxZwS/nxrCTCfKDu4=,MEIQVwRabL6DcqUcaulclzYTNQk=
19,24,vtuEtYQzUUbxZwS/nxrCTCfKDu4=,cAQEbx6BQkmEdX7wbcjqiQ0H+PU=
19,16,vtuEtYQzUUbxZwS/nxrCTCfKDu4=,nPkxZHttvqD0UKQulxeZ8x05BvM=
20,16,vtuEtYQzUUbxZwS/nxrCTCfKDu4=,J3Leu21cjvoq7YZR5gZszHyK5Uk=
21,16,vtuEtYQzUUbxZwS/nxrCTCfKDu4=,J3Leu21cjvoq7YZR5gZszHyK5Uk=
22,16,vtuEtYQzUUbxZwS/nxrCTCfKDu4=,J3Leu21cjvoq7YZR5gZszHyK5Uk=
23,16,vtuEtYQzUUbxZwS/nxrCTCfKDu4=,J3Leu21cjvoq7YZR5gZszHyK5Uk=
28,27,vtuEtYQzUUbxZwS/nxrCTCfKDu4=,BkeNsCnQTf0G62C/549d3wldYJ8=
27,27,vtuEtYQzUUbxZwS/nxrCTCfKDu4=,af/dvAUkptLERhcOv72QH4J6VEE=
29,27,vtuEtYQzUUbxZwS/nxrCTCfKDu4=,BkeNsCnQTf0G62C/549d3wldYJ8=
30,27,vtuEtYQzUUbxZwS/nxrCTCfKDu4=,BkeNsCnQTf0G62C/549d3wldYJ8=
31,27,vtuEtYQzUUbxZwS/nxrCTCfKDu4=,BkeNsCnQTf0G62C/549d3wldYJ8=
16,16,vtuEtYQzUUbxZwS/nxrCTCfKDu4=,nPkxZHttvqD0UKQulxeZ8x05BvM=
19,19,vtuEtYQzUUbxZwS/nxrCTCfKDu4=,nPkxZHttvqD0UKQulxeZ8x05BvM=
20,19,vtuEtYQzUUbxZwS/nxrCTCfKDu4=,J3Leu21cjvoq7YZR5gZszHyK5Uk=
21,19,vtuEtYQzUUbxZwS/nxrCTCfKDu4=,J3Leu21cjvoq7YZR5gZszHyK5Uk=
22,19,vtuEtYQzUUbxZwS/nxrCTCfKDu4=,J3Leu21cjvoq7YZR5gZszHyK5Uk=
19,22,vtuEtYQzUUbxZwS/nxrCTCfKDu4=,MEIQVwRabL6DcqUcaulclzYTNQk=
20,24,vtuEtYQzUUbxZwS/nxrCTCfKDu4=,132gwuPeG5iuZyo8Vj1/arqAox8=
20,21,vtuEtYQzUUbxZwS/nxrCTCfKDu4=,cuVYm2QNhlHpFqpA9Lvylmz2IjI=
21,21,vtuEtYQzUUbxZwS/nxrCTCfKDu4=,cuVYm2QNhlHpFqpA9Lvylmz2IjI=
21,24,vtuEtYQzUUbxZwS/nxrCTCfKDu4=,132gwuPeG5iuZyo8Vj1/arqAox8=
22,21,vtuEtYQzUUbxZwS/nxrCTCfKDu4=,cuVYm2QNhlHpFqpA9Lvylmz2IjI=
22,24,vtuEtYQzUUbxZwS/nxrCTCfKDu4=,132gwuPeG5iuZyo8Vj1/arqAox8=
20,22,vtuEtYQzUUbxZwS/nxrCTCfKDu4=,cuVYm2QNhlHpFqpA9Lvylmz2IjI=
21,22,vtuEtYQzUUbxZwS/nxrCTCfKDu4=,cuVYm2QNhlHpFqpA9Lvylmz2IjI=
22,22,vtuEtYQzUUbxZwS/nxrCTCfKDu4=,cuVYm2QNhlHpFqpA9Lvylmz2IjI=
20,23,vtuEtYQzUUbxZwS/nxrCTCfKDu4=,cuVYm2QNhlHpFqpA9Lvylmz2IjI=
21,23,vtuEtYQzUUbxZwS/nxrCTCfKDu4=,cuVYm2QNhlHpFqpA9Lvylmz2IjI=
22,23,vtuEtYQzUUbxZwS/nxrCTCfKDu4=,cuVYm2QNhlHpFqpA9Lvylmz2IjI=
20,20,vtuEtYQzUUbxZwS/nxrCTCfKDu4=,cuVYm2QNhlHpFqpA9Lvylmz2IjI=
21,20,vtuEtYQzUUbxZwS/nxrCTCfKDu4=,cuVYm2QNhlHpFqpA9Lvylmz2IjI=
22,20,vtuEtYQzUUbxZwS/nxrCTCfKDu4=,cuVYm2QNhlHpFqpA9Lvylmz2IjI=
29,24,vtuEtYQzUUbxZwS/nxrCTCfKDu4=,BkeNsCnQTf0G62C/549d3wldYJ8=
29,23,vtuEtYQzUUbxZwS/nxrCTCfKDu4=,W8/2iTv5AGKDdXH6fw/Ulku7jlY=
31,22,vtuEtYQzUUbxZwS/nxrCTCfKDu4=,W8/2iTv5AGKDdXH6fw/Ulku7jlY=
28,23,vtuEtYQzUUbxZwS/nxrCTCfKDu4=,W8/2iTv5AGKDdXH6fw/Ulku7jlY=
23,20,vtuEtYQzUUbxZwS/nxrCTCfKDu4=,cuVYm2QNhlHpFqpA9Lvylmz2IjI=
24,20,vtuEtYQzUUbxZwS/nxrCTCfKDu4=,R5DRkIPIoU+onNJrmojj0NLx7Jo=
25,20,vtuEtYQzUUbxZwS/nxrCTCfKDu4=,R5DRkIPIoU+onNJrmojj0NLx7Jo=
26,20,vtuEtYQzUUbxZwS/nxrCTCfKDu4=,R5DRkIPIoU+onNJrmojj0NLx7Jo=
27,20,vtuEtYQzUUbxZwS/nxrCTCfKDu4=,R5DRkIPIoU+onNJrmojj0NLx7Jo=
30,22,vtuEtYQzUUbxZwS/nxrCTCfKDu4=,W8/2iTv5AGKDdXH6fw/Ulku7jlY=
24,24,vtuEtYQzUUbxZwS/nxrCTCfKDu4=,af/dvAUkptLERhcOv72QH4J6VEE=
25,24,vtuEtYQzUUbxZwS/nxrCTCfKDu4=,af/dvAUkptLERhcOv72QH4J6VEE=
24,21,vtuEtYQzUUbxZwS/nxrCTCfKDu4=,R5DRkIPIoU+onNJrmojj0NLx7Jo=
26,24,vtuEtYQzUUbxZwS/nxrCTCfKDu4=,af/dvAUkptLERhcOv72QH4J6VEE=
28,20,vtuEtYQzUUbxZwS/nxrCTCfKDu4=,W8/2iTv5AGKDdXH6fw/Ulku7jlY=
25,21,vtuEtYQzUUbxZwS/nxrCTCfKDu4=,R5DRkIPIoU+onNJrmojj0NLx7Jo=
23,19,vtuEtYQzUUbxZwS/nxrCTCfKDu4=,J3Leu21cjvoq7YZR5gZszHyK5Uk=
26,21,vtuEtYQzUUbxZwS/nxrCTCfKDu4=,R5DRkIPIoU+onNJrmojj0NLx7Jo=
27,21,vtuEtYQzUUbxZwS/nxrCTCfKDu4=,R5DRkIPIoU+onNJrmojj0NLx7Jo=
28,21,vtuEtYQzUUbxZwS/nxrCTCfKDu4=,W8/2iTv5AGKDdXH6fw/Ulku7jlY=
30,23,vtuEtYQzUUbxZwS/nxrCTCfKDu4=,W8/2iTv5AGKDdXH6fw/Ulku7jlY=
24,22,vtuEtYQzUUbxZwS/nxrCTCfKDu4=,R5DRkIPIoU+onNJrmojj0NLx7Jo=
23,21,vtuEtYQzUUbxZwS/nxrCTCfKDu4=,cuVYm2QNhlHpFqpA9Lvylmz2IjI=
23,24,vtuEtYQzUUbxZwS/nxrCTCfKDu4=,132gwuPeG5iuZyo8Vj1/arqAox8=
31,23,vtuEtYQzUUbxZwS/nxrCTCfKDu4=,W8/2iTv5AGKDdXH6fw/Ulku7jlY=
30,24,vtuEtYQzUUbxZwS/nxrCTCfKDu4=,BkeNsCnQTf0G62C/549d3wldYJ8=
31,24,vtuEtYQzUUbxZwS/nxrCTCfKDu4=,BkeNsCnQTf0G62C/549d3wldYJ8=
29,20,vtuEtYQzUUbxZwS/nxrCTCfKDu4=,W8/2iTv5AGKDdXH6fw/Ulku7jlY=
30,20,vtuEtYQzUUbxZwS/nxrCTCfKDu4=,W8/2iTv5AGKDdXH6fw/Ulku7jlY=
27,24,vtuEtYQzUUbxZwS/nxrCTCfKDu4=,af/dvAUkptLERhcOv72QH4J6VEE=
29,22,vtuEtYQzUUbxZwS/nxrCTCfKDu4=,W8/2iTv5AGKDdXH6fw/Ulku7jlY=
31,20,vtuEtYQzUUbxZwS/nxrCTCfKDu4=,W8/2iTv5AGKDdXH6fw/Ulku7jlY=
29,21,vtuEtYQzUUbxZwS/nxrCTCfKDu4=,W8/2iTv5AGKDdXH6fw/Ulku7jlY=
30,21,vtuEtYQzUUbxZwS/nxrCTCfKDu4=,W8/2iTv5AGKDdXH6fw/Ulku7jlY=
31,21,vtuEtYQzUUbxZwS/nxrCTCfKDu4=,W8/2iTv5AGKDdXH6fw/Ulku7jlY=
28,24,vtuEtYQzUUbxZwS/nxrCTCfKDu4=,BkeNsCnQTf0G62C/549d3wldYJ8=
23,23,vtuEtYQzUUbxZwS/nxrCTCfKDu4=,cuVYm2QNhlHpFqpA9Lvylmz2IjI=
26,23,vtuEtYQzUUbxZwS/nxrCTCfKDu4=,R5DRkIPIoU+onNJrmojj0NLx7Jo=
25,22,vtuEtYQzUUbxZwS/nxrCTCfKDu4=,R5DRkIPIoU+onNJrmojj0NLx7Jo=
27,23,vtuEtYQzUUbxZwS/nxrCTCfKDu4=,R5DRkIPIoU+onNJrmojj0NLx7Jo=
23,22,vtuEtYQzUUbxZwS/nxrCTCfKDu4=,cuVYm2QNhlHpFqpA9Lvylmz2IjI=
26,22,vtuEtYQzUUbxZwS/nxrCTCfKDu4=,R5DRkIPIoU+onNJrmojj0NLx7Jo=
25,23,vtuEtYQzUUbxZwS/nxrCTCfKDu4=,R5DRkIPIoU+onNJrmojj0NLx7Jo=
24,23,vtuEtYQzUUbxZwS/nxrCTCfKDu4=,R5DRkIPIoU+onNJrmojj0NLx7Jo=
27,22,vtuEtYQzUUbxZwS/nxrCTCfKDu4=,R5DRkIPIoU+onNJrmojj0NLx7Jo=
28,22,vtuEtYQzUUbxZwS/nxrCTCfKDu4=,W8/2iTv5AGKDdXH6fw/Ulku7jlY=
29,1,vtuEtYQzUUbxZwS/nxrCTCfKDu4=,ufI8YBBx1HDxDzwsci8e3eCO2Rw=
30,1,vtuEtYQzUUbxZwS/nxrCTCfKDu4=,ufI8YBBx1HDxDzwsci8e3eCO2Rw=
31,1,vtuEtYQzUUbxZwS/nxrCTCfKDu4=,ufI8YBBx1HDxDzwsci8e3eCO2Rw=
31,2,zgn2GYEKiYjvDJqUXp7mMfSZ240=,ufI8YBBx1HDxDzwsci8e3eCO2Rw=
29,2,zgn2GYEKiYjvDJqUXp7mMfSZ240=,ufI8YBBx1HDxDzwsci8e3eCO2Rw=
30,2,zgn2GYEKiYjvDJqUXp7mMfSZ240=,ufI8YBBx1HDxDzwsci8e3eCO2Rw=
29,4,zgn2GYEKiYjvDJqUXp7mMfSZ240=,5Mx41IHAXWYGM3qLWmzE3KID+To=
30,4,zgn2GYEKiYjvDJqUXp7mMfSZ240=,5Mx41IHAXWYGM3qLWmzE3KID+To=
31,4,zgn2GYEKiYjvDJqUXp7mMfSZ240=,5Mx41IHAXWYGM3qLWmzE3KID+To=
29,5,zgn2GYEKiYjvDJqUXp7mMfSZ240=,5Mx41IHAXWYGM3qLWmzE3KID+To=
29,3,zgn2GYEKiYjvDJqUXp7mMfSZ240=,ufI8YBBx1HDxDzwsci8e3eCO2Rw=
30,5,zgn2GYEKiYjvDJqUXp7mMfSZ240=,5Mx41IHAXWYGM3qLWmzE3KID+To=
31,5,zgn2GYEKiYjvDJqUXp7mMfSZ240=,5Mx41IHAXWYGM3qLWmzE3KID+To=
30,3,zgn2GYEKiYjvDJqUXp7mMfSZ240=,ufI8YBBx1HDxDzwsci8e3eCO2Rw=
29,6,zgn2GYEKiYjvDJqUXp7mMfSZ240=,5Mx41IHAXWYGM3qLWmzE3KID+To=
31,3,zgn2GYEKiYjvDJqUXp7mMfSZ240=,ufI8YBBx1HDxDzwsci8e3eCO2Rw=
30,6,cMVxTB8mHb+LaPurLvBjcNG7b00=,5Mx41IHAXWYGM3qLWmzE3KID+To=
31,6,cMVxTB8mHb+LaPurLvBjcNG7b00=,5Mx41IHAXWYGM3qLWmzE3KID+To=
28,5,cMVxTB8mHb+LaPurLvBjcNG7b00=,5Mx41IHAXWYGM3qLWmzE3KID+To=
25,5,cMVxTB8mHb+LaPurLvBjcNG7b00=,C68wsX9xTNuAlaA6SiTEXybahRM=
26,5,cMVxTB8mHb+LaPurLvBjcNG7b00=,C68wsX9xTNuAlaA6SiTEXybahRM=
27,5,cMVxTB8mHb+LaPurLvBjcNG7b00=,C68wsX9xTNuAlaA6SiTEXybahRM=
25,6,cMVxTB8mHb+LaPurLvBjcNG7b00=,C68wsX9xTNuAlaA6SiTEXybahRM=
26,6,cMVxTB8mHb+LaPurLvBjcNG7b00=,C68wsX9xTNuAlaA6SiTEXybahRM=
28,6,cMVxTB8mHb+LaPurLvBjcNG7b00=,5Mx41IHAXWYGM3qLWmzE3KID+To=
27,6,cMVxTB8mHb+LaPurLvBjcNG7b00=,C68wsX9xTNuAlaA6SiTEXybahRM=
25,1,cMVxTB8mHb+LaPurLvBjcNG7b00=,78+1SPbj/QwnnLp9TxmeDGY0/ww=
28,3,cMVxTB8mHb+LaPurLvBjcNG7b00=,ufI8YBBx1HDxDzwsci8e3eCO2Rw=
28,4,cMVxTB8mHb+LaPurLvBjcNG7b00=,5Mx41IHAXWYGM3qLWmzE3KID+To=
28,1,cMVxTB8mHb+LaPurLvBjcNG7b00=,ufI8YBBx1HDxDzwsci8e3eCO2Rw=
26,1,cMVxTB8mHb+LaPurLvBjcNG7b00=,78+1SPbj/QwnnLp9TxmeDGY0/ww=
27,1,cMVxTB8mHb+LaPurLvBjcNG7b00=,78+1SPbj/QwnnLp9TxmeDGY0/ww=
25,2,cMVxTB8mHb+LaPurLvBjcNG7b00=,78+1SPbj/QwnnLp9TxmeDGY0/ww=
28,2,cMVxTB8mHb+LaPurLvBjcNG7b00=,ufI8YBBx1HDxDzwsci8e3eCO2Rw=
26,2,cMVxTB8mHb+LaPurLvBjcNG7b00=,78+1SPbj/QwnnLp9TxmeDGY0/ww=
27,2,cMVxTB8mHb+LaPurLvBjcNG7b00=,78+1SPbj/QwnnLp9TxmeDGY0/ww=
25,3,cMVxTB8mHb+LaPurLvBjcNG7b00=,78+1SPbj/QwnnLp9TxmeDGY0/ww=
26,3,cMVxTB8mHb+LaPurLvBjcNG7b00=,78+1SPbj/QwnnLp9TxmeDGY0/ww=
27,3,cMVxTB8mHb+LaPurLvBjcNG7b00=,78+1SPbj/QwnnLp9TxmeDGY0/ww=
25,4,cMVxTB8mHb+LaPurLvBjcNG7b00=,C68wsX9xTNuAlaA6SiTEXybahRM=
26,4,cMVxTB8mHb+LaPurLvBjcNG7b00=,C68wsX9xTNuAlaA6SiTEXybahRM=
27,4,cMVxTB8mHb+LaPurLvBjcNG7b00=,C68wsX9xTNuAlaA6SiTEXybahRM=
24,1,cMVxTB8mHb+LaPurLvBjcNG7b00=,78+1SPbj/QwnnLp9TxmeDGY0/ww=
24,2,cMVxTB8mHb+LaPurLvBjcNG7b00=,78+1SPbj/QwnnLp9TxmeDGY0/ww=
21,1,cMVxTB8mHb+LaPurLvBjcNG7b00=,lO8UUE8pmxFlLsntqebyKXpRU1I=
22,1,cMVxTB8mHb+LaPurLvBjcNG7b00=,lO8UUE8pmxFlLsntqebyKXpRU1I=
23,1,cMVxTB8mHb+LaPurLvBjcNG7b00=,lO8UUE8pmxFlLsntqebyKXpRU1I=
21,2,cMVxTB8mHb+LaPurLvBjcNG7b00=,lO8UUE8pmxFlLsntqebyKXpRU1I=
22,2,cMVxTB8mHb+LaPurLvBjcNG7b00=,lO8UUE8pmxFlLsntqebyKXpRU1I=
23,2,cMVxTB8mHb+LaPurLvBjcNG7b00=,lO8UUE8pmxFlLsntqebyKXpRU1I=
21,3,cMVxTB8mHb+LaPurLvBjcNG7b00=,lO8UUE8pmxFlLsntqebyKXpRU1I=
22,3,cMVxTB8mHb+LaPurLvBjcNG7b00=,lO8UUE8pmxFlLsntqebyKXpRU1I=
22,4,cMVxTB8mHb+LaPurLvBjcNG7b00=,dk99yvY3pRXUx1rtIrhFFdH9qF0=
23,4,cMVxTB8mHb+LaPurLvBjcNG7b00=,dk99yvY3pRXUx1rtIrhFFdH9qF0=
23,3,cMVxTB8mHb+LaPurLvBjcNG7b00=,lO8UUE8pmxFlLsntqebyKXpRU1I=
24,5,cMVxTB8mHb+LaPurLvBjcNG7b00=,C68wsX9xTNuAlaA6SiTEXybahRM=
24,6,cMVxTB8mHb+LaPurLvBjcNG7b00=,C68wsX9xTNuAlaA6SiTEXybahRM=
21,5,cMVxTB8mHb+LaPurLvBjcNG7b00=,dk99yvY3pRXUx1rtIrhFFdH9qF0=
24,3,cMVxTB8mHb+LaPurLvBjcNG7b00=,78+1SPbj/QwnnLp9TxmeDGY0/ww=
22,5,cMVxTB8mHb+LaPurLvBjcNG7b00=,dk99yvY3pRXUx1rtIrhFFdH9qF0=
23,5,cMVxTB8mHb+LaPurLvBjcNG7b00=,dk99yvY3pRXUx1rtIrhFFdH9qF0=
21,6,cMVxTB8mHb+LaPurLvBjcNG7b00=,dk99yvY3pRXUx1rtIrhFFdH9qF0=
22,6,cMVxTB8mHb+LaPurLvBjcNG7b00=,dk99yvY3pRXUx1rtIrhFFdH9qF0=
24,4,cMVxTB8mHb+LaPurLvBjcNG7b00=,C68wsX9xTNuAlaA6SiTEXybahRM=
23,6,cMVxTB8mHb+LaPurLvBjcNG7b00=,dk99yvY3pRXUx1rtIrhFFdH9qF0=
21,4,cMVxTB8mHb+LaPurLvBjcNG7b00=,dk99yvY3pRXUx1rtIrhFFdH9qF0=
21,7,cMVxTB8mHb+LaPurLvBjcNG7b00=,dk99yvY3pRXUx1rtIrhFFdH9qF0=
22,7,cMVxTB8mHb+LaPurLvBjcNG7b00=,dk99yvY3pRXUx1rtIrhFFdH9qF0=
17,6,cMVxTB8mHb+LaPurLvBjcNG7b00=,TGVQKWoG5sqczyFQ/8/0vkkWZlI=
18,5,cMVxTB8mHb+LaPurLvBjcNG7b00=,TGVQKWoG5sqczyFQ/8/0vkkWZlI=
20,5,cMVxTB8mHb+LaPurLvBjcNG7b00=,dk99yvY3pRXUx1rtIrhFFdH9qF0=
17,5,cMVxTB8mHb+LaPurLvBjcNG7b00=,TGVQKWoG5sqczyFQ/8/0vkkWZlI=
19,5,cMVxTB8mHb+LaPurLvBjcNG7b00=,TGVQKWoG5sqczyFQ/8/0vkkWZlI=
19,9,cMVxTB8mHb+LaPurLvBjcNG7b00=,EkopQ2QT+ucaT2/li8IF4JnmUNU=
18,6,cMVxTB8mHb+LaPurLvBjcNG7b00=,TGVQKWoG5sqczyFQ/8/0vkkWZlI=
17,10,cMVxTB8mHb+LaPurLvBjcNG7b00=,EkopQ2QT+ucaT2/li8IF4JnmUNU=
18,10,cMVxTB8mHb+LaPurLvBjcNG7b00=,EkopQ2QT+ucaT2/li8IF4JnmUNU=
20,6,cMVxTB8mHb+LaPurLvBjcNG7b00=,dk99yvY3pRXUx1rtIrhFFdH9qF0=
19,6,cMVxTB8mHb+LaPurLvBjcNG7b00=,TGVQKWoG5sqczyFQ/8/0vkkWZlI=
18,8,cMVxTB8mHb+LaPurLvBjcNG7b00=,EkopQ2QT+ucaT2/li8IF4JnmUNU=
20,7,cMVxTB8mHb+LaPurLvBjcNG7b00=,dk99yvY3pRXUx1rtIrhFFdH9qF0=
19,10,cMVxTB8mHb+LaPurLvBjcNG7b00=,EkopQ2QT+ucaT2/li8IF4JnmUNU=
19,8,cMVxTB8mHb+LaPurLvBjcNG7b00=,EkopQ2QT+ucaT2/li8IF4JnmUNU=
17,9,cMVxTB8mHb+LaPurLvBjcNG7b00=,EkopQ2QT+ucaT2/li8IF4JnmUNU=
18,9,cMVxTB8mHb+LaPurLvBjcNG7b00=,EkopQ2QT+ucaT2/li8IF4JnmUNU=
17,7,cMVxTB8mHb+LaPurLvBjcNG7b00=,TGVQKWoG5sqczyFQ/8/0vkkWZlI=
18,7,cMVxTB8mHb+LaPurLvBjcNG7b00=,TGVQKWoG5sqczyFQ/8/0vkkWZlI=
17,8,cMVxTB8mHb+LaPurLvBjcNG7b00=,EkopQ2QT+ucaT2/li8IF4JnmUNU=
19,7,cMVxTB8mHb+LaPurLvBjcNG7b00=,TGVQKWoG5sqczyFQ/8/0vkkWZlI=
16,6,cMVxTB8mHb+LaPurLvBjcNG7b00=,TGVQKWoG5sqczyFQ/8/0vkkWZlI=
16,5,cMVxTB8mHb+LaPurLvBjcNG7b00=,TGVQKWoG5sqczyFQ/8/0vkkWZlI=
16,7,cMVxTB8mHb+LaPurLvBjcNG7b00=,TGVQKWoG5sqczyFQ/8/0vkkWZlI=
16,10,cMVxTB8mHb+LaPurLvBjcNG7b00=,EkopQ2QT+ucaT2/li8IF4JnmUNU=
16,9,cMVxTB8mHb+LaPurLvBjcNG7b00=,EkopQ2QT+ucaT2/li8IF4JnmUNU=
16,8,cMVxTB8mHb+LaPurLvBjcNG7b00=,EkopQ2QT+ucaT2/li8IF4JnmUNU=
21,0,cMVxTB8mHb+LaPurLvBjcNG7b00=,lO8UUE8pmxFlLsntqebyKXpRU1I=
22,0,cMVxTB8mHb+LaPurLvBjcNG7b00=,lO8UUE8pmxFlLsntqebyKXpRU1I=
17,0,cMVxTB8mHb+LaPurLvBjcNG7b00=,e23qcBZnQmk6vl6ip+w0EPj9yh4=
24,0,cMVxTB8mHb+LaPurLvBjcNG7b00=,78+1SPbj/QwnnLp9TxmeDGY0/ww=
25,0,cMVxTB8mHb+LaPurLvBjcNG7b00=,78+1SPbj/QwnnLp9TxmeDGY0/ww=
28,0,cMVxTB8mHb+LaPurLvBjcNG7b00=,ufI8YBBx1HDxDzwsci8e3eCO2Rw=
19,2,cMVxTB8mHb+LaPurLvBjcNG7b00=,e23qcBZnQmk6vl6ip+w0EPj9yh4=
29,0,cMVxTB8mHb+LaPurLvBjcNG7b00=,ufI8YBBx1HDxDzwsci8e3eCO2Rw=
30,0,cMVxTB8mHb+LaPurLvBjcNG7b00=,ufI8YBBx1HDxDzwsci8e3eCO2Rw=
31,0,cMVxTB8mHb+LaPurLvBjcNG7b00=,ufI8YBBx1HDxDzwsci8e3eCO2Rw=
23,0,cMVxTB8mHb+LaPurLvBjcNG7b00=,lO8UUE8pmxFlLsntqebyKXpRU1I=
26,0,cMVxTB8mHb+LaPurLvBjcNG7b00=,78+1SPbj/QwnnLp9TxmeDGY0/ww=
27,0,cMVxTB8mHb+LaPurLvBjcNG7b00=,78+1SPbj/QwnnLp9TxmeDGY0/ww=
29,7,cMVxTB8mHb+LaPurLvBjcNG7b00=,5Mx41IHAXWYGM3qLWmzE3KID+To=
28,7,cMVxTB8mHb+LaPurLvBjcNG7b00=,5Mx41IHAXWYGM3qLWmzE3KID+To=
30,7,cMVxTB8mHb+LaPurLvBjcNG7b00=,5Mx41IHAXWYGM3qLWmzE3KID+To=
18,4,cMVxTB8mHb+LaPurLvBjcNG7b00=,TGVQKWoG5sqczyFQ/8/0vkkWZlI=
31,7,cMVxTB8mHb+LaPurLvBjcNG7b00=,5Mx41IHAXWYGM3qLWmzE3KID+To=
27,7,cMVxTB8mHb+LaPurLvBjcNG7b00=,C68wsX9xTNuAlaA6SiTEXybahRM=
24,7,cMVxTB8mHb+LaPurLvBjcNG7b00=,C68wsX9xTNuAlaA6SiTEXybahRM=
25,7,cMVxTB8mHb+LaPurLvBjcNG7b00=,C68wsX9xTNuAlaA6SiTEXybahRM=
26,7,cMVxTB8mHb+LaPurLvBjcNG7b00=,C68wsX9xTNuAlaA6SiTEXybahRM=
23,7,cMVxTB8mHb+LaPurLvBjcNG7b00=,dk99yvY3pRXUx1rtIrhFFdH9qF0=
16,0,cMVxTB8mHb+LaPurLvBjcNG7b00=,e23qcBZnQmk6vl6ip+w0EPj9yh4=
19,4,cMVxTB8mHb+LaPurLvBjcNG7b00=,TGVQKWoG5sqczyFQ/8/0vkkWZlI=
18,0,cMVxTB8mHb+LaPurLvBjcNG7b00=,e23qcBZnQmk6vl6ip+w0EPj9yh4=
19,1,cMVxTB8mHb+LaPurLvBjcNG7b00=,e23qcBZnQmk6vl6ip+w0EPj9yh4=
17,3,cMVxTB8mHb+LaPurLvBjcNG7b00=,e23qcBZnQmk6vl6ip+w0EPj9yh4=
16,2,cMVxTB8mHb+LaPurLvBjcNG7b00=,e23qcBZnQmk6vl6ip+w0EPj9yh4=
19,0,cMVxTB8mHb+LaPurLvBjcNG7b00=,e23qcBZnQmk6vl6ip+w0EPj9yh4=
20,3,cMVxTB8mHb+LaPurLvBjcNG7b00=,lO8UUE8pmxFlLsntqebyKXpRU1I=
16,1,cMVxTB8mHb+LaPurLvBjcNG7b00=,e23qcBZnQmk6vl6ip+w0EPj9yh4=
20,4,cMVxTB8mHb+LaPurLvBjcNG7b00=,dk99yvY3pRXUx1rtIrhFFdH9qF0=
17,2,cMVxTB8mHb+LaPurLvBjcNG7b00=,e23qcBZnQmk6vl6ip+w0EPj9yh4=
17,1,cMVxTB8mHb+LaPurLvBjcNG7b00=,e23qcBZnQmk6vl6ip+w0EPj9yh4=
18,2,cMVxTB8mHb+LaPurLvBjcNG7b00=,e23qcBZnQmk6vl6ip+w0EPj9yh4=
18,1,cMVxTB8mHb+LaPurLvBjcNG7b00=,e23qcBZnQmk6vl6ip+w0EPj9yh4=
20,0,cMVxTB8mHb+LaPurLvBjcNG7b00=,lO8UUE8pmxFlLsntqebyKXpRU1I=
16,3,cMVxTB8mHb+LaPurLvBjcNG7b00=,e23qcBZnQmk6vl6ip+w0EPj9yh4=
18,3,cMVxTB8mHb+LaPurLvBjcNG7b00=,e23qcBZnQmk6vl6ip+w0EPj9yh4=
20,1,cMVxTB8mHb+LaPurLvBjcNG7b00=,lO8UUE8pmxFlLsntqebyKXpRU1I=
17,4,cMVxTB8mHb+LaPurLvBjcNG7b00=,TGVQKWoG5sqczyFQ/8/0vkkWZlI=
19,3,cMVxTB8mHb+LaPurLvBjcNG7b00=,e23qcBZnQmk6vl6ip+w0EPj9yh4=
18,11,cMVxTB8mHb+LaPurLvBjcNG7b00=,EkopQ2QT+ucaT2/li8IF4JnmUNU=
16,4,cMVxTB8mHb+LaPurLvBjcNG7b00=,TGVQKWoG5sqczyFQ/8/0vkkWZlI=
19,11,cMVxTB8mHb+LaPurLvBjcNG7b00=,EkopQ2QT+ucaT2/li8IF4JnmUNU=
16,12,cMVxTB8mHb+LaPurLvBjcNG7b00=,2rVUKRidjDIzRJEwr++GJV1YF9c=
19,15,cMVxTB8mHb+LaPurLvBjcNG7b00=,2rVUKRidjDIzRJEwr++GJV1YF9c=
18,15,cMVxTB8mHb+LaPurLvBjcNG7b00=,2rVUKRidjDIzRJEwr++GJV1YF9c=
17,11,cMVxTB8mHb+LaPurLvBjcNG7b00=,EkopQ2QT+ucaT2/li8IF4JnmUNU=
17,15,cMVxTB8mHb+LaPurLvBjcNG7b00=,2rVUKRidjDIzRJEwr++GJV1YF9c=
17,12,cMVxTB8mHb+LaPurLvBjcNG7b00=,2rVUKRidjDIzRJEwr++GJV1YF9c=
16,15,cMVxTB8mHb+LaPurLvBjcNG7b00=,2rVUKRidjDIzRJEwr++GJV1YF9c=
20,2,cMVxTB8mHb+LaPurLvBjcNG7b00=,lO8UUE8pmxFlLsntqebyKXpRU1I=
19,14,cMVxTB8mHb+LaPurLvBjcNG7b00=,2rVUKRidjDIzRJEwr++GJV1YF9c=
17,14,cMVxTB8mHb+LaPurLvBjcNG7b00=,2rVUKRidjDIzRJEwr++GJV1YF9c=
16,14,cMVxTB8mHb+LaPurLvBjcNG7b00=,2rVUKRidjDIzRJEwr++GJV1YF9c=
19,13,cMVxTB8mHb+LaPurLvBjcNG7b00=,2rVUKRidjDIzRJEwr++GJV1YF9c=
18,12,cMVxTB8mHb+LaPurLvBjcNG7b00=,2rVUKRidjDIzRJEwr++GJV1YF9c=
19,12,cMVxTB8mHb+LaPurLvBjcNG7b00=,2rVUKRidjDIzRJEwr++GJV1YF9c=
16,13,cMVxTB8mHb+LaPurLvBjcNG7b00=,2rVUKRidjDIzRJEwr++GJV1YF9c=
16,11,cMVxTB8mHb+LaPurLvBjcNG7b00=,EkopQ2QT+ucaT2/li8IF4JnmUNU=
18,14,cMVxTB8mHb+LaPurLvBjcNG7b00=,2rVUKRidjDIzRJEwr++GJV1YF9c=
17,13,cMVxTB8mHb+LaPurLvBjcNG7b00=,2rVUKRidjDIzRJEwr++GJV1YF9c=
18,13,cMVxTB8mHb+LaPurLvBjcNG7b00=,2rVUKRidjDIzRJEwr++GJV1YF9c=
