-12,-5,jhnHAOJNpKmlkyCzsFKhYX8ZE+Y=,XG9QAZSFUWH/0zNwmB+GwTFVq84=
-11,-5,jhnHAOJNpKmlkyCzsFKhYX8ZE+Y=,XG9QAZSFUWH/0zNwmB+GwTFVq84=
-10,-5,jhnHAOJNpKmlkyCzsFKhYX8ZE+Y=,XG9QAZSFUWH/0zNwmB+GwTFVq84=
-15,-4,NwBemjzX4qEmwibPntYrFG7GW2Q=,XG9QAZSFUWH/0zNwmB+GwTFVq84=
-13,-5,NwBemjzX4qEmwibPntYrFG7GW2Q=,XG9QAZSFUWH/0zNwmB+GwTFVq84=
-14,-5,NwBemjzX4qEmwibPntYrFG7GW2Q=,XG9QAZSFUWH/0zNwmB+GwTFVq84=
-15,-5,NwBemjzX4qEmwibPntYrFG7GW2Q=,XG9QAZSFUWH/0zNwmB+GwTFVq84=
-10,-6,NwBemjzX4qEmwibPntYrFG7GW2Q=,XG9QAZSFUWH/0zNwmB+GwTFVq84=
-11,-6,NwBemjzX4qEmwibPntYrFG7GW2Q=,XG9QAZSFUWH/0zNwmB+GwTFVq84=
-12,-6,NwBemjzX4qEmwibPntYrFG7GW2Q=,XG9QAZSFUWH/0zNwmB+GwTFVq84=
-13,-6,NwBemjzX4qEmwibPntYrFG7GW2Q=,XG9QAZSFUWH/0zNwmB+GwTFVq84=
-14,-6,NwBemjzX4qEmwibPntYrFG7GW2Q=,XG9QAZSFUWH/0zNwmB+GwTFVq84=
-15,-6,NwBemjzX4qEmwibPntYrFG7GW2Q=,XG9QAZSFUWH/0zNwmB+GwTFVq84=
-10,-7,NwBemjzX4qEmwibPntYrFG7GW2Q=,XG9QAZSFUWH/0zNwmB+GwTFVq84=
-11,-7,NwBemjzX4qEmwibPntYrFG7GW2Q=,XG9QAZSFUWH/0zNwmB+GwTFVq84=
-12,-7,NwBemjzX4qEmwibPntYrFG7GW2Q=,XG9QAZSFUWH/0zNwmB+GwTFVq84=
-10,-2,NwBemjzX4qEmwibPntYrFG7GW2Q=,XG9QAZSFUWH/0zNwmB+GwTFVq84=
-14,-7,NwBemjzX4qEmwibPntYrFG7GW2Q=,XG9QAZSFUWH/0zNwmB+GwTFVq84=
-13,-7,NwBemjzX4qEmwibPntYrFG7GW2Q=,XG9QAZSFUWH/0zNwmB+GwTFVq84=
-11,-2,NwBemjzX4qEmwibPntYrFG7GW2Q=,XG9QAZSFUWH/0zNwmB+GwTFVq84=
-9,-5,NwBemjzX4qEmwibPntYrFG7GW2Q=,XG9QAZSFUWH/0zNwmB+GwTFVq84=
-7,-6,NwBemjzX4qEmwibPntYrFG7GW2Q=,Fe+QTOiR2nvocMQMi44mAdglRVI=
-5,-7,NwBemjzX4qEmwibPntYrFG7GW2Q=,Fe+QTOiR2nvocMQMi44mAdglRVI=
-15,-7,NwBemjzX4qEmwibPntYrFG7GW2Q=,XG9QAZSFUWH/0zNwmB+GwTFVq84=
-3,-3,NwBemjzX4qEmwibPntYrFG7GW2Q=,Fe+QTOiR2nvocMQMi44mAdglRVI=
-9,-4,NwBemjzX4qEmwibPntYrFG7GW2Q=,XG9QAZSFUWH/0zNwmB+GwTFVq84=
-2,-3,NwBemjzX4qEmwibPntYrFG7GW2Q=,Fe+QTOiR2nvocMQMi44mAdglRVI=
-7,-4,NwBemjzX4qEmwibPntYrFG7GW2Q=,Fe+QTOiR2nvocMQMi44mAdglRVI=
-7,-5,NwBemjzX4qEmwibPntYrFG7GW2Q=,Fe+QTOiR2nvocMQMi44mAdglRVI=
-6,-6,NwBemjzX4qEmwibPntYrFG7GW2Q=,Fe+QTOiR2nvocMQMi44mAdglRVI=
-8,-7,NwBemjzX4qEmwibPntYrFG7GW2Q=,Fe+QTOiR2nvocMQMi44mAdglRVI=
-8,-2,NwBemjzX4qEmwibPntYrFG7GW2Q=,Fe+QTOiR2nvocMQMi44mAdglRVI=
-6,-5,NwBemjzX4qEmwibPntYrFG7GW2Q=,Fe+QTOiR2nvocMQMi44mAdglRVI=
-5,-5,NwBemjzX4qEmwibPntYrFG7GW2Q=,Fe+QTOiR2nvocMQMi44mAdglRVI=
-4,-5,NwBemjzX4qEmwibPntYrFG7GW2Q=,Fe+QTOiR2nvocMQMi44mAdglRVI=
-3,-5,NwBemjzX4qEmwibPntYrFG7GW2Q=,Fe+QTOiR2nvocMQMi44mAdglRVI=
-4,-7,NwBemjzX4qEmwibPntYrFG7GW2Q=,Fe+QTOiR2nvocMQMi44mAdglRVI=
-6,-4,NwBemjzX4qEmwibPntYrFG7GW2Q=,Fe+QTOiR2nvocMQMi44mAdglRVI=
-7,-2,NwBemjzX4qEmwibPntYrFG7GW2Q=,Fe+QTOiR2nvocMQMi44mAdglRVI=
-6,-2,NwBemjzX4qEmwibPntYrFG7GW2Q=,Fe+QTOiR2nvocMQMi44mAdglRVI=
-2,-5,NwBemjzX4qEmwibPntYrFG7GW2Q=,Fe+QTOiR2nvocMQMi44mAdglRVI=
-5,-2,NwBemjzX4qEmwibPntYrFG7GW2Q=,Fe+QTOiR2nvocMQMi44mAdglRVI=
-5,-4,NwBemjzX4qEmwibPntYrFG7GW2Q=,Fe+QTOiR2nvocMQMi44mAdglRVI=
-4,-2,NwBemjzX4qEmwibPntYrFG7GW2Q=,Fe+QTOiR2nvocMQMi44mAdglRVI=
-5,-6,NwBemjzX4qEmwibPntYrFG7GW2Q=,Fe+QTOiR2nvocMQMi44mAdglRVI=
-7,-7,NwBemjzX4qEmwibPntYrFG7GW2Q=,Fe+QTOiR2nvocMQMi44mAdglRVI=
-3,-2,NwBemjzX4qEmwibPntYrFG7GW2Q=,Fe+QTOiR2nvocMQMi44mAdglRVI=
-2,-2,NwBemjzX4qEmwibPntYrFG7GW2Q=,Fe+QTOiR2nvocMQMi44mAdglRVI=
-9,-3,NwBemjzX4qEmwibPntYrFG7GW2Q=,XG9QAZSFUWH/0zNwmB+GwTFVq84=
-4,-4,NwBemjzX4qEmwibPntYrFG7GW2Q=,Fe+QTOiR2nvocMQMi44mAdglRVI=
-4,-6,NwBemjzX4qEmwibPntYrFG7GW2Q=,Fe+QTOiR2nvocMQMi44mAdglRVI=
-3,-4,NwBemjzX4qEmwibPntYrFG7GW2Q=,Fe+QTOiR2nvocMQMi44mAdglRVI=
-9,-2,NwBemjzX4qEmwibPntYrFG7GW2Q=,XG9QAZSFUWH/0zNwmB+GwTFVq84=
-2,-7,NwBemjzX4qEmwibPntYrFG7GW2Q=,Fe+QTOiR2nvocMQMi44mAdglRVI=
-3,-6,NwBemjzX4qEmwibPntYrFG7GW2Q=,Fe+QTOiR2nvocMQMi44mAdglRVI=
-2,-6,NwBemjzX4qEmwibPntYrFG7GW2Q=,Fe+QTOiR2nvocMQMi44mAdglRVI=
-8,-6,NwBemjzX4qEmwibPntYrFG7GW2Q=,Fe+QTOiR2nvocMQMi44mAdglRVI=
-8,-5,NwBemjzX4qEmwibPntYrFG7GW2Q=,Fe+QTOiR2nvocMQMi44mAdglRVI=
-8,-4,NwBemjzX4qEmwibPntYrFG7GW2Q=,Fe+QTOiR2nvocMQMi44mAdglRVI=
-3,-7,NwBemjzX4qEmwibPntYrFG7GW2Q=,Fe+QTOiR2nvocMQMi44mAdglRVI=
-8,-3,NwBemjzX4qEmwibPntYrFG7GW2Q=,Fe+QTOiR2nvocMQMi44mAdglRVI=
-9,-7,NwBemjzX4qEmwibPntYrFG7GW2Q=,XG9QAZSFUWH/0zNwmB+GwTFVq84=
-9,-6,NwBemjzX4qEmwibPntYrFG7GW2Q=,XG9QAZSFUWH/0zNwmB+GwTFVq84=
-7,-3,NwBemjzX4qEmwibPntYrFG7GW2Q=,Fe+QTOiR2nvocMQMi44mAdglRVI=
-6,-7,NwBemjzX4qEmwibPntYrFG7GW2Q=,Fe+QTOiR2nvocMQMi44mAdglRVI=
-6,-3,NwBemjzX4qEmwibPntYrFG7GW2Q=,Fe+QTOiR2nvocMQMi44mAdglRVI=
-2,-4,NwBemjzX4qEmwibPntYrFG7GW2Q=,Fe+QTOiR2nvocMQMi44mAdglRVI=
-5,-3,NwBemjzX4qEmwibPntYrFG7GW2Q=,Fe+QTOiR2nvocMQMi44mAdglRVI=
-15,-1,NwBemjzX4qEmwibPntYrFG7GW2Q=,XG9QAZSFUWH/0zNwmB+GwTFVq84=
-14,-1,NwBemjzX4qEmwibPntYrFG7GW2Q=,XG9QAZSFUWH/0zNwmB+GwTFVq84=
-4,-3,NwBemjzX4qEmwibPntYrFG7GW2Q=,Fe+QTOiR2nvocMQMi44mAdglRVI=
-13,-1,NwBemjzX4qEmwibPntYrFG7GW2Q=,XG9QAZSFUWH/0zNwmB+GwTFVq84=
-12,-1,NwBemjzX4qEmwibPntYrFG7GW2Q=,XG9QAZSFUWH/0zNwmB+GwTFVq84=
-11,-1,NwBemjzX4qEmwibPntYrFG7GW2Q=,XG9QAZSFUWH/0zNwmB+GwTFVq84=
-10,-1,NwBemjzX4qEmwibPntYrFG7GW2Q=,XG9QAZSFUWH/0zNwmB+GwTFVq84=
-12,-2,NwBemjzX4qEmwibPntYrFG7GW2Q=,XG9QAZSFUWH/0zNwmB+GwTFVq84=
-13,-2,NwBemjzX4qEmwibPntYrFG7GW2Q=,XG9QAZSFUWH/0zNwmB+GwTFVq84=
-14,-2,NwBemjzX4qEmwibPntYrFG7GW2Q=,XG9QAZSFUWH/0zNwmB+GwTFVq84=
-15,-2,NwBemjzX4qEmwibPntYrFG7GW2Q=,XG9QAZSFUWH/0zNwmB+GwTFVq84=
-10,-3,NwBemjzX4qEmwibPntYrFG7GW2Q=,XG9QAZSFUWH/0zNwmB+GwTFVq84=
-11,-3,NwBemjzX4qEmwibPntYrFG7GW2Q=,XG9QAZSFUWH/0zNwmB+GwTFVq84=
-12,-3,NwBemjzX4qEmwibPntYrFG7GW2Q=,XG9QAZSFUWH/0zNwmB+GwTFVq84=
-13,-3,NwBemjzX4qEmwibPntYrFG7GW2Q=,XG9QAZSFUWH/0zNwmB+GwTFVq84=
-14,-3,NwBemjzX4qEmwibPntYrFG7GW2Q=,XG9QAZSFUWH/0zNwmB+GwTFVq84=
-15,-3,NwBemjzX4qEmwibPntYrFG7GW2Q=,XG9QAZSFUWH/0zNwmB+GwTFVq84=
-10,-4,NwBemjzX4qEmwibPntYrFG7GW2Q=,XG9QAZSFUWH/0zNwmB+GwTFVq84=
-11,-4,NwBemjzX4qEmwibPntYrFG7GW2Q=,XG9QAZSFUWH/0zNwmB+GwTFVq84=
-12,-4,NwBemjzX4qEmwibPntYrFG7GW2Q=,XG9QAZSFUWH/0zNwmB+GwTFVq84=
-14,-4,NwBemjzX4qEmwibPntYrFG7GW2Q=,XG9QAZSFUWH/0zNwmB+GwTFVq84=
-13,-4,NwBemjzX4qEmwibPntYrFG7GW2Q=,XG9QAZSFUWH/0zNwmB+GwTFVq84=
-4,-11,NwBemjzX4qEmwibPntYrFG7GW2Q=,992ZrW+jhGp+6T4DsMWZLIQHYr4=
-3,-11,NwBemjzX4qEmwibPntYrFG7GW2Q=,992ZrW+jhGp+6T4DsMWZLIQHYr4=
-2,-11,NwBemjzX4qEmwibPntYrFG7GW2Q=,992ZrW+jhGp+6T4DsMWZLIQHYr4=
-3,-8,NwBemjzX4qEmwibPntYrFG7GW2Q=,Fe+QTOiR2nvocMQMi44mAdglRVI=
-7,-10,NwBemjzX4qEmwibPntYrFG7GW2Q=,992ZrW+jhGp+6T4DsMWZLIQHYr4=
-6,-10,NwBemjzX4qEmwibPntYrFG7GW2Q=,992ZrW+jhGp+6T4DsMWZLIQHYr4=
-2,-8,NwBemjzX4qEmwibPntYrFG7GW2Q=,Fe+QTOiR2nvocMQMi44mAdglRVI=
-5,-10,NwBemjzX4qEmwibPntYrFG7GW2Q=,992ZrW+jhGp+6T4DsMWZLIQHYr4=
-4,-10,NwBemjzX4qEmwibPntYrFG7GW2Q=,992ZrW+jhGp+6T4DsMWZLIQHYr4=
-2,-10,NwBemjzX4qEmwibPntYrFG7GW2Q=,992ZrW+jhGp+6T4DsMWZLIQHYr4=
-7,-15,NwBemjzX4qEmwibPntYrFG7GW2Q=,992ZrW+jhGp+6T4DsMWZLIQHYr4=
-6,-15,NwBemjzX4qEmwibPntYrFG7GW2Q=,992ZrW+jhGp+6T4DsMWZLIQHYr4=
-5,-15,NwBemjzX4qEmwibPntYrFG7GW2Q=,992ZrW+jhGp+6T4DsMWZLIQHYr4=
-3,-10,NwBemjzX4qEmwibPntYrFG7GW2Q=,992ZrW+jhGp+6T4DsMWZLIQHYr4=
-3,-15,NwBemjzX4qEmwibPntYrFG7GW2Q=,992ZrW+jhGp+6T4DsMWZLIQHYr4=
-4,-15,NwBemjzX4qEmwibPntYrFG7GW2Q=,992ZrW+jhGp+6T4DsMWZLIQHYr4=
-2,-15,NwBemjzX4qEmwibPntYrFG7GW2Q=,992ZrW+jhGp+6T4DsMWZLIQHYr4=
-7,-14,NwBemjzX4qEmwibPntYrFG7GW2Q=,992ZrW+jhGp+6T4DsMWZLIQHYr4=
-6,-14,NwBemjzX4qEmwibPntYrFG7GW2Q=,992ZrW+jhGp+6T4DsMWZLIQHYr4=
-5,-14,NwBemjzX4qEmwibPntYrFG7GW2Q=,992ZrW+jhGp+6T4DsMWZLIQHYr4=
-7,-8,NwBemjzX4qEmwibPntYrFG7GW2Q=,Fe+QTOiR2nvocMQMi44mAdglRVI=
-4,-14,NwBemjzX4qEmwibPntYrFG7GW2Q=,992ZrW+jhGp+6T4DsMWZLIQHYr4=
-6,-8,NwBemjzX4qEmwibPntYrFG7GW2Q=,Fe+QTOiR2nvocMQMi44mAdglRVI=
-3,-14,NwBemjzX4qEmwibPntYrFG7GW2Q=,992ZrW+jhGp+6T4DsMWZLIQHYr4=
-7,-13,NwBemjzX4qEmwibPntYrFG7GW2Q=,992ZrW+jhGp+6T4DsMWZLIQHYr4=
-2,-14,NwBemjzX4qEmwibPntYrFG7GW2Q=,992ZrW+jhGp+6T4DsMWZLIQHYr4=
-7,-9,NwBemjzX4qEmwibPntYrFG7GW2Q=,992ZrW+jhGp+6T4DsMWZLIQHYr4=
-6,-9,NwBemjzX4qEmwibPntYrFG7GW2Q=,992ZrW+jhGp+6T4DsMWZLIQHYr4=
-6,-13,NwBemjzX4qEmwibPntYrFG7GW2Q=,992ZrW+jhGp+6T4DsMWZLIQHYr4=
-5,-13,NwBemjzX4qEmwibPntYrFG7GW2Q=,992ZrW+jhGp+6T4DsMWZLIQHYr4=
-5,-9,NwBemjzX4qEmwibPntYrFG7GW2Q=,992ZrW+jhGp+6T4DsMWZLIQHYr4=
-4,-9,NwBemjzX4qEmwibPntYrFG7GW2Q=,992ZrW+jhGp+6T4DsMWZLIQHYr4=
-4,-13,NwBemjzX4qEmwibPntYrFG7GW2Q=,992ZrW+jhGp+6T4DsMWZLIQHYr4=
-3,-9,NwBemjzX4qEmwibPntYrFG7GW2Q=,992ZrW+jhGp+6T4DsMWZLIQHYr4=
-2,-9,NwBemjzX4qEmwibPntYrFG7GW2Q=,992ZrW+jhGp+6T4DsMWZLIQHYr4=
-3,-13,NwBemjzX4qEmwibPntYrFG7GW2Q=,992ZrW+jhGp+6T4DsMWZLIQHYr4=
-5,-8,NwBemjzX4qEmwibPntYrFG7GW2Q=,Fe+QTOiR2nvocMQMi44mAdglRVI=
-2,-13,NwBemjzX4qEmwibPntYrFG7GW2Q=,992ZrW+jhGp+6T4DsMWZLIQHYr4=
-7,-12,NwBemjzX4qEmwibPntYrFG7GW2Q=,992ZrW+jhGp+6T4DsMWZLIQHYr4=
-6,-12,NwBemjzX4qEmwibPntYrFG7GW2Q=,992ZrW+jhGp+6T4DsMWZLIQHYr4=
-5,-12,NwBemjzX4qEmwibPntYrFG7GW2Q=,992ZrW+jhGp+6T4DsMWZLIQHYr4=
-3,-12,NwBemjzX4qEmwibPntYrFG7GW2Q=,992ZrW+jhGp+6T4DsMWZLIQHYr4=
-4,-12,NwBemjzX4qEmwibPntYrFG7GW2Q=,992ZrW+jhGp+6T4DsMWZLIQHYr4=
-2,-12,NwBemjzX4qEmwibPntYrFG7GW2Q=,992ZrW+jhGp+6T4DsMWZLIQHYr4=
-7,-11,NwBemjzX4qEmwibPntYrFG7GW2Q=,992ZrW+jhGp+6T4DsMWZLIQHYr4=
-6,-11,NwBemjzX4qEmwibPntYrFG7GW2Q=,992ZrW+jhGp+6T4DsMWZLIQHYr4=
-5,-11,NwBemjzX4qEmwibPntYrFG7GW2Q=,992ZrW+jhGp+6T4DsMWZLIQHYr4=
-4,-8,NwBemjzX4qEmwibPntYrFG7GW2Q=,Fe+QTOiR2nvocMQMi44mAdglRVI=
-1,-11,NwBemjzX4qEmwibPntYrFG7GW2Q=,992ZrW+jhGp+6T4DsMWZLIQHYr4=
-1,-10,NwBemjzX4qEmwibPntYrFG7GW2Q=,992ZrW+jhGp+6T4DsMWZLIQHYr4=
-1,-15,NwBemjzX4qEmwibPntYrFG7GW2Q=,992ZrW+jhGp+6T4DsMWZLIQHYr4=
-1,-14,NwBemjzX4qEmwibPntYrFG7GW2Q=,992ZrW+jhGp+6T4DsMWZLIQHYr4=
-1,-13,NwBemjzX4qEmwibPntYrFG7GW2Q=,992ZrW+jhGp+6T4DsMWZLIQHYr4=
-1,-12,NwBemjzX4qEmwibPntYrFG7GW2Q=,992ZrW+jhGp+6T4DsMWZLIQHYr4=
-7,-16,NwBemjzX4qEmwibPntYrFG7GW2Q=,992ZrW+jhGp+6T4DsMWZLIQHYr4=
-6,-16,NwBemjzX4qEmwibPntYrFG7GW2Q=,992ZrW+jhGp+6T4DsMWZLIQHYr4=
-5,-16,NwBemjzX4qEmwibPntYrFG7GW2Q=,992ZrW+jhGp+6T4DsMWZLIQHYr4=
-4,-16,NwBemjzX4qEmwibPntYrFG7GW2Q=,992ZrW+jhGp+6T4DsMWZLIQHYr4=
-3,-16,NwBemjzX4qEmwibPntYrFG7GW2Q=,992ZrW+jhGp+6T4DsMWZLIQHYr4=
-2,-16,NwBemjzX4qEmwibPntYrFG7GW2Q=,992ZrW+jhGp+6T4DsMWZLIQHYr4=
-1,-16,NwBemjzX4qEmwibPntYrFG7GW2Q=,992ZrW+jhGp+6T4DsMWZLIQHYr4=
-16,-4,NwBemjzX4qEmwibPntYrFG7GW2Q=,XG9QAZSFUWH/0zNwmB+GwTFVq84=
-16,-3,NwBemjzX4qEmwibPntYrFG7GW2Q=,XG9QAZSFUWH/0zNwmB+GwTFVq84=
-16,-2,NwBemjzX4qEmwibPntYrFG7GW2Q=,XG9QAZSFUWH/0zNwmB+GwTFVq84=
-16,-7,NwBemjzX4qEmwibPntYrFG7GW2Q=,XG9QAZSFUWH/0zNwmB+GwTFVq84=
-16,-1,NwBemjzX4qEmwibPntYrFG7GW2Q=,XG9QAZSFUWH/0zNwmB+GwTFVq84=
-16,-6,NwBemjzX4qEmwibPntYrFG7GW2Q=,XG9QAZSFUWH/0zNwmB+GwTFVq84=
-16,-5,NwBemjzX4qEmwibPntYrFG7GW2Q=,XG9QAZSFUWH/0zNwmB+GwTFVq84=
-12,-13,NwBemjzX4qEmwibPntYrFG7GW2Q=,QzR68QDkoJP5un2xLFK1gPbu/5c=
-4,-1,NwBemjzX4qEmwibPntYrFG7GW2Q=,Fe+QTOiR2nvocMQMi44mAdglRVI=
-3,-1,NwBemjzX4qEmwibPntYrFG7GW2Q=,Fe+QTOiR2nvocMQMi44mAdglRVI=
-2,-1,NwBemjzX4qEmwibPntYrFG7GW2Q=,Fe+QTOiR2nvocMQMi44mAdglRVI=
-6,-1,NwBemjzX4qEmwibPntYrFG7GW2Q=,Fe+QTOiR2nvocMQMi44mAdglRVI=
-5,-1,NwBemjzX4qEmwibPntYrFG7GW2Q=,Fe+QTOiR2nvocMQMi44mAdglRVI=
-7,-1,NwBemjzX4qEmwibPntYrFG7GW2Q=,Fe+QTOiR2nvocMQMi44mAdglRVI=
-9,-1,NwBemjzX4qEmwibPntYrFG7GW2Q=,XG9QAZSFUWH/0zNwmB+GwTFVq84=
-8,-1,NwBemjzX4qEmwibPntYrFG7GW2Q=,Fe+QTOiR2nvocMQMi44mAdglRVI=
-9,-9,NwBemjzX4qEmwibPntYrFG7GW2Q=,QzR68QDkoJP5un2xLFK1gPbu/5c=
-11,-13,NwBemjzX4qEmwibPntYrFG7GW2Q=,QzR68QDkoJP5un2xLFK1gPbu/5c=
-8,-8,NwBemjzX4qEmwibPntYrFG7GW2Q=,Fe+QTOiR2nvocMQMi44mAdglRVI=
-8,-16,NwBemjzX4qEmwibPntYrFG7GW2Q=,992ZrW+jhGp+6T4DsMWZLIQHYr4=
-1,-1,NwBemjzX4qEmwibPntYrFG7GW2Q=,Fe+QTOiR2nvocMQMi44mAdglRVI=
-13,-13,NwBemjzX4qEmwibPntYrFG7GW2Q=,QzR68QDkoJP5un2xLFK1gPbu/5c=
-1,-8,NwBemjzX4qEmwibPntYrFG7GW2Q=,Fe+QTOiR2nvocMQMi44mAdglRVI=
-1,-3,NwBemjzX4qEmwibPntYrFG7GW2Q=,Fe+QTOiR2nvocMQMi44mAdglRVI=
-1,-5,NwBemjzX4qEmwibPntYrFG7GW2Q=,Fe+QTOiR2nvocMQMi44mAdglRVI=
-14,-13,NwBemjzX4qEmwibPntYrFG7GW2Q=,QzR68QDkoJP5un2xLFK1gPbu/5c=
-10,-13,NwBemjzX4qEmwibPntYrFG7GW2Q=,QzR68QDkoJP5un2xLFK1gPbu/5c=
-8,-10,NwBemjzX4qEmwibPntYrFG7GW2Q=,992ZrW+jhGp+6T4DsMWZLIQHYr4=
-9,-13,NwBemjzX4qEmwibPntYrFG7GW2Q=,QzR68QDkoJP5un2xLFK1gPbu/5c=
-8,-15,NwBemjzX4qEmwibPntYrFG7GW2Q=,992ZrW+jhGp+6T4DsMWZLIQHYr4=
-1,-2,NwBemjzX4qEmwibPntYrFG7GW2Q=,Fe+QTOiR2nvocMQMi44mAdglRVI=
-1,-9,NwBemjzX4qEmwibPntYrFG7GW2Q=,992ZrW+jhGp+6T4DsMWZLIQHYr4=
-1,-6,NwBemjzX4qEmwibPntYrFG7GW2Q=,Fe+QTOiR2nvocMQMi44mAdglRVI=
-1,-7,NwBemjzX4qEmwibPntYrFG7GW2Q=,Fe+QTOiR2nvocMQMi44mAdglRVI=
-1,-4,NwBemjzX4qEmwibPntYrFG7GW2Q=,Fe+QTOiR2nvocMQMi44mAdglRVI=
-16,-12,NwBemjzX4qEmwibPntYrFG7GW2Q=,QzR68QDkoJP5un2xLFK1gPbu/5c=
-15,-12,NwBemjzX4qEmwibPntYrFG7GW2Q=,QzR68QDkoJP5un2xLFK1gPbu/5c=
-16,-13,NwBemjzX4qEmwibPntYrFG7GW2Q=,QzR68QDkoJP5un2xLFK1gPbu/5c=
-9,-14,NwBemjzX4qEmwibPntYrFG7GW2Q=,QzR68QDkoJP5un2xLFK1gPbu/5c=
-15,-13,NwBemjzX4qEmwibPntYrFG7GW2Q=,QzR68QDkoJP5un2xLFK1gPbu/5c=
-11,-9,NwBemjzX4qEmwibPntYrFG7GW2Q=,QzR68QDkoJP5un2xLFK1gPbu/5c=
-10,-9,NwBemjzX4qEmwibPntYrFG7GW2Q=,QzR68QDkoJP5un2xLFK1gPbu/5c=
-8,-11,NwBemjzX4qEmwibPntYrFG7GW2Q=,992ZrW+jhGp+6T4DsMWZLIQHYr4=
-10,-14,NwBemjzX4qEmwibPntYrFG7GW2Q=,QzR68QDkoJP5un2xLFK1gPbu/5c=
-14,-12,NwBemjzX4qEmwibPntYrFG7GW2Q=,QzR68QDkoJP5un2xLFK1gPbu/5c=
-8,-14,NwBemjzX4qEmwibPntYrFG7GW2Q=,992ZrW+jhGp+6T4DsMWZLIQHYr4=
-11,-14,NwBemjzX4qEmwibPntYrFG7GW2Q=,QzR68QDkoJP5un2xLFK1gPbu/5c=
-13,-14,NwBemjzX4qEmwibPntYrFG7GW2Q=,QzR68QDkoJP5un2xLFK1gPbu/5c=
-13,-9,NwBemjzX4qEmwibPntYrFG7GW2Q=,QzR68QDkoJP5un2xLFK1gPbu/5c=
-14,-9,NwBemjzX4qEmwibPntYrFG7GW2Q=,QzR68QDkoJP5un2xLFK1gPbu/5c=
-13,-12,NwBemjzX4qEmwibPntYrFG7GW2Q=,QzR68QDkoJP5un2xLFK1gPbu/5c=
-12,-12,NwBemjzX4qEmwibPntYrFG7GW2Q=,QzR68QDkoJP5un2xLFK1gPbu/5c=
-8,-9,NwBemjzX4qEmwibPntYrFG7GW2Q=,992ZrW+jhGp+6T4DsMWZLIQHYr4=
-15,-9,NwBemjzX4qEmwibPntYrFG7GW2Q=,QzR68QDkoJP5un2xLFK1gPbu/5c=
-14,-14,NwBemjzX4qEmwibPntYrFG7GW2Q=,QzR68QDkoJP5un2xLFK1gPbu/5c=
-12,-9,NwBemjzX4qEmwibPntYrFG7GW2Q=,QzR68QDkoJP5un2xLFK1gPbu/5c=
-12,-14,NwBemjzX4qEmwibPntYrFG7GW2Q=,QzR68QDkoJP5un2xLFK1gPbu/5c=
-16,-9,NwBemjzX4qEmwibPntYrFG7GW2Q=,QzR68QDkoJP5un2xLFK1gPbu/5c=
-9,-10,NwBemjzX4qEmwibPntYrFG7GW2Q=,QzR68QDkoJP5un2xLFK1gPbu/5c=
-10,-12,NwBemjzX4qEmwibPntYrFG7GW2Q=,QzR68QDkoJP5un2xLFK1gPbu/5c=
-11,-12,NwBemjzX4qEmwibPntYrFG7GW2Q=,QzR68QDkoJP5un2xLFK1gPbu/5c=
-8,-13,NwBemjzX4qEmwibPntYrFG7GW2Q=,992ZrW+jhGp+6T4DsMWZLIQHYr4=
-16,-14,NwBemjzX4qEmwibPntYrFG7GW2Q=,QzR68QDkoJP5un2xLFK1gPbu/5c=
-9,-12,NwBemjzX4qEmwibPntYrFG7GW2Q=,QzR68QDkoJP5un2xLFK1gPbu/5c=
-16,-11,NwBemjzX4qEmwibPntYrFG7GW2Q=,QzR68QDkoJP5un2xLFK1gPbu/5c=
-15,-11,NwBemjzX4qEmwibPntYrFG7GW2Q=,QzR68QDkoJP5un2xLFK1gPbu/5c=
-9,-15,NwBemjzX4qEmwibPntYrFG7GW2Q=,QzR68QDkoJP5un2xLFK1gPbu/5c=
-16,-8,NwBemjzX4qEmwibPntYrFG7GW2Q=,XG9QAZSFUWH/0zNwmB+GwTFVq84=
-15,-14,NwBemjzX4qEmwibPntYrFG7GW2Q=,QzR68QDkoJP5un2xLFK1gPbu/5c=
-10,-10,NwBemjzX4qEmwibPntYrFG7GW2Q=,QzR68QDkoJP5un2xLFK1gPbu/5c=
-11,-10,NwBemjzX4qEmwibPntYrFG7GW2Q=,QzR68QDkoJP5un2xLFK1gPbu/5c=
-15,-8,NwBemjzX4qEmwibPntYrFG7GW2Q=,XG9QAZSFUWH/0zNwmB+GwTFVq84=
-14,-8,NwBemjzX4qEmwibPntYrFG7GW2Q=,XG9QAZSFUWH/0zNwmB+GwTFVq84=
-13,-8,NwBemjzX4qEmwibPntYrFG7GW2Q=,XG9QAZSFUWH/0zNwmB+GwTFVq84=
-12,-8,NwBemjzX4qEmwibPntYrFG7GW2Q=,XG9QAZSFUWH/0zNwmB+GwTFVq84=
-11,-8,NwBemjzX4qEmwibPntYrFG7GW2Q=,XG9QAZSFUWH/0zNwmB+GwTFVq84=
-10,-8,NwBemjzX4qEmwibPntYrFG7GW2Q=,XG9QAZSFUWH/0zNwmB+GwTFVq84=
-10,-15,NwBemjzX4qEmwibPntYrFG7GW2Q=,QzR68QDkoJP5un2xLFK1gPbu/5c=
-16,-16,NwBemjzX4qEmwibPntYrFG7GW2Q=,QzR68QDkoJP5un2xLFK1gPbu/5c=
-14,-11,NwBemjzX4qEmwibPntYrFG7GW2Q=,QzR68QDkoJP5un2xLFK1gPbu/5c=
-11,-15,NwBemjzX4qEmwibPntYrFG7GW2Q=,QzR68QDkoJP5un2xLFK1gPbu/5c=
-12,-10,NwBemjzX4qEmwibPntYrFG7GW2Q=,QzR68QDkoJP5un2xLFK1gPbu/5c=
-13,-11,NwBemjzX4qEmwibPntYrFG7GW2Q=,QzR68QDkoJP5un2xLFK1gPbu/5c=
-9,-8,NwBemjzX4qEmwibPntYrFG7GW2Q=,XG9QAZSFUWH/0zNwmB+GwTFVq84=
-12,-11,NwBemjzX4qEmwibPntYrFG7GW2Q=,QzR68QDkoJP5un2xLFK1gPbu/5c=
-12,-15,NwBemjzX4qEmwibPntYrFG7GW2Q=,QzR68QDkoJP5un2xLFK1gPbu/5c=
-14,-15,NwBemjzX4qEmwibPntYrFG7GW2Q=,QzR68QDkoJP5un2xLFK1gPbu/5c=
-13,-10,NwBemjzX4qEmwibPntYrFG7GW2Q=,QzR68QDkoJP5un2xLFK1gPbu/5c=
-14,-10,NwBemjzX4qEmwibPntYrFG7GW2Q=,QzR68QDkoJP5un2xLFK1gPbu/5c=
-15,-15,NwBemjzX4qEmwibPntYrFG7GW2Q=,QzR68QDkoJP5un2xLFK1gPbu/5c=
-15,-10,NwBemjzX4qEmwibPntYrFG7GW2Q=,QzR68QDkoJP5un2xLFK1gPbu/5c=
-13,-15,NwBemjzX4qEmwibPntYrFG7GW2Q=,QzR68QDkoJP5un2xLFK1gPbu/5c=
-11,-11,NwBemjzX4qEmwibPntYrFG7GW2Q=,QzR68QDkoJP5un2xLFK1gPbu/5c=
-16,-15,NwBemjzX4qEmwibPntYrFG7GW2Q=,QzR68QDkoJP5un2xLFK1gPbu/5c=
-9,-16,NwBemjzX4qEmwibPntYrFG7GW2Q=,QzR68QDkoJP5un2xLFK1gPbu/5c=
-10,-16,NwBemjzX4qEmwibPntYrFG7GW2Q=,QzR68QDkoJP5un2xLFK1gPbu/5c=
-16,-10,NwBemjzX4qEmwibPntYrFG7GW2Q=,QzR68QDkoJP5un2xLFK1gPbu/5c=
-8,-12,NwBemjzX4qEmwibPntYrFG7GW2Q=,992ZrW+jhGp+6T4DsMWZLIQHYr4=
-9,-11,NwBemjzX4qEmwibPntYrFG7GW2Q=,QzR68QDkoJP5un2xLFK1gPbu/5c=
-10,-11,NwBemjzX4qEmwibPntYrFG7GW2Q=,QzR68QDkoJP5un2xLFK1gPbu/5c=
-14,-16,NwBemjzX4qEmwibPntYrFG7GW2Q=,QzR68QDkoJP5un2xLFK1gPbu/5c=
-12,-16,NwBemjzX4qEmwibPntYrFG7GW2Q=,QzR68QDkoJP5un2xLFK1gPbu/5c=
-13,-16,NwBemjzX4qEmwibPntYrFG7GW2Q=,QzR68QDkoJP5un2xLFK1gPbu/5c=
-15,-16,NwBemjzX4qEmwibPntYrFG7GW2Q=,QzR68QDkoJP5un2xLFK1gPbu/5c=
-11,-16,NwBemjzX4qEmwibPntYrFG7GW2Q=,QzR68QDkoJP5un2xLFK1gPbu/5c=
-7,-23,I3CTD+gtRkDq4CMG27JQNa2PmmE=,9DQ8asFbi9WBfrXHMEFHxmKOnRY=
-6,-23,I3CTD+gtRkDq4CMG27JQNa2PmmE=,9DQ8asFbi9WBfrXHMEFHxmKOnRY=
-5,-23,I3CTD+gtRkDq4CMG27JQNa2PmmE=,9DQ8asFbi9WBfrXHMEFHxmKOnRY=
-3,-18,I3CTD+gtRkDq4CMG27JQNa2PmmE=,9DQ8asFbi9WBfrXHMEFHxmKOnRY=
-5,-21,I3CTD+gtRkDq4CMG27JQNa2PmmE=,9DQ8asFbi9WBfrXHMEFHxmKOnRY=
-4,-22,I3CTD+gtRkDq4CMG27JQNa2PmmE=,9DQ8asFbi9WBfrXHMEFHxmKOnRY=
-4,-21,I3CTD+gtRkDq4CMG27JQNa2PmmE=,9DQ8asFbi9WBfrXHMEFHxmKOnRY=
-6,-19,I3CTD+gtRkDq4CMG27JQNa2PmmE=,9DQ8asFbi9WBfrXHMEFHxmKOnRY=
-3,-21,I3CTD+gtRkDq4CMG27JQNa2PmmE=,9DQ8asFbi9WBfrXHMEFHxmKOnRY=
-6,-21,I3CTD+gtRkDq4CMG27JQNa2PmmE=,9DQ8asFbi9WBfrXHMEFHxmKOnRY=
-2,-21,I3CTD+gtRkDq4CMG27JQNa2PmmE=,9DQ8asFbi9WBfrXHMEFHxmKOnRY=
-7,-20,I3CTD+gtRkDq4CMG27JQNa2PmmE=,9DQ8asFbi9WBfrXHMEFHxmKOnRY=
-6,-20,I3CTD+gtRkDq4CMG27JQNa2PmmE=,9DQ8asFbi9WBfrXHMEFHxmKOnRY=
-7,-22,I3CTD+gtRkDq4CMG27JQNa2PmmE=,9DQ8asFbi9WBfrXHMEFHxmKOnRY=
-5,-19,I3CTD+gtRkDq4CMG27JQNa2PmmE=,9DQ8asFbi9WBfrXHMEFHxmKOnRY=
-4,-19,I3CTD+gtRkDq4CMG27JQNa2PmmE=,9DQ8asFbi9WBfrXHMEFHxmKOnRY=
-3,-22,I3CTD+gtRkDq4CMG27JQNa2PmmE=,9DQ8asFbi9WBfrXHMEFHxmKOnRY=
-7,-18,nEpX5GVdwF9ghCIFtc5WAfQHokU=,9DQ8asFbi9WBfrXHMEFHxmKOnRY=
-3,-19,nEpX5GVdwF9ghCIFtc5WAfQHokU=,9DQ8asFbi9WBfrXHMEFHxmKOnRY=
-2,-22,nEpX5GVdwF9ghCIFtc5WAfQHokU=,9DQ8asFbi9WBfrXHMEFHxmKOnRY=
-4,-23,nEpX5GVdwF9ghCIFtc5WAfQHokU=,9DQ8asFbi9WBfrXHMEFHxmKOnRY=
-3,-23,nEpX5GVdwF9ghCIFtc5WAfQHokU=,9DQ8asFbi9WBfrXHMEFHxmKOnRY=
-2,-23,nEpX5GVdwF9ghCIFtc5WAfQHokU=,9DQ8asFbi9WBfrXHMEFHxmKOnRY=
-6,-22,nEpX5GVdwF9ghCIFtc5WAfQHokU=,9DQ8asFbi9WBfrXHMEFHxmKOnRY=
-2,-19,nEpX5GVdwF9ghCIFtc5WAfQHokU=,9DQ8asFbi9WBfrXHMEFHxmKOnRY=
-4,-20,nEpX5GVdwF9ghCIFtc5WAfQHokU=,9DQ8asFbi9WBfrXHMEFHxmKOnRY=
-3,-20,nEpX5GVdwF9ghCIFtc5WAfQHokU=,9DQ8asFbi9WBfrXHMEFHxmKOnRY=
-2,-20,nEpX5GVdwF9ghCIFtc5WAfQHokU=,9DQ8asFbi9WBfrXHMEFHxmKOnRY=
-6,-18,nEpX5GVdwF9ghCIFtc5WAfQHokU=,9DQ8asFbi9WBfrXHMEFHxmKOnRY=
-7,-19,nEpX5GVdwF9ghCIFtc5WAfQHokU=,9DQ8asFbi9WBfrXHMEFHxmKOnRY=
-5,-20,nEpX5GVdwF9ghCIFtc5WAfQHokU=,9DQ8asFbi9WBfrXHMEFHxmKOnRY=
-5,-22,nEpX5GVdwF9ghCIFtc5WAfQHokU=,9DQ8asFbi9WBfrXHMEFHxmKOnRY=
-5,-18,nEpX5GVdwF9ghCIFtc5WAfQHokU=,9DQ8asFbi9WBfrXHMEFHxmKOnRY=
-2,-18,nEpX5GVdwF9ghCIFtc5WAfQHokU=,9DQ8asFbi9WBfrXHMEFHxmKOnRY=
-12,-27,nEpX5GVdwF9ghCIFtc5WAfQHokU=,4sT38LPCRlL7XPfRK+1vNreT1WQ=
-7,-21,nEpX5GVdwF9ghCIFtc5WAfQHokU=,9DQ8asFbi9WBfrXHMEFHxmKOnRY=
-4,-18,nEpX5GVdwF9ghCIFtc5WAfQHokU=,9DQ8asFbi9WBfrXHMEFHxmKOnRY=
-11,-27,nEpX5GVdwF9ghCIFtc5WAfQHokU=,4sT38LPCRlL7XPfRK+1vNreT1WQ=
-15,-26,nEpX5GVdwF9ghCIFtc5WAfQHokU=,4sT38LPCRlL7XPfRK+1vNreT1WQ=
-10,-27,nEpX5GVdwF9ghCIFtc5WAfQHokU=,4sT38LPCRlL7XPfRK+1vNreT1WQ=
-14,-26,nEpX5GVdwF9ghCIFtc5WAfQHokU=,4sT38LPCRlL7XPfRK+1vNreT1WQ=
-15,-31,nEpX5GVdwF9ghCIFtc5WAfQHokU=,4sT38LPCRlL7XPfRK+1vNreT1WQ=
-14,-31,nEpX5GVdwF9ghCIFtc5WAfQHokU=,4sT38LPCRlL7XPfRK+1vNreT1WQ=
-13,-31,nEpX5GVdwF9ghCIFtc5WAfQHokU=,4sT38LPCRlL7XPfRK+1vNreT1WQ=
-13,-26,nEpX5GVdwF9ghCIFtc5WAfQHokU=,4sT38LPCRlL7XPfRK+1vNreT1WQ=
-12,-26,nEpX5GVdwF9ghCIFtc5WAfQHokU=,4sT38LPCRlL7XPfRK+1vNreT1WQ=
-11,-21,nEpX5GVdwF9ghCIFtc5WAfQHokU=,kiaDNhKGQNvdPX4JpF22zUBxt8A=
-12,-21,nEpX5GVdwF9ghCIFtc5WAfQHokU=,kiaDNhKGQNvdPX4JpF22zUBxt8A=
-10,-21,nEpX5GVdwF9ghCIFtc5WAfQHokU=,kiaDNhKGQNvdPX4JpF22zUBxt8A=
-12,-31,nEpX5GVdwF9ghCIFtc5WAfQHokU=,4sT38LPCRlL7XPfRK+1vNreT1WQ=
-9,-21,nEpX5GVdwF9ghCIFtc5WAfQHokU=,kiaDNhKGQNvdPX4JpF22zUBxt8A=
-8,-20,nEpX5GVdwF9ghCIFtc5WAfQHokU=,9DQ8asFbi9WBfrXHMEFHxmKOnRY=
-15,-20,nEpX5GVdwF9ghCIFtc5WAfQHokU=,kiaDNhKGQNvdPX4JpF22zUBxt8A=
-11,-31,nEpX5GVdwF9ghCIFtc5WAfQHokU=,4sT38LPCRlL7XPfRK+1vNreT1WQ=
-14,-20,nEpX5GVdwF9ghCIFtc5WAfQHokU=,kiaDNhKGQNvdPX4JpF22zUBxt8A=
-11,-26,nEpX5GVdwF9ghCIFtc5WAfQHokU=,4sT38LPCRlL7XPfRK+1vNreT1WQ=
-13,-20,nEpX5GVdwF9ghCIFtc5WAfQHokU=,kiaDNhKGQNvdPX4JpF22zUBxt8A=
-10,-26,nEpX5GVdwF9ghCIFtc5WAfQHokU=,4sT38LPCRlL7XPfRK+1vNreT1WQ=
-12,-20,nEpX5GVdwF9ghCIFtc5WAfQHokU=,kiaDNhKGQNvdPX4JpF22zUBxt8A=
-10,-31,nEpX5GVdwF9ghCIFtc5WAfQHokU=,4sT38LPCRlL7XPfRK+1vNreT1WQ=
-8,-18,nEpX5GVdwF9ghCIFtc5WAfQHokU=,9DQ8asFbi9WBfrXHMEFHxmKOnRY=
-15,-30,nEpX5GVdwF9ghCIFtc5WAfQHokU=,4sT38LPCRlL7XPfRK+1vNreT1WQ=
-14,-30,nEpX5GVdwF9ghCIFtc5WAfQHokU=,4sT38LPCRlL7XPfRK+1vNreT1WQ=
-13,-30,nEpX5GVdwF9ghCIFtc5WAfQHokU=,4sT38LPCRlL7XPfRK+1vNreT1WQ=
-15,-25,nEpX5GVdwF9ghCIFtc5WAfQHokU=,4sT38LPCRlL7XPfRK+1vNreT1WQ=
-14,-25,nEpX5GVdwF9ghCIFtc5WAfQHokU=,4sT38LPCRlL7XPfRK+1vNreT1WQ=
-12,-30,nEpX5GVdwF9ghCIFtc5WAfQHokU=,4sT38LPCRlL7XPfRK+1vNreT1WQ=
-11,-20,nEpX5GVdwF9ghCIFtc5WAfQHokU=,kiaDNhKGQNvdPX4JpF22zUBxt8A=
-13,-25,nEpX5GVdwF9ghCIFtc5WAfQHokU=,4sT38LPCRlL7XPfRK+1vNreT1WQ=
-11,-30,nEpX5GVdwF9ghCIFtc5WAfQHokU=,4sT38LPCRlL7XPfRK+1vNreT1WQ=
-12,-25,nEpX5GVdwF9ghCIFtc5WAfQHokU=,4sT38LPCRlL7XPfRK+1vNreT1WQ=
-10,-30,nEpX5GVdwF9ghCIFtc5WAfQHokU=,4sT38LPCRlL7XPfRK+1vNreT1WQ=
-11,-25,nEpX5GVdwF9ghCIFtc5WAfQHokU=,4sT38LPCRlL7XPfRK+1vNreT1WQ=
-15,-29,nEpX5GVdwF9ghCIFtc5WAfQHokU=,4sT38LPCRlL7XPfRK+1vNreT1WQ=
-14,-29,nEpX5GVdwF9ghCIFtc5WAfQHokU=,4sT38LPCRlL7XPfRK+1vNreT1WQ=
-10,-20,nEpX5GVdwF9ghCIFtc5WAfQHokU=,kiaDNhKGQNvdPX4JpF22zUBxt8A=
-13,-29,nEpX5GVdwF9ghCIFtc5WAfQHokU=,4sT38LPCRlL7XPfRK+1vNreT1WQ=
-9,-20,nEpX5GVdwF9ghCIFtc5WAfQHokU=,kiaDNhKGQNvdPX4JpF22zUBxt8A=
-10,-25,nEpX5GVdwF9ghCIFtc5WAfQHokU=,4sT38LPCRlL7XPfRK+1vNreT1WQ=
-15,-19,nEpX5GVdwF9ghCIFtc5WAfQHokU=,kiaDNhKGQNvdPX4JpF22zUBxt8A=
-14,-19,nEpX5GVdwF9ghCIFtc5WAfQHokU=,kiaDNhKGQNvdPX4JpF22zUBxt8A=
-12,-29,nEpX5GVdwF9ghCIFtc5WAfQHokU=,4sT38LPCRlL7XPfRK+1vNreT1WQ=
-15,-24,nEpX5GVdwF9ghCIFtc5WAfQHokU=,kiaDNhKGQNvdPX4JpF22zUBxt8A=
-11,-29,nEpX5GVdwF9ghCIFtc5WAfQHokU=,4sT38LPCRlL7XPfRK+1vNreT1WQ=
-14,-24,nEpX5GVdwF9ghCIFtc5WAfQHokU=,kiaDNhKGQNvdPX4JpF22zUBxt8A=
-13,-24,nEpX5GVdwF9ghCIFtc5WAfQHokU=,kiaDNhKGQNvdPX4JpF22zUBxt8A=
-12,-24,nEpX5GVdwF9ghCIFtc5WAfQHokU=,kiaDNhKGQNvdPX4JpF22zUBxt8A=
-11,-24,nEpX5GVdwF9ghCIFtc5WAfQHokU=,kiaDNhKGQNvdPX4JpF22zUBxt8A=
-10,-29,nEpX5GVdwF9ghCIFtc5WAfQHokU=,4sT38LPCRlL7XPfRK+1vNreT1WQ=
-15,-17,nEpX5GVdwF9ghCIFtc5WAfQHokU=,kiaDNhKGQNvdPX4JpF22zUBxt8A=
-15,-28,nEpX5GVdwF9ghCIFtc5WAfQHokU=,4sT38LPCRlL7XPfRK+1vNreT1WQ=
-14,-17,nEpX5GVdwF9ghCIFtc5WAfQHokU=,kiaDNhKGQNvdPX4JpF22zUBxt8A=
-10,-24,nEpX5GVdwF9ghCIFtc5WAfQHokU=,kiaDNhKGQNvdPX4JpF22zUBxt8A=
-13,-17,nEpX5GVdwF9ghCIFtc5WAfQHokU=,kiaDNhKGQNvdPX4JpF22zUBxt8A=
-12,-17,nEpX5GVdwF9ghCIFtc5WAfQHokU=,kiaDNhKGQNvdPX4JpF22zUBxt8A=
-14,-28,nEpX5GVdwF9ghCIFtc5WAfQHokU=,4sT38LPCRlL7XPfRK+1vNreT1WQ=
-13,-19,nEpX5GVdwF9ghCIFtc5WAfQHokU=,kiaDNhKGQNvdPX4JpF22zUBxt8A=
-13,-28,nEpX5GVdwF9ghCIFtc5WAfQHokU=,4sT38LPCRlL7XPfRK+1vNreT1WQ=
-11,-17,nEpX5GVdwF9ghCIFtc5WAfQHokU=,kiaDNhKGQNvdPX4JpF22zUBxt8A=
-12,-19,nEpX5GVdwF9ghCIFtc5WAfQHokU=,kiaDNhKGQNvdPX4JpF22zUBxt8A=
-11,-19,nEpX5GVdwF9ghCIFtc5WAfQHokU=,kiaDNhKGQNvdPX4JpF22zUBxt8A=
-12,-28,nEpX5GVdwF9ghCIFtc5WAfQHokU=,4sT38LPCRlL7XPfRK+1vNreT1WQ=
-10,-19,nEpX5GVdwF9ghCIFtc5WAfQHokU=,kiaDNhKGQNvdPX4JpF22zUBxt8A=
-10,-17,nEpX5GVdwF9ghCIFtc5WAfQHokU=,kiaDNhKGQNvdPX4JpF22zUBxt8A=
-15,-23,nEpX5GVdwF9ghCIFtc5WAfQHokU=,kiaDNhKGQNvdPX4JpF22zUBxt8A=
-11,-28,nEpX5GVdwF9ghCIFtc5WAfQHokU=,4sT38LPCRlL7XPfRK+1vNreT1WQ=
-14,-23,nEpX5GVdwF9ghCIFtc5WAfQHokU=,kiaDNhKGQNvdPX4JpF22zUBxt8A=
-10,-28,nEpX5GVdwF9ghCIFtc5WAfQHokU=,4sT38LPCRlL7XPfRK+1vNreT1WQ=
-9,-19,nEpX5GVdwF9ghCIFtc5WAfQHokU=,kiaDNhKGQNvdPX4JpF22zUBxt8A=
-13,-23,nEpX5GVdwF9ghCIFtc5WAfQHokU=,kiaDNhKGQNvdPX4JpF22zUBxt8A=
-15,-27,nEpX5GVdwF9ghCIFtc5WAfQHokU=,4sT38LPCRlL7XPfRK+1vNreT1WQ=
-14,-27,nEpX5GVdwF9ghCIFtc5WAfQHokU=,4sT38LPCRlL7XPfRK+1vNreT1WQ=
-13,-27,nEpX5GVdwF9ghCIFtc5WAfQHokU=,4sT38LPCRlL7XPfRK+1vNreT1WQ=
-8,-21,nEpX5GVdwF9ghCIFtc5WAfQHokU=,9DQ8asFbi9WBfrXHMEFHxmKOnRY=
-8,-19,nEpX5GVdwF9ghCIFtc5WAfQHokU=,9DQ8asFbi9WBfrXHMEFHxmKOnRY=
-3,-25,nEpX5GVdwF9ghCIFtc5WAfQHokU=,Ekh5DI7mtGhI/Yw5Hxoas/TG+xo=
-4,-25,nEpX5GVdwF9ghCIFtc5WAfQHokU=,Ekh5DI7mtGhI/Yw5Hxoas/TG+xo=
-15,-18,nEpX5GVdwF9ghCIFtc5WAfQHokU=,kiaDNhKGQNvdPX4JpF22zUBxt8A=
-14,-18,nEpX5GVdwF9ghCIFtc5WAfQHokU=,kiaDNhKGQNvdPX4JpF22zUBxt8A=
-13,-18,nEpX5GVdwF9ghCIFtc5WAfQHokU=,kiaDNhKGQNvdPX4JpF22zUBxt8A=
-12,-23,nEpX5GVdwF9ghCIFtc5WAfQHokU=,kiaDNhKGQNvdPX4JpF22zUBxt8A=
-12,-18,nEpX5GVdwF9ghCIFtc5WAfQHokU=,kiaDNhKGQNvdPX4JpF22zUBxt8A=
-11,-23,nEpX5GVdwF9ghCIFtc5WAfQHokU=,kiaDNhKGQNvdPX4JpF22zUBxt8A=
-2,-25,nEpX5GVdwF9ghCIFtc5WAfQHokU=,Ekh5DI7mtGhI/Yw5Hxoas/TG+xo=
-8,-24,nEpX5GVdwF9ghCIFtc5WAfQHokU=,9DQ8asFbi9WBfrXHMEFHxmKOnRY=
-9,-27,nEpX5GVdwF9ghCIFtc5WAfQHokU=,4sT38LPCRlL7XPfRK+1vNreT1WQ=
-10,-23,nEpX5GVdwF9ghCIFtc5WAfQHokU=,kiaDNhKGQNvdPX4JpF22zUBxt8A=
-16,-20,nEpX5GVdwF9ghCIFtc5WAfQHokU=,kiaDNhKGQNvdPX4JpF22zUBxt8A=
-9,-23,nEpX5GVdwF9ghCIFtc5WAfQHokU=,kiaDNhKGQNvdPX4JpF22zUBxt8A=
-7,-24,nEpX5GVdwF9ghCIFtc5WAfQHokU=,9DQ8asFbi9WBfrXHMEFHxmKOnRY=
-11,-18,nEpX5GVdwF9ghCIFtc5WAfQHokU=,kiaDNhKGQNvdPX4JpF22zUBxt8A=
-16,-19,nEpX5GVdwF9ghCIFtc5WAfQHokU=,kiaDNhKGQNvdPX4JpF22zUBxt8A=
-10,-18,nEpX5GVdwF9ghCIFtc5WAfQHokU=,kiaDNhKGQNvdPX4JpF22zUBxt8A=
-9,-18,nEpX5GVdwF9ghCIFtc5WAfQHokU=,kiaDNhKGQNvdPX4JpF22zUBxt8A=
-16,-23,nEpX5GVdwF9ghCIFtc5WAfQHokU=,kiaDNhKGQNvdPX4JpF22zUBxt8A=
-14,-22,nEpX5GVdwF9ghCIFtc5WAfQHokU=,kiaDNhKGQNvdPX4JpF22zUBxt8A=
-15,-22,nEpX5GVdwF9ghCIFtc5WAfQHokU=,kiaDNhKGQNvdPX4JpF22zUBxt8A=
-13,-22,nEpX5GVdwF9ghCIFtc5WAfQHokU=,kiaDNhKGQNvdPX4JpF22zUBxt8A=
-16,-18,nEpX5GVdwF9ghCIFtc5WAfQHokU=,kiaDNhKGQNvdPX4JpF22zUBxt8A=
-8,-23,nEpX5GVdwF9ghCIFtc5WAfQHokU=,9DQ8asFbi9WBfrXHMEFHxmKOnRY=
-12,-22,nEpX5GVdwF9ghCIFtc5WAfQHokU=,kiaDNhKGQNvdPX4JpF22zUBxt8A=
-10,-22,nEpX5GVdwF9ghCIFtc5WAfQHokU=,kiaDNhKGQNvdPX4JpF22zUBxt8A=
-11,-22,nEpX5GVdwF9ghCIFtc5WAfQHokU=,kiaDNhKGQNvdPX4JpF22zUBxt8A=
-9,-26,nEpX5GVdwF9ghCIFtc5WAfQHokU=,4sT38LPCRlL7XPfRK+1vNreT1WQ=
-6,-24,nEpX5GVdwF9ghCIFtc5WAfQHokU=,9DQ8asFbi9WBfrXHMEFHxmKOnRY=
-16,-22,nEpX5GVdwF9ghCIFtc5WAfQHokU=,kiaDNhKGQNvdPX4JpF22zUBxt8A=
-9,-22,nEpX5GVdwF9ghCIFtc5WAfQHokU=,kiaDNhKGQNvdPX4JpF22zUBxt8A=
-15,-21,nEpX5GVdwF9ghCIFtc5WAfQHokU=,kiaDNhKGQNvdPX4JpF22zUBxt8A=
-14,-21,nEpX5GVdwF9ghCIFtc5WAfQHokU=,kiaDNhKGQNvdPX4JpF22zUBxt8A=
-16,-21,nEpX5GVdwF9ghCIFtc5WAfQHokU=,kiaDNhKGQNvdPX4JpF22zUBxt8A=
-13,-21,nEpX5GVdwF9ghCIFtc5WAfQHokU=,kiaDNhKGQNvdPX4JpF22zUBxt8A=
-8,-22,nEpX5GVdwF9ghCIFtc5WAfQHokU=,9DQ8asFbi9WBfrXHMEFHxmKOnRY=
-1,-26,nEpX5GVdwF9ghCIFtc5WAfQHokU=,Ekh5DI7mtGhI/Yw5Hxoas/TG+xo=
-1,-27,nEpX5GVdwF9ghCIFtc5WAfQHokU=,Ekh5DI7mtGhI/Yw5Hxoas/TG+xo=
-1,-28,nEpX5GVdwF9ghCIFtc5WAfQHokU=,Ekh5DI7mtGhI/Yw5Hxoas/TG+xo=
-5,-25,nEpX5GVdwF9ghCIFtc5WAfQHokU=,Ekh5DI7mtGhI/Yw5Hxoas/TG+xo=
-1,-29,nEpX5GVdwF9ghCIFtc5WAfQHokU=,Ekh5DI7mtGhI/Yw5Hxoas/TG+xo=
-6,-25,nEpX5GVdwF9ghCIFtc5WAfQHokU=,Ekh5DI7mtGhI/Yw5Hxoas/TG+xo=
-1,-30,nEpX5GVdwF9ghCIFtc5WAfQHokU=,Ekh5DI7mtGhI/Yw5Hxoas/TG+xo=
-8,-25,nEpX5GVdwF9ghCIFtc5WAfQHokU=,Ekh5DI7mtGhI/Yw5Hxoas/TG+xo=
-2,-26,nEpX5GVdwF9ghCIFtc5WAfQHokU=,Ekh5DI7mtGhI/Yw5Hxoas/TG+xo=
-7,-25,nEpX5GVdwF9ghCIFtc5WAfQHokU=,Ekh5DI7mtGhI/Yw5Hxoas/TG+xo=
-3,-26,nEpX5GVdwF9ghCIFtc5WAfQHokU=,Ekh5DI7mtGhI/Yw5Hxoas/TG+xo=
-4,-26,nEpX5GVdwF9ghCIFtc5WAfQHokU=,Ekh5DI7mtGhI/Yw5Hxoas/TG+xo=
-8,-31,nEpX5GVdwF9ghCIFtc5WAfQHokU=,Ekh5DI7mtGhI/Yw5Hxoas/TG+xo=
-6,-26,nEpX5GVdwF9ghCIFtc5WAfQHokU=,Ekh5DI7mtGhI/Yw5Hxoas/TG+xo=
-9,-31,nEpX5GVdwF9ghCIFtc5WAfQHokU=,4sT38LPCRlL7XPfRK+1vNreT1WQ=
-9,-28,nEpX5GVdwF9ghCIFtc5WAfQHokU=,4sT38LPCRlL7XPfRK+1vNreT1WQ=
-7,-26,nEpX5GVdwF9ghCIFtc5WAfQHokU=,Ekh5DI7mtGhI/Yw5Hxoas/TG+xo=
-7,-31,nEpX5GVdwF9ghCIFtc5WAfQHokU=,Ekh5DI7mtGhI/Yw5Hxoas/TG+xo=
-6,-31,nEpX5GVdwF9ghCIFtc5WAfQHokU=,Ekh5DI7mtGhI/Yw5Hxoas/TG+xo=
-5,-24,nEpX5GVdwF9ghCIFtc5WAfQHokU=,9DQ8asFbi9WBfrXHMEFHxmKOnRY=
-5,-31,nEpX5GVdwF9ghCIFtc5WAfQHokU=,Ekh5DI7mtGhI/Yw5Hxoas/TG+xo=
-4,-31,nEpX5GVdwF9ghCIFtc5WAfQHokU=,Ekh5DI7mtGhI/Yw5Hxoas/TG+xo=
-9,-25,nEpX5GVdwF9ghCIFtc5WAfQHokU=,4sT38LPCRlL7XPfRK+1vNreT1WQ=
-3,-31,nEpX5GVdwF9ghCIFtc5WAfQHokU=,Ekh5DI7mtGhI/Yw5Hxoas/TG+xo=
-2,-31,nEpX5GVdwF9ghCIFtc5WAfQHokU=,Ekh5DI7mtGhI/Yw5Hxoas/TG+xo=
-8,-30,nEpX5GVdwF9ghCIFtc5WAfQHokU=,Ekh5DI7mtGhI/Yw5Hxoas/TG+xo=
-1,-25,nEpX5GVdwF9ghCIFtc5WAfQHokU=,Ekh5DI7mtGhI/Yw5Hxoas/TG+xo=
-9,-24,nEpX5GVdwF9ghCIFtc5WAfQHokU=,kiaDNhKGQNvdPX4JpF22zUBxt8A=
-1,-21,nEpX5GVdwF9ghCIFtc5WAfQHokU=,9DQ8asFbi9WBfrXHMEFHxmKOnRY=
-1,-31,nEpX5GVdwF9ghCIFtc5WAfQHokU=,Ekh5DI7mtGhI/Yw5Hxoas/TG+xo=
-1,-22,nEpX5GVdwF9ghCIFtc5WAfQHokU=,9DQ8asFbi9WBfrXHMEFHxmKOnRY=
-4,-17,nEpX5GVdwF9ghCIFtc5WAfQHokU=,9DQ8asFbi9WBfrXHMEFHxmKOnRY=
-9,-30,nEpX5GVdwF9ghCIFtc5WAfQHokU=,4sT38LPCRlL7XPfRK+1vNreT1WQ=
-3,-17,nEpX5GVdwF9ghCIFtc5WAfQHokU=,9DQ8asFbi9WBfrXHMEFHxmKOnRY=
-2,-17,nEpX5GVdwF9ghCIFtc5WAfQHokU=,9DQ8asFbi9WBfrXHMEFHxmKOnRY=
-1,-17,nEpX5GVdwF9ghCIFtc5WAfQHokU=,9DQ8asFbi9WBfrXHMEFHxmKOnRY=
-1,-20,nEpX5GVdwF9ghCIFtc5WAfQHokU=,9DQ8asFbi9WBfrXHMEFHxmKOnRY=
-4,-24,nEpX5GVdwF9ghCIFtc5WAfQHokU=,9DQ8asFbi9WBfrXHMEFHxmKOnRY=
-1,-18,nEpX5GVdwF9ghCIFtc5WAfQHokU=,9DQ8asFbi9WBfrXHMEFHxmKOnRY=
-1,-24,nEpX5GVdwF9ghCIFtc5WAfQHokU=,9DQ8asFbi9WBfrXHMEFHxmKOnRY=
-1,-19,nEpX5GVdwF9ghCIFtc5WAfQHokU=,9DQ8asFbi9WBfrXHMEFHxmKOnRY=
-8,-17,nEpX5GVdwF9ghCIFtc5WAfQHokU=,9DQ8asFbi9WBfrXHMEFHxmKOnRY=
-7,-30,nEpX5GVdwF9ghCIFtc5WAfQHokU=,Ekh5DI7mtGhI/Yw5Hxoas/TG+xo=
-7,-17,nEpX5GVdwF9ghCIFtc5WAfQHokU=,9DQ8asFbi9WBfrXHMEFHxmKOnRY=
-5,-17,nEpX5GVdwF9ghCIFtc5WAfQHokU=,9DQ8asFbi9WBfrXHMEFHxmKOnRY=
-6,-17,nEpX5GVdwF9ghCIFtc5WAfQHokU=,9DQ8asFbi9WBfrXHMEFHxmKOnRY=
-1,-23,nEpX5GVdwF9ghCIFtc5WAfQHokU=,9DQ8asFbi9WBfrXHMEFHxmKOnRY=
-9,-29,nEpX5GVdwF9ghCIFtc5WAfQHokU=,4sT38LPCRlL7XPfRK+1vNreT1WQ=
-3,-24,nEpX5GVdwF9ghCIFtc5WAfQHokU=,9DQ8asFbi9WBfrXHMEFHxmKOnRY=
-9,-17,nEpX5GVdwF9ghCIFtc5WAfQHokU=,kiaDNhKGQNvdPX4JpF22zUBxt8A=
-6,-30,nEpX5GVdwF9ghCIFtc5WAfQHokU=,Ekh5DI7mtGhI/Yw5Hxoas/TG+xo=
-16,-26,nEpX5GVdwF9ghCIFtc5WAfQHokU=,4sT38LPCRlL7XPfRK+1vNreT1WQ=
-4,-30,nEpX5GVdwF9ghCIFtc5WAfQHokU=,Ekh5DI7mtGhI/Yw5Hxoas/TG+xo=
-5,-30,nEpX5GVdwF9ghCIFtc5WAfQHokU=,Ekh5DI7mtGhI/Yw5Hxoas/TG+xo=
-16,-31,nEpX5GVdwF9ghCIFtc5WAfQHokU=,4sT38LPCRlL7XPfRK+1vNreT1WQ=
-3,-30,nEpX5GVdwF9ghCIFtc5WAfQHokU=,Ekh5DI7mtGhI/Yw5Hxoas/TG+xo=
-16,-30,nEpX5GVdwF9ghCIFtc5WAfQHokU=,4sT38LPCRlL7XPfRK+1vNreT1WQ=
-2,-30,nEpX5GVdwF9ghCIFtc5WAfQHokU=,Ekh5DI7mtGhI/Yw5Hxoas/TG+xo=
-16,-25,nEpX5GVdwF9ghCIFtc5WAfQHokU=,4sT38LPCRlL7XPfRK+1vNreT1WQ=
-16,-24,nEpX5GVdwF9ghCIFtc5WAfQHokU=,kiaDNhKGQNvdPX4JpF22zUBxt8A=
-16,-29,nEpX5GVdwF9ghCIFtc5WAfQHokU=,4sT38LPCRlL7XPfRK+1vNreT1WQ=
-8,-29,nEpX5GVdwF9ghCIFtc5WAfQHokU=,Ekh5DI7mtGhI/Yw5Hxoas/TG+xo=
-16,-28,nEpX5GVdwF9ghCIFtc5WAfQHokU=,4sT38LPCRlL7XPfRK+1vNreT1WQ=
-16,-27,nEpX5GVdwF9ghCIFtc5WAfQHokU=,4sT38LPCRlL7XPfRK+1vNreT1WQ=
-15,-32,nEpX5GVdwF9ghCIFtc5WAfQHokU=,4sT38LPCRlL7XPfRK+1vNreT1WQ=
-7,-29,nEpX5GVdwF9ghCIFtc5WAfQHokU=,Ekh5DI7mtGhI/Yw5Hxoas/TG+xo=
-13,-32,nEpX5GVdwF9ghCIFtc5WAfQHokU=,4sT38LPCRlL7XPfRK+1vNreT1WQ=
-14,-32,nEpX5GVdwF9ghCIFtc5WAfQHokU=,4sT38LPCRlL7XPfRK+1vNreT1WQ=
-8,-32,nEpX5GVdwF9ghCIFtc5WAfQHokU=,Ekh5DI7mtGhI/Yw5Hxoas/TG+xo=
-6,-29,nEpX5GVdwF9ghCIFtc5WAfQHokU=,Ekh5DI7mtGhI/Yw5Hxoas/TG+xo=
-12,-32,nEpX5GVdwF9ghCIFtc5WAfQHokU=,4sT38LPCRlL7XPfRK+1vNreT1WQ=
-5,-29,nEpX5GVdwF9ghCIFtc5WAfQHokU=,Ekh5DI7mtGhI/Yw5Hxoas/TG+xo=
-7,-32,nEpX5GVdwF9ghCIFtc5WAfQHokU=,Ekh5DI7mtGhI/Yw5Hxoas/TG+xo=
-6,-32,nEpX5GVdwF9ghCIFtc5WAfQHokU=,Ekh5DI7mtGhI/Yw5Hxoas/TG+xo=
-9,-32,nEpX5GVdwF9ghCIFtc5WAfQHokU=,4sT38LPCRlL7XPfRK+1vNreT1WQ=
-11,-32,nEpX5GVdwF9ghCIFtc5WAfQHokU=,4sT38LPCRlL7XPfRK+1vNreT1WQ=
-5,-32,nEpX5GVdwF9ghCIFtc5WAfQHokU=,Ekh5DI7mtGhI/Yw5Hxoas/TG+xo=
-4,-29,nEpX5GVdwF9ghCIFtc5WAfQHokU=,Ekh5DI7mtGhI/Yw5Hxoas/TG+xo=
-3,-29,nEpX5GVdwF9ghCIFtc5WAfQHokU=,Ekh5DI7mtGhI/Yw5Hxoas/TG+xo=
-10,-32,nEpX5GVdwF9ghCIFtc5WAfQHokU=,4sT38LPCRlL7XPfRK+1vNreT1WQ=
-4,-32,nEpX5GVdwF9ghCIFtc5WAfQHokU=,Ekh5DI7mtGhI/Yw5Hxoas/TG+xo=
-16,-17,nEpX5GVdwF9ghCIFtc5WAfQHokU=,kiaDNhKGQNvdPX4JpF22zUBxt8A=
-2,-29,nEpX5GVdwF9ghCIFtc5WAfQHokU=,Ekh5DI7mtGhI/Yw5Hxoas/TG+xo=
-16,-32,nEpX5GVdwF9ghCIFtc5WAfQHokU=,4sT38LPCRlL7XPfRK+1vNreT1WQ=
-8,-28,nEpX5GVdwF9ghCIFtc5WAfQHokU=,Ekh5DI7mtGhI/Yw5Hxoas/TG+xo=
-8,-26,nEpX5GVdwF9ghCIFtc5WAfQHokU=,Ekh5DI7mtGhI/Yw5Hxoas/TG+xo=
-3,-32,nEpX5GVdwF9ghCIFtc5WAfQHokU=,Ekh5DI7mtGhI/Yw5Hxoas/TG+xo=
-1,-32,nEpX5GVdwF9ghCIFtc5WAfQHokU=,Ekh5DI7mtGhI/Yw5Hxoas/TG+xo=
-7,-28,nEpX5GVdwF9ghCIFtc5WAfQHokU=,Ekh5DI7mtGhI/Yw5Hxoas/TG+xo=
-3,-27,nEpX5GVdwF9ghCIFtc5WAfQHokU=,Ekh5DI7mtGhI/Yw5Hxoas/TG+xo=
-2,-27,nEpX5GVdwF9ghCIFtc5WAfQHokU=,Ekh5DI7mtGhI/Yw5Hxoas/TG+xo=
-5,-27,nEpX5GVdwF9ghCIFtc5WAfQHokU=,Ekh5DI7mtGhI/Yw5Hxoas/TG+xo=
-6,-28,nEpX5GVdwF9ghCIFtc5WAfQHokU=,Ekh5DI7mtGhI/Yw5Hxoas/TG+xo=
-2,-24,nEpX5GVdwF9ghCIFtc5WAfQHokU=,9DQ8asFbi9WBfrXHMEFHxmKOnRY=
-2,-32,nEpX5GVdwF9ghCIFtc5WAfQHokU=,Ekh5DI7mtGhI/Yw5Hxoas/TG+xo=
-6,-27,nEpX5GVdwF9ghCIFtc5WAfQHokU=,Ekh5DI7mtGhI/Yw5Hxoas/TG+xo=
-4,-27,nEpX5GVdwF9ghCIFtc5WAfQHokU=,Ekh5DI7mtGhI/Yw5Hxoas/TG+xo=
-5,-28,nEpX5GVdwF9ghCIFtc5WAfQHokU=,Ekh5DI7mtGhI/Yw5Hxoas/TG+xo=
-8,-27,nEpX5GVdwF9ghCIFtc5WAfQHokU=,Ekh5DI7mtGhI/Yw5Hxoas/TG+xo=
-2,-28,nEpX5GVdwF9ghCIFtc5WAfQHokU=,Ekh5DI7mtGhI/Yw5Hxoas/TG+xo=
-7,-27,nEpX5GVdwF9ghCIFtc5WAfQHokU=,Ekh5DI7mtGhI/Yw5Hxoas/TG+xo=
-5,-26,nEpX5GVdwF9ghCIFtc5WAfQHokU=,Ekh5DI7mtGhI/Yw5Hxoas/TG+xo=
-3,-28,nEpX5GVdwF9ghCIFtc5WAfQHokU=,Ekh5DI7mtGhI/Yw5Hxoas/TG+xo=
-4,-28,nEpX5GVdwF9ghCIFtc5WAfQHokU=,Ekh5DI7mtGhI/Yw5Hxoas/TG+xo=
-28,-21,y2Q5F+jV1nw9xoXUU4Mz71VB/d8=,7Z3Q/SVPrAbuA6F/RJGpbhOBV0A=
-27,-21,y2Q5F+jV1nw9xoXUU4Mz71VB/d8=,7Z3Q/SVPrAbuA6F/RJGpbhOBV0A=
-26,-21,y2Q5F+jV1nw9xoXUU4Mz71VB/d8=,7Z3Q/SVPrAbuA6F/RJGpbhOBV0A=
-31,-20,lndl2GPZyllCowJYQ+mX6Tod3a0=,7Z3Q/SVPrAbuA6F/RJGpbhOBV0A=
-19,-26,VhnhXtX6Ye93du4l9yycqHcQADM=,FNbBIYbqMSKY5s7svKzuCEKf2FA=
-18,-26,VhnhXtX6Ye93du4l9yycqHcQADM=,FNbBIYbqMSKY5s7svKzuCEKf2FA=
-20,-26,VhnhXtX6Ye93du4l9yycqHcQADM=,FNbBIYbqMSKY5s7svKzuCEKf2FA=
-23,-31,VhnhXtX6Ye93du4l9yycqHcQADM=,FNbBIYbqMSKY5s7svKzuCEKf2FA=
-22,-31,VhnhXtX6Ye93du4l9yycqHcQADM=,FNbBIYbqMSKY5s7svKzuCEKf2FA=
-21,-26,VhnhXtX6Ye93du4l9yycqHcQADM=,FNbBIYbqMSKY5s7svKzuCEKf2FA=
-21,-31,VhnhXtX6Ye93du4l9yycqHcQADM=,FNbBIYbqMSKY5s7svKzuCEKf2FA=
-20,-31,VhnhXtX6Ye93du4l9yycqHcQADM=,FNbBIYbqMSKY5s7svKzuCEKf2FA=
-23,-26,VhnhXtX6Ye93du4l9yycqHcQADM=,FNbBIYbqMSKY5s7svKzuCEKf2FA=
-19,-31,VhnhXtX6Ye93du4l9yycqHcQADM=,FNbBIYbqMSKY5s7svKzuCEKf2FA=
-18,-27,VhnhXtX6Ye93du4l9yycqHcQADM=,FNbBIYbqMSKY5s7svKzuCEKf2FA=
-19,-27,VhnhXtX6Ye93du4l9yycqHcQADM=,FNbBIYbqMSKY5s7svKzuCEKf2FA=
-21,-27,VhnhXtX6Ye93du4l9yycqHcQADM=,FNbBIYbqMSKY5s7svKzuCEKf2FA=
-20,-27,VhnhXtX6Ye93du4l9yycqHcQADM=,FNbBIYbqMSKY5s7svKzuCEKf2FA=
-18,-31,VhnhXtX6Ye93du4l9yycqHcQADM=,FNbBIYbqMSKY5s7svKzuCEKf2FA=
-22,-27,VhnhXtX6Ye93du4l9yycqHcQADM=,FNbBIYbqMSKY5s7svKzuCEKf2FA=
-29,-21,VhnhXtX6Ye93du4l9yycqHcQADM=,7Z3Q/SVPrAbuA6F/RJGpbhOBV0A=
-23,-27,VhnhXtX6Ye93du4l9yycqHcQADM=,FNbBIYbqMSKY5s7svKzuCEKf2FA=
-18,-28,VhnhXtX6Ye93du4l9yycqHcQADM=,FNbBIYbqMSKY5s7svKzuCEKf2FA=
-23,-30,VhnhXtX6Ye93du4l9yycqHcQADM=,FNbBIYbqMSKY5s7svKzuCEKf2FA=
-19,-28,VhnhXtX6Ye93du4l9yycqHcQADM=,FNbBIYbqMSKY5s7svKzuCEKf2FA=
-22,-26,VhnhXtX6Ye93du4l9yycqHcQADM=,FNbBIYbqMSKY5s7svKzuCEKf2FA=
-20,-28,VhnhXtX6Ye93du4l9yycqHcQADM=,FNbBIYbqMSKY5s7svKzuCEKf2FA=
-22,-30,VhnhXtX6Ye93du4l9yycqHcQADM=,FNbBIYbqMSKY5s7svKzuCEKf2FA=
-21,-28,VhnhXtX6Ye93du4l9yycqHcQADM=,FNbBIYbqMSKY5s7svKzuCEKf2FA=
-21,-30,VhnhXtX6Ye93du4l9yycqHcQADM=,FNbBIYbqMSKY5s7svKzuCEKf2FA=
-30,-21,VhnhXtX6Ye93du4l9yycqHcQADM=,7Z3Q/SVPrAbuA6F/RJGpbhOBV0A=
-23,-28,VhnhXtX6Ye93du4l9yycqHcQADM=,FNbBIYbqMSKY5s7svKzuCEKf2FA=
-22,-28,VhnhXtX6Ye93du4l9yycqHcQADM=,FNbBIYbqMSKY5s7svKzuCEKf2FA=
-20,-30,VhnhXtX6Ye93du4l9yycqHcQADM=,FNbBIYbqMSKY5s7svKzuCEKf2FA=
-18,-29,VhnhXtX6Ye93du4l9yycqHcQADM=,FNbBIYbqMSKY5s7svKzuCEKf2FA=
-19,-29,VhnhXtX6Ye93du4l9yycqHcQADM=,FNbBIYbqMSKY5s7svKzuCEKf2FA=
-21,-29,VhnhXtX6Ye93du4l9yycqHcQADM=,FNbBIYbqMSKY5s7svKzuCEKf2FA=
-31,-21,VhnhXtX6Ye93du4l9yycqHcQADM=,7Z3Q/SVPrAbuA6F/RJGpbhOBV0A=
-20,-29,VhnhXtX6Ye93du4l9yycqHcQADM=,FNbBIYbqMSKY5s7svKzuCEKf2FA=
-19,-30,VhnhXtX6Ye93du4l9yycqHcQADM=,FNbBIYbqMSKY5s7svKzuCEKf2FA=
-26,-22,VhnhXtX6Ye93du4l9yycqHcQADM=,7Z3Q/SVPrAbuA6F/RJGpbhOBV0A=
-18,-30,VhnhXtX6Ye93du4l9yycqHcQADM=,FNbBIYbqMSKY5s7svKzuCEKf2FA=
-22,-29,VhnhXtX6Ye93du4l9yycqHcQADM=,FNbBIYbqMSKY5s7svKzuCEKf2FA=
-23,-29,VhnhXtX6Ye93du4l9yycqHcQADM=,FNbBIYbqMSKY5s7svKzuCEKf2FA=
-27,-22,VhnhXtX6Ye93du4l9yycqHcQADM=,7Z3Q/SVPrAbuA6F/RJGpbhOBV0A=
-30,-22,VhnhXtX6Ye93du4l9yycqHcQADM=,7Z3Q/SVPrAbuA6F/RJGpbhOBV0A=
-29,-22,VhnhXtX6Ye93du4l9yycqHcQADM=,7Z3Q/SVPrAbuA6F/RJGpbhOBV0A=
-31,-22,VhnhXtX6Ye93du4l9yycqHcQADM=,7Z3Q/SVPrAbuA6F/RJGpbhOBV0A=
-27,-23,VhnhXtX6Ye93du4l9yycqHcQADM=,7Z3Q/SVPrAbuA6F/RJGpbhOBV0A=
-28,-22,VhnhXtX6Ye93du4l9yycqHcQADM=,7Z3Q/SVPrAbuA6F/RJGpbhOBV0A=
-28,-23,VhnhXtX6Ye93du4l9yycqHcQADM=,7Z3Q/SVPrAbuA6F/RJGpbhOBV0A=
-28,-18,VhnhXtX6Ye93du4l9yycqHcQADM=,7Z3Q/SVPrAbuA6F/RJGpbhOBV0A=
-26,-18,VhnhXtX6Ye93du4l9yycqHcQADM=,7Z3Q/SVPrAbuA6F/RJGpbhOBV0A=
-27,-18,VhnhXtX6Ye93du4l9yycqHcQADM=,7Z3Q/SVPrAbuA6F/RJGpbhOBV0A=
-26,-23,VhnhXtX6Ye93du4l9yycqHcQADM=,7Z3Q/SVPrAbuA6F/RJGpbhOBV0A=
-29,-23,VhnhXtX6Ye93du4l9yycqHcQADM=,7Z3Q/SVPrAbuA6F/RJGpbhOBV0A=
-29,-18,VhnhXtX6Ye93du4l9yycqHcQADM=,7Z3Q/SVPrAbuA6F/RJGpbhOBV0A=
-30,-23,VhnhXtX6Ye93du4l9yycqHcQADM=,7Z3Q/SVPrAbuA6F/RJGpbhOBV0A=
-30,-18,VhnhXtX6Ye93du4l9yycqHcQADM=,7Z3Q/SVPrAbuA6F/RJGpbhOBV0A=
-27,-19,VhnhXtX6Ye93du4l9yycqHcQADM=,7Z3Q/SVPrAbuA6F/RJGpbhOBV0A=
-26,-19,VhnhXtX6Ye93du4l9yycqHcQADM=,7Z3Q/SVPrAbuA6F/RJGpbhOBV0A=
-28,-19,VhnhXtX6Ye93du4l9yycqHcQADM=,7Z3Q/SVPrAbuA6F/RJGpbhOBV0A=
-31,-23,VhnhXtX6Ye93du4l9yycqHcQADM=,7Z3Q/SVPrAbuA6F/RJGpbhOBV0A=
-29,-19,VhnhXtX6Ye93du4l9yycqHcQADM=,7Z3Q/SVPrAbuA6F/RJGpbhOBV0A=
-30,-19,VhnhXtX6Ye93du4l9yycqHcQADM=,7Z3Q/SVPrAbuA6F/RJGpbhOBV0A=
-31,-18,VhnhXtX6Ye93du4l9yycqHcQADM=,7Z3Q/SVPrAbuA6F/RJGpbhOBV0A=
-27,-20,VhnhXtX6Ye93du4l9yycqHcQADM=,7Z3Q/SVPrAbuA6F/RJGpbhOBV0A=
-31,-19,VhnhXtX6Ye93du4l9yycqHcQADM=,7Z3Q/SVPrAbuA6F/RJGpbhOBV0A=
-26,-20,VhnhXtX6Ye93du4l9yycqHcQADM=,7Z3Q/SVPrAbuA6F/RJGpbhOBV0A=
-28,-20,VhnhXtX6Ye93du4l9yycqHcQADM=,7Z3Q/SVPrAbuA6F/RJGpbhOBV0A=
-29,-20,VhnhXtX6Ye93du4l9yycqHcQADM=,7Z3Q/SVPrAbuA6F/RJGpbhOBV0A=
-30,-20,VhnhXtX6Ye93du4l9yycqHcQADM=,7Z3Q/SVPrAbuA6F/RJGpbhOBV0A=
-20,-17,VhnhXtX6Ye93du4l9yycqHcQADM=,+/xMGOdorEN5FF/yVGQ5z2rSLbo=
-18,-19,VhnhXtX6Ye93du4l9yycqHcQADM=,+/xMGOdorEN5FF/yVGQ5z2rSLbo=
-19,-17,VhnhXtX6Ye93du4l9yycqHcQADM=,+/xMGOdorEN5FF/yVGQ5z2rSLbo=
-20,-25,VhnhXtX6Ye93du4l9yycqHcQADM=,FNbBIYbqMSKY5s7svKzuCEKf2FA=
-28,-27,VhnhXtX6Ye93du4l9yycqHcQADM=,mW9KCCf4SBEDGZegXZgJeh4kcK0=
-27,-27,VhnhXtX6Ye93du4l9yycqHcQADM=,mW9KCCf4SBEDGZegXZgJeh4kcK0=
-26,-27,VhnhXtX6Ye93du4l9yycqHcQADM=,mW9KCCf4SBEDGZegXZgJeh4kcK0=
-25,-27,VhnhXtX6Ye93du4l9yycqHcQADM=,mW9KCCf4SBEDGZegXZgJeh4kcK0=
-31,-26,VhnhXtX6Ye93du4l9yycqHcQADM=,mW9KCCf4SBEDGZegXZgJeh4kcK0=
-21,-24,VhnhXtX6Ye93du4l9yycqHcQADM=,+/xMGOdorEN5FF/yVGQ5z2rSLbo=
-19,-25,VhnhXtX6Ye93du4l9yycqHcQADM=,FNbBIYbqMSKY5s7svKzuCEKf2FA=
-18,-25,VhnhXtX6Ye93du4l9yycqHcQADM=,FNbBIYbqMSKY5s7svKzuCEKf2FA=
-32,-26,VhnhXtX6Ye93du4l9yycqHcQADM=,mW9KCCf4SBEDGZegXZgJeh4kcK0=
-32,-31,VhnhXtX6Ye93du4l9yycqHcQADM=,mW9KCCf4SBEDGZegXZgJeh4kcK0=
-30,-26,VhnhXtX6Ye93du4l9yycqHcQADM=,mW9KCCf4SBEDGZegXZgJeh4kcK0=
-18,-17,VhnhXtX6Ye93du4l9yycqHcQADM=,+/xMGOdorEN5FF/yVGQ5z2rSLbo=
-32,-29,VhnhXtX6Ye93du4l9yycqHcQADM=,mW9KCCf4SBEDGZegXZgJeh4kcK0=
-32,-30,VhnhXtX6Ye93du4l9yycqHcQADM=,mW9KCCf4SBEDGZegXZgJeh4kcK0=
-22,-21,VhnhXtX6Ye93du4l9yycqHcQADM=,+/xMGOdorEN5FF/yVGQ5z2rSLbo=
-29,-26,VhnhXtX6Ye93du4l9yycqHcQADM=,mW9KCCf4SBEDGZegXZgJeh4kcK0=
-32,-28,VhnhXtX6Ye93du4l9yycqHcQADM=,mW9KCCf4SBEDGZegXZgJeh4kcK0=
-32,-27,VhnhXtX6Ye93du4l9yycqHcQADM=,mW9KCCf4SBEDGZegXZgJeh4kcK0=
-28,-26,VhnhXtX6Ye93du4l9yycqHcQADM=,mW9KCCf4SBEDGZegXZgJeh4kcK0=
-17,-19,VhnhXtX6Ye93du4l9yycqHcQADM=,+/xMGOdorEN5FF/yVGQ5z2rSLbo=
-31,-32,VhnhXtX6Ye93du4l9yycqHcQADM=,mW9KCCf4SBEDGZegXZgJeh4kcK0=
-30,-32,VhnhXtX6Ye93du4l9yycqHcQADM=,mW9KCCf4SBEDGZegXZgJeh4kcK0=
-29,-32,VhnhXtX6Ye93du4l9yycqHcQADM=,mW9KCCf4SBEDGZegXZgJeh4kcK0=
-24,-24,VhnhXtX6Ye93du4l9yycqHcQADM=,+/xMGOdorEN5FF/yVGQ5z2rSLbo=
-27,-26,VhnhXtX6Ye93du4l9yycqHcQADM=,mW9KCCf4SBEDGZegXZgJeh4kcK0=
-26,-26,VhnhXtX6Ye93du4l9yycqHcQADM=,mW9KCCf4SBEDGZegXZgJeh4kcK0=
-20,-24,VhnhXtX6Ye93du4l9yycqHcQADM=,+/xMGOdorEN5FF/yVGQ5z2rSLbo=
-31,-31,VhnhXtX6Ye93du4l9yycqHcQADM=,mW9KCCf4SBEDGZegXZgJeh4kcK0=
-25,-26,VhnhXtX6Ye93du4l9yycqHcQADM=,mW9KCCf4SBEDGZegXZgJeh4kcK0=
-22,-22,VhnhXtX6Ye93du4l9yycqHcQADM=,+/xMGOdorEN5FF/yVGQ5z2rSLbo=
-28,-32,VhnhXtX6Ye93du4l9yycqHcQADM=,mW9KCCf4SBEDGZegXZgJeh4kcK0=
-21,-21,VhnhXtX6Ye93du4l9yycqHcQADM=,+/xMGOdorEN5FF/yVGQ5z2rSLbo=
-30,-31,VhnhXtX6Ye93du4l9yycqHcQADM=,mW9KCCf4SBEDGZegXZgJeh4kcK0=
-31,-25,VhnhXtX6Ye93du4l9yycqHcQADM=,mW9KCCf4SBEDGZegXZgJeh4kcK0=
-18,-18,VhnhXtX6Ye93du4l9yycqHcQADM=,+/xMGOdorEN5FF/yVGQ5z2rSLbo=
-27,-32,VhnhXtX6Ye93du4l9yycqHcQADM=,mW9KCCf4SBEDGZegXZgJeh4kcK0=
-19,-24,VhnhXtX6Ye93du4l9yycqHcQADM=,+/xMGOdorEN5FF/yVGQ5z2rSLbo=
-25,-21,VhnhXtX6Ye93du4l9yycqHcQADM=,7Z3Q/SVPrAbuA6F/RJGpbhOBV0A=
-21,-22,VhnhXtX6Ye93du4l9yycqHcQADM=,+/xMGOdorEN5FF/yVGQ5z2rSLbo=
-20,-22,VhnhXtX6Ye93du4l9yycqHcQADM=,+/xMGOdorEN5FF/yVGQ5z2rSLbo=
-26,-32,VhnhXtX6Ye93du4l9yycqHcQADM=,mW9KCCf4SBEDGZegXZgJeh4kcK0=
-24,-31,VhnhXtX6Ye93du4l9yycqHcQADM=,FNbBIYbqMSKY5s7svKzuCEKf2FA=
-24,-18,VhnhXtX6Ye93du4l9yycqHcQADM=,+/xMGOdorEN5FF/yVGQ5z2rSLbo=
-29,-31,VhnhXtX6Ye93du4l9yycqHcQADM=,mW9KCCf4SBEDGZegXZgJeh4kcK0=
-19,-22,VhnhXtX6Ye93du4l9yycqHcQADM=,+/xMGOdorEN5FF/yVGQ5z2rSLbo=
-18,-24,VhnhXtX6Ye93du4l9yycqHcQADM=,+/xMGOdorEN5FF/yVGQ5z2rSLbo=
-23,-18,VhnhXtX6Ye93du4l9yycqHcQADM=,+/xMGOdorEN5FF/yVGQ5z2rSLbo=
-28,-31,VhnhXtX6Ye93du4l9yycqHcQADM=,mW9KCCf4SBEDGZegXZgJeh4kcK0=
-24,-20,VhnhXtX6Ye93du4l9yycqHcQADM=,+/xMGOdorEN5FF/yVGQ5z2rSLbo=
-30,-25,VhnhXtX6Ye93du4l9yycqHcQADM=,mW9KCCf4SBEDGZegXZgJeh4kcK0=
-27,-31,VhnhXtX6Ye93du4l9yycqHcQADM=,mW9KCCf4SBEDGZegXZgJeh4kcK0=
-17,-18,VhnhXtX6Ye93du4l9yycqHcQADM=,+/xMGOdorEN5FF/yVGQ5z2rSLbo=
-29,-25,VhnhXtX6Ye93du4l9yycqHcQADM=,mW9KCCf4SBEDGZegXZgJeh4kcK0=
-18,-22,VhnhXtX6Ye93du4l9yycqHcQADM=,+/xMGOdorEN5FF/yVGQ5z2rSLbo=
-24,-19,VhnhXtX6Ye93du4l9yycqHcQADM=,+/xMGOdorEN5FF/yVGQ5z2rSLbo=
-23,-19,VhnhXtX6Ye93du4l9yycqHcQADM=,+/xMGOdorEN5FF/yVGQ5z2rSLbo=
-24,-17,VhnhXtX6Ye93du4l9yycqHcQADM=,+/xMGOdorEN5FF/yVGQ5z2rSLbo=
-24,-30,VhnhXtX6Ye93du4l9yycqHcQADM=,FNbBIYbqMSKY5s7svKzuCEKf2FA=
-28,-25,VhnhXtX6Ye93du4l9yycqHcQADM=,mW9KCCf4SBEDGZegXZgJeh4kcK0=
-31,-17,VhnhXtX6Ye93du4l9yycqHcQADM=,7Z3Q/SVPrAbuA6F/RJGpbhOBV0A=
-27,-25,VhnhXtX6Ye93du4l9yycqHcQADM=,mW9KCCf4SBEDGZegXZgJeh4kcK0=
-30,-17,VhnhXtX6Ye93du4l9yycqHcQADM=,7Z3Q/SVPrAbuA6F/RJGpbhOBV0A=
-29,-17,VhnhXtX6Ye93du4l9yycqHcQADM=,7Z3Q/SVPrAbuA6F/RJGpbhOBV0A=
-28,-17,VhnhXtX6Ye93du4l9yycqHcQADM=,7Z3Q/SVPrAbuA6F/RJGpbhOBV0A=
-17,-22,VhnhXtX6Ye93du4l9yycqHcQADM=,+/xMGOdorEN5FF/yVGQ5z2rSLbo=
-27,-17,VhnhXtX6Ye93du4l9yycqHcQADM=,7Z3Q/SVPrAbuA6F/RJGpbhOBV0A=
-26,-31,VhnhXtX6Ye93du4l9yycqHcQADM=,mW9KCCf4SBEDGZegXZgJeh4kcK0=
-26,-17,VhnhXtX6Ye93du4l9yycqHcQADM=,7Z3Q/SVPrAbuA6F/RJGpbhOBV0A=
-22,-19,VhnhXtX6Ye93du4l9yycqHcQADM=,+/xMGOdorEN5FF/yVGQ5z2rSLbo=
-25,-31,VhnhXtX6Ye93du4l9yycqHcQADM=,mW9KCCf4SBEDGZegXZgJeh4kcK0=
-25,-17,VhnhXtX6Ye93du4l9yycqHcQADM=,7Z3Q/SVPrAbuA6F/RJGpbhOBV0A=
-32,-25,VhnhXtX6Ye93du4l9yycqHcQADM=,mW9KCCf4SBEDGZegXZgJeh4kcK0=
-25,-20,VhnhXtX6Ye93du4l9yycqHcQADM=,7Z3Q/SVPrAbuA6F/RJGpbhOBV0A=
-26,-25,VhnhXtX6Ye93du4l9yycqHcQADM=,mW9KCCf4SBEDGZegXZgJeh4kcK0=
-21,-19,VhnhXtX6Ye93du4l9yycqHcQADM=,+/xMGOdorEN5FF/yVGQ5z2rSLbo=
-32,-20,VhnhXtX6Ye93du4l9yycqHcQADM=,7Z3Q/SVPrAbuA6F/RJGpbhOBV0A=
-32,-24,VhnhXtX6Ye93du4l9yycqHcQADM=,7Z3Q/SVPrAbuA6F/RJGpbhOBV0A=
-25,-25,VhnhXtX6Ye93du4l9yycqHcQADM=,mW9KCCf4SBEDGZegXZgJeh4kcK0=
-20,-19,VhnhXtX6Ye93du4l9yycqHcQADM=,+/xMGOdorEN5FF/yVGQ5z2rSLbo=
-24,-29,VhnhXtX6Ye93du4l9yycqHcQADM=,FNbBIYbqMSKY5s7svKzuCEKf2FA=
-31,-24,VhnhXtX6Ye93du4l9yycqHcQADM=,7Z3Q/SVPrAbuA6F/RJGpbhOBV0A=
-32,-17,VhnhXtX6Ye93du4l9yycqHcQADM=,7Z3Q/SVPrAbuA6F/RJGpbhOBV0A=
-30,-24,VhnhXtX6Ye93du4l9yycqHcQADM=,7Z3Q/SVPrAbuA6F/RJGpbhOBV0A=
-19,-19,VhnhXtX6Ye93du4l9yycqHcQADM=,+/xMGOdorEN5FF/yVGQ5z2rSLbo=
-29,-24,VhnhXtX6Ye93du4l9yycqHcQADM=,7Z3Q/SVPrAbuA6F/RJGpbhOBV0A=
-24,-28,VhnhXtX6Ye93du4l9yycqHcQADM=,FNbBIYbqMSKY5s7svKzuCEKf2FA=
-28,-24,VhnhXtX6Ye93du4l9yycqHcQADM=,7Z3Q/SVPrAbuA6F/RJGpbhOBV0A=
-23,-24,VhnhXtX6Ye93du4l9yycqHcQADM=,+/xMGOdorEN5FF/yVGQ5z2rSLbo=
-27,-24,VhnhXtX6Ye93du4l9yycqHcQADM=,7Z3Q/SVPrAbuA6F/RJGpbhOBV0A=
-24,-23,VhnhXtX6Ye93du4l9yycqHcQADM=,+/xMGOdorEN5FF/yVGQ5z2rSLbo=
-22,-18,VhnhXtX6Ye93du4l9yycqHcQADM=,+/xMGOdorEN5FF/yVGQ5z2rSLbo=
-24,-21,VhnhXtX6Ye93du4l9yycqHcQADM=,+/xMGOdorEN5FF/yVGQ5z2rSLbo=
-26,-24,VhnhXtX6Ye93du4l9yycqHcQADM=,7Z3Q/SVPrAbuA6F/RJGpbhOBV0A=
-21,-23,VhnhXtX6Ye93du4l9yycqHcQADM=,+/xMGOdorEN5FF/yVGQ5z2rSLbo=
-24,-27,VhnhXtX6Ye93du4l9yycqHcQADM=,FNbBIYbqMSKY5s7svKzuCEKf2FA=
-20,-23,VhnhXtX6Ye93du4l9yycqHcQADM=,+/xMGOdorEN5FF/yVGQ5z2rSLbo=
-17,-25,VhnhXtX6Ye93du4l9yycqHcQADM=,FNbBIYbqMSKY5s7svKzuCEKf2FA=
-17,-31,VhnhXtX6Ye93du4l9yycqHcQADM=,FNbBIYbqMSKY5s7svKzuCEKf2FA=
-17,-30,VhnhXtX6Ye93du4l9yycqHcQADM=,FNbBIYbqMSKY5s7svKzuCEKf2FA=
-17,-29,VhnhXtX6Ye93du4l9yycqHcQADM=,FNbBIYbqMSKY5s7svKzuCEKf2FA=
-19,-23,VhnhXtX6Ye93du4l9yycqHcQADM=,+/xMGOdorEN5FF/yVGQ5z2rSLbo=
-17,-24,VhnhXtX6Ye93du4l9yycqHcQADM=,+/xMGOdorEN5FF/yVGQ5z2rSLbo=
-17,-28,VhnhXtX6Ye93du4l9yycqHcQADM=,FNbBIYbqMSKY5s7svKzuCEKf2FA=
-17,-27,VhnhXtX6Ye93du4l9yycqHcQADM=,FNbBIYbqMSKY5s7svKzuCEKf2FA=
-18,-23,VhnhXtX6Ye93du4l9yycqHcQADM=,+/xMGOdorEN5FF/yVGQ5z2rSLbo=
-20,-21,VhnhXtX6Ye93du4l9yycqHcQADM=,+/xMGOdorEN5FF/yVGQ5z2rSLbo=
-23,-23,VhnhXtX6Ye93du4l9yycqHcQADM=,+/xMGOdorEN5FF/yVGQ5z2rSLbo=
-17,-26,VhnhXtX6Ye93du4l9yycqHcQADM=,FNbBIYbqMSKY5s7svKzuCEKf2FA=
-17,-23,VhnhXtX6Ye93du4l9yycqHcQADM=,+/xMGOdorEN5FF/yVGQ5z2rSLbo=
-25,-19,VhnhXtX6Ye93du4l9yycqHcQADM=,7Z3Q/SVPrAbuA6F/RJGpbhOBV0A=
-29,-27,VhnhXtX6Ye93du4l9yycqHcQADM=,mW9KCCf4SBEDGZegXZgJeh4kcK0=
-19,-21,VhnhXtX6Ye93du4l9yycqHcQADM=,+/xMGOdorEN5FF/yVGQ5z2rSLbo=
-22,-23,VhnhXtX6Ye93du4l9yycqHcQADM=,+/xMGOdorEN5FF/yVGQ5z2rSLbo=
-30,-27,VhnhXtX6Ye93du4l9yycqHcQADM=,mW9KCCf4SBEDGZegXZgJeh4kcK0=
-23,-17,VhnhXtX6Ye93du4l9yycqHcQADM=,+/xMGOdorEN5FF/yVGQ5z2rSLbo=
-23,-21,VhnhXtX6Ye93du4l9yycqHcQADM=,+/xMGOdorEN5FF/yVGQ5z2rSLbo=
-19,-18,VhnhXtX6Ye93du4l9yycqHcQADM=,+/xMGOdorEN5FF/yVGQ5z2rSLbo=
-21,-18,VhnhXtX6Ye93du4l9yycqHcQADM=,+/xMGOdorEN5FF/yVGQ5z2rSLbo=
-21,-17,VhnhXtX6Ye93du4l9yycqHcQADM=,+/xMGOdorEN5FF/yVGQ5z2rSLbo=
-25,-23,VhnhXtX6Ye93du4l9yycqHcQADM=,7Z3Q/SVPrAbuA6F/RJGpbhOBV0A=
-18,-21,VhnhXtX6Ye93du4l9yycqHcQADM=,+/xMGOdorEN5FF/yVGQ5z2rSLbo=
-31,-27,VhnhXtX6Ye93du4l9yycqHcQADM=,mW9KCCf4SBEDGZegXZgJeh4kcK0=
-22,-17,VhnhXtX6Ye93du4l9yycqHcQADM=,+/xMGOdorEN5FF/yVGQ5z2rSLbo=
-25,-28,VhnhXtX6Ye93du4l9yycqHcQADM=,mW9KCCf4SBEDGZegXZgJeh4kcK0=
-23,-25,VhnhXtX6Ye93du4l9yycqHcQADM=,FNbBIYbqMSKY5s7svKzuCEKf2FA=
-17,-20,VhnhXtX6Ye93du4l9yycqHcQADM=,+/xMGOdorEN5FF/yVGQ5z2rSLbo=
-26,-28,VhnhXtX6Ye93du4l9yycqHcQADM=,mW9KCCf4SBEDGZegXZgJeh4kcK0=
-25,-18,VhnhXtX6Ye93du4l9yycqHcQADM=,7Z3Q/SVPrAbuA6F/RJGpbhOBV0A=
-18,-20,VhnhXtX6Ye93du4l9yycqHcQADM=,+/xMGOdorEN5FF/yVGQ5z2rSLbo=
-22,-25,VhnhXtX6Ye93du4l9yycqHcQADM=,FNbBIYbqMSKY5s7svKzuCEKf2FA=
-17,-21,VhnhXtX6Ye93du4l9yycqHcQADM=,+/xMGOdorEN5FF/yVGQ5z2rSLbo=
-23,-22,VhnhXtX6Ye93du4l9yycqHcQADM=,+/xMGOdorEN5FF/yVGQ5z2rSLbo=
-24,-22,VhnhXtX6Ye93du4l9yycqHcQADM=,+/xMGOdorEN5FF/yVGQ5z2rSLbo=
-20,-18,VhnhXtX6Ye93du4l9yycqHcQADM=,+/xMGOdorEN5FF/yVGQ5z2rSLbo=
-25,-22,VhnhXtX6Ye93du4l9yycqHcQADM=,7Z3Q/SVPrAbuA6F/RJGpbhOBV0A=
-23,-20,VhnhXtX6Ye93du4l9yycqHcQADM=,+/xMGOdorEN5FF/yVGQ5z2rSLbo=
-19,-20,VhnhXtX6Ye93du4l9yycqHcQADM=,+/xMGOdorEN5FF/yVGQ5z2rSLbo=
-22,-20,VhnhXtX6Ye93du4l9yycqHcQADM=,+/xMGOdorEN5FF/yVGQ5z2rSLbo=
-21,-25,VhnhXtX6Ye93du4l9yycqHcQADM=,FNbBIYbqMSKY5s7svKzuCEKf2FA=
-21,-20,VhnhXtX6Ye93du4l9yycqHcQADM=,+/xMGOdorEN5FF/yVGQ5z2rSLbo=
-27,-28,VhnhXtX6Ye93du4l9yycqHcQADM=,mW9KCCf4SBEDGZegXZgJeh4kcK0=
-20,-20,VhnhXtX6Ye93du4l9yycqHcQADM=,+/xMGOdorEN5FF/yVGQ5z2rSLbo=
-22,-24,VhnhXtX6Ye93du4l9yycqHcQADM=,+/xMGOdorEN5FF/yVGQ5z2rSLbo=
-28,-28,VhnhXtX6Ye93du4l9yycqHcQADM=,mW9KCCf4SBEDGZegXZgJeh4kcK0=
-29,-28,VhnhXtX6Ye93du4l9yycqHcQADM=,mW9KCCf4SBEDGZegXZgJeh4kcK0=
-30,-28,VhnhXtX6Ye93du4l9yycqHcQADM=,mW9KCCf4SBEDGZegXZgJeh4kcK0=
-31,-28,VhnhXtX6Ye93du4l9yycqHcQADM=,mW9KCCf4SBEDGZegXZgJeh4kcK0=
-24,-25,VhnhXtX6Ye93du4l9yycqHcQADM=,FNbBIYbqMSKY5s7svKzuCEKf2FA=
-25,-29,VhnhXtX6Ye93du4l9yycqHcQADM=,mW9KCCf4SBEDGZegXZgJeh4kcK0=
-26,-29,VhnhXtX6Ye93du4l9yycqHcQADM=,mW9KCCf4SBEDGZegXZgJeh4kcK0=
-27,-29,VhnhXtX6Ye93du4l9yycqHcQADM=,mW9KCCf4SBEDGZegXZgJeh4kcK0=
-28,-29,VhnhXtX6Ye93du4l9yycqHcQADM=,mW9KCCf4SBEDGZegXZgJeh4kcK0=
-29,-29,VhnhXtX6Ye93du4l9yycqHcQADM=,mW9KCCf4SBEDGZegXZgJeh4kcK0=
-30,-29,VhnhXtX6Ye93du4l9yycqHcQADM=,mW9KCCf4SBEDGZegXZgJeh4kcK0=
-25,-30,VhnhXtX6Ye93du4l9yycqHcQADM=,mW9KCCf4SBEDGZegXZgJeh4kcK0=
-32,-21,VhnhXtX6Ye93du4l9yycqHcQADM=,7Z3Q/SVPrAbuA6F/RJGpbhOBV0A=
-31,-29,VhnhXtX6Ye93du4l9yycqHcQADM=,mW9KCCf4SBEDGZegXZgJeh4kcK0=
-24,-26,VhnhXtX6Ye93du4l9yycqHcQADM=,FNbBIYbqMSKY5s7svKzuCEKf2FA=
-26,-30,VhnhXtX6Ye93du4l9yycqHcQADM=,mW9KCCf4SBEDGZegXZgJeh4kcK0=
-27,-30,VhnhXtX6Ye93du4l9yycqHcQADM=,mW9KCCf4SBEDGZegXZgJeh4kcK0=
-28,-30,VhnhXtX6Ye93du4l9yycqHcQADM=,mW9KCCf4SBEDGZegXZgJeh4kcK0=
-29,-30,VhnhXtX6Ye93du4l9yycqHcQADM=,mW9KCCf4SBEDGZegXZgJeh4kcK0=
-30,-30,VhnhXtX6Ye93du4l9yycqHcQADM=,mW9KCCf4SBEDGZegXZgJeh4kcK0=
-25,-24,VhnhXtX6Ye93du4l9yycqHcQADM=,7Z3Q/SVPrAbuA6F/RJGpbhOBV0A=
-32,-22,VhnhXtX6Ye93du4l9yycqHcQADM=,7Z3Q/SVPrAbuA6F/RJGpbhOBV0A=
-32,-18,VhnhXtX6Ye93du4l9yycqHcQADM=,7Z3Q/SVPrAbuA6F/RJGpbhOBV0A=
-32,-23,VhnhXtX6Ye93du4l9yycqHcQADM=,7Z3Q/SVPrAbuA6F/RJGpbhOBV0A=
-32,-19,VhnhXtX6Ye93du4l9yycqHcQADM=,7Z3Q/SVPrAbuA6F/RJGpbhOBV0A=
-31,-30,VhnhXtX6Ye93du4l9yycqHcQADM=,mW9KCCf4SBEDGZegXZgJeh4kcK0=
-17,-17,VhnhXtX6Ye93du4l9yycqHcQADM=,+/xMGOdorEN5FF/yVGQ5z2rSLbo=
-32,-32,VhnhXtX6Ye93du4l9yycqHcQADM=,mW9KCCf4SBEDGZegXZgJeh4kcK0=
-24,-32,VhnhXtX6Ye93du4l9yycqHcQADM=,FNbBIYbqMSKY5s7svKzuCEKf2FA=
-17,-32,VhnhXtX6Ye93du4l9yycqHcQADM=,FNbBIYbqMSKY5s7svKzuCEKf2FA=
-19,-32,VhnhXtX6Ye93du4l9yycqHcQADM=,FNbBIYbqMSKY5s7svKzuCEKf2FA=
-20,-32,VhnhXtX6Ye93du4l9yycqHcQADM=,FNbBIYbqMSKY5s7svKzuCEKf2FA=
-21,-32,VhnhXtX6Ye93du4l9yycqHcQADM=,FNbBIYbqMSKY5s7svKzuCEKf2FA=
-18,-32,VhnhXtX6Ye93du4l9yycqHcQADM=,FNbBIYbqMSKY5s7svKzuCEKf2FA=
-25,-32,VhnhXtX6Ye93du4l9yycqHcQADM=,mW9KCCf4SBEDGZegXZgJeh4kcK0=
-22,-32,VhnhXtX6Ye93du4l9yycqHcQADM=,FNbBIYbqMSKY5s7svKzuCEKf2FA=
-23,-32,VhnhXtX6Ye93du4l9yycqHcQADM=,FNbBIYbqMSKY5s7svKzuCEKf2FA=
-18,-2,FNkcn4vSr+rkSKvr6zVMOLVOWow=,XMCA9Z8COzSvCmJMHyrwAQN7NbI=
-21,-7,FNkcn4vSr+rkSKvr6zVMOLVOWow=,XMCA9Z8COzSvCmJMHyrwAQN7NbI=
-20,-4,FNkcn4vSr+rkSKvr6zVMOLVOWow=,XMCA9Z8COzSvCmJMHyrwAQN7NbI=
-22,-3,FNkcn4vSr+rkSKvr6zVMOLVOWow=,XMCA9Z8COzSvCmJMHyrwAQN7NbI=
-19,-4,FNkcn4vSr+rkSKvr6zVMOLVOWow=,XMCA9Z8COzSvCmJMHyrwAQN7NbI=
-18,-4,Sx/hgZ8InhWw3dmSbxh68cTHIVw=,XMCA9Z8COzSvCmJMHyrwAQN7NbI=
-20,-9,Sx/hgZ8InhWw3dmSbxh68cTHIVw=,R5QAF06xWwb/Hktg7Ygemi2sp9k=
-28,-11,Sx/hgZ8InhWw3dmSbxh68cTHIVw=,MDwwB+i4813Iz8zCZYvcwZ9A0CQ=
-19,-9,Sx/hgZ8InhWw3dmSbxh68cTHIVw=,R5QAF06xWwb/Hktg7Ygemi2sp9k=
-18,-9,Sx/hgZ8InhWw3dmSbxh68cTHIVw=,R5QAF06xWwb/Hktg7Ygemi2sp9k=
-23,-8,Sx/hgZ8InhWw3dmSbxh68cTHIVw=,XMCA9Z8COzSvCmJMHyrwAQN7NbI=
-27,-11,Sx/hgZ8InhWw3dmSbxh68cTHIVw=,MDwwB+i4813Iz8zCZYvcwZ9A0CQ=
-21,-8,Sx/hgZ8InhWw3dmSbxh68cTHIVw=,XMCA9Z8COzSvCmJMHyrwAQN7NbI=
-26,-11,Sx/hgZ8InhWw3dmSbxh68cTHIVw=,MDwwB+i4813Iz8zCZYvcwZ9A0CQ=
-20,-8,Sx/hgZ8InhWw3dmSbxh68cTHIVw=,XMCA9Z8COzSvCmJMHyrwAQN7NbI=
-24,-15,Sx/hgZ8InhWw3dmSbxh68cTHIVw=,R5QAF06xWwb/Hktg7Ygemi2sp9k=
-25,-11,Sx/hgZ8InhWw3dmSbxh68cTHIVw=,MDwwB+i4813Iz8zCZYvcwZ9A0CQ=
-31,-10,Sx/hgZ8InhWw3dmSbxh68cTHIVw=,MDwwB+i4813Iz8zCZYvcwZ9A0CQ=
-19,-8,Sx/hgZ8InhWw3dmSbxh68cTHIVw=,XMCA9Z8COzSvCmJMHyrwAQN7NbI=
-18,-8,Sx/hgZ8InhWw3dmSbxh68cTHIVw=,XMCA9Z8COzSvCmJMHyrwAQN7NbI=
-30,-10,Sx/hgZ8InhWw3dmSbxh68cTHIVw=,MDwwB+i4813Iz8zCZYvcwZ9A0CQ=
-29,-10,Sx/hgZ8InhWw3dmSbxh68cTHIVw=,MDwwB+i4813Iz8zCZYvcwZ9A0CQ=
-24,-14,Sx/hgZ8InhWw3dmSbxh68cTHIVw=,R5QAF06xWwb/Hktg7Ygemi2sp9k=
-31,-15,Sx/hgZ8InhWw3dmSbxh68cTHIVw=,MDwwB+i4813Iz8zCZYvcwZ9A0CQ=
-23,-15,Sx/hgZ8InhWw3dmSbxh68cTHIVw=,R5QAF06xWwb/Hktg7Ygemi2sp9k=
-30,-15,Sx/hgZ8InhWw3dmSbxh68cTHIVw=,MDwwB+i4813Iz8zCZYvcwZ9A0CQ=
-29,-15,Sx/hgZ8InhWw3dmSbxh68cTHIVw=,MDwwB+i4813Iz8zCZYvcwZ9A0CQ=
-28,-15,Sx/hgZ8InhWw3dmSbxh68cTHIVw=,MDwwB+i4813Iz8zCZYvcwZ9A0CQ=
-22,-15,Sx/hgZ8InhWw3dmSbxh68cTHIVw=,R5QAF06xWwb/Hktg7Ygemi2sp9k=
-28,-10,Sx/hgZ8InhWw3dmSbxh68cTHIVw=,MDwwB+i4813Iz8zCZYvcwZ9A0CQ=
-27,-15,Sx/hgZ8InhWw3dmSbxh68cTHIVw=,MDwwB+i4813Iz8zCZYvcwZ9A0CQ=
-22,-8,Sx/hgZ8InhWw3dmSbxh68cTHIVw=,XMCA9Z8COzSvCmJMHyrwAQN7NbI=
-21,-15,Sx/hgZ8InhWw3dmSbxh68cTHIVw=,R5QAF06xWwb/Hktg7Ygemi2sp9k=
-20,-15,Sx/hgZ8InhWw3dmSbxh68cTHIVw=,R5QAF06xWwb/Hktg7Ygemi2sp9k=
-26,-15,Sx/hgZ8InhWw3dmSbxh68cTHIVw=,MDwwB+i4813Iz8zCZYvcwZ9A0CQ=
-19,-15,Sx/hgZ8InhWw3dmSbxh68cTHIVw=,R5QAF06xWwb/Hktg7Ygemi2sp9k=
-24,-13,Sx/hgZ8InhWw3dmSbxh68cTHIVw=,R5QAF06xWwb/Hktg7Ygemi2sp9k=
-18,-15,Sx/hgZ8InhWw3dmSbxh68cTHIVw=,R5QAF06xWwb/Hktg7Ygemi2sp9k=
-23,-14,Sx/hgZ8InhWw3dmSbxh68cTHIVw=,R5QAF06xWwb/Hktg7Ygemi2sp9k=
-25,-15,Sx/hgZ8InhWw3dmSbxh68cTHIVw=,MDwwB+i4813Iz8zCZYvcwZ9A0CQ=
-22,-14,Sx/hgZ8InhWw3dmSbxh68cTHIVw=,R5QAF06xWwb/Hktg7Ygemi2sp9k=
-21,-14,Sx/hgZ8InhWw3dmSbxh68cTHIVw=,R5QAF06xWwb/Hktg7Ygemi2sp9k=
-27,-10,Sx/hgZ8InhWw3dmSbxh68cTHIVw=,MDwwB+i4813Iz8zCZYvcwZ9A0CQ=
-19,-14,Sx/hgZ8InhWw3dmSbxh68cTHIVw=,R5QAF06xWwb/Hktg7Ygemi2sp9k=
-20,-14,Sx/hgZ8InhWw3dmSbxh68cTHIVw=,R5QAF06xWwb/Hktg7Ygemi2sp9k=
-18,-14,Sx/hgZ8InhWw3dmSbxh68cTHIVw=,R5QAF06xWwb/Hktg7Ygemi2sp9k=
-23,-13,Sx/hgZ8InhWw3dmSbxh68cTHIVw=,R5QAF06xWwb/Hktg7Ygemi2sp9k=
-22,-13,Sx/hgZ8InhWw3dmSbxh68cTHIVw=,R5QAF06xWwb/Hktg7Ygemi2sp9k=
-21,-13,Sx/hgZ8InhWw3dmSbxh68cTHIVw=,R5QAF06xWwb/Hktg7Ygemi2sp9k=
-20,-13,Sx/hgZ8InhWw3dmSbxh68cTHIVw=,R5QAF06xWwb/Hktg7Ygemi2sp9k=
-19,-13,Sx/hgZ8InhWw3dmSbxh68cTHIVw=,R5QAF06xWwb/Hktg7Ygemi2sp9k=
-18,-13,Sx/hgZ8InhWw3dmSbxh68cTHIVw=,R5QAF06xWwb/Hktg7Ygemi2sp9k=
-23,-12,Sx/hgZ8InhWw3dmSbxh68cTHIVw=,R5QAF06xWwb/Hktg7Ygemi2sp9k=
-22,-12,Sx/hgZ8InhWw3dmSbxh68cTHIVw=,R5QAF06xWwb/Hktg7Ygemi2sp9k=
-21,-12,Sx/hgZ8InhWw3dmSbxh68cTHIVw=,R5QAF06xWwb/Hktg7Ygemi2sp9k=
-20,-12,Sx/hgZ8InhWw3dmSbxh68cTHIVw=,R5QAF06xWwb/Hktg7Ygemi2sp9k=
-19,-12,Sx/hgZ8InhWw3dmSbxh68cTHIVw=,R5QAF06xWwb/Hktg7Ygemi2sp9k=
-31,-14,Sx/hgZ8InhWw3dmSbxh68cTHIVw=,MDwwB+i4813Iz8zCZYvcwZ9A0CQ=
-18,-12,Sx/hgZ8InhWw3dmSbxh68cTHIVw=,R5QAF06xWwb/Hktg7Ygemi2sp9k=
-23,-11,Sx/hgZ8InhWw3dmSbxh68cTHIVw=,R5QAF06xWwb/Hktg7Ygemi2sp9k=
-22,-11,Sx/hgZ8InhWw3dmSbxh68cTHIVw=,R5QAF06xWwb/Hktg7Ygemi2sp9k=
-21,-11,Sx/hgZ8InhWw3dmSbxh68cTHIVw=,R5QAF06xWwb/Hktg7Ygemi2sp9k=
-20,-11,Sx/hgZ8InhWw3dmSbxh68cTHIVw=,R5QAF06xWwb/Hktg7Ygemi2sp9k=
-19,-11,Sx/hgZ8InhWw3dmSbxh68cTHIVw=,R5QAF06xWwb/Hktg7Ygemi2sp9k=
-26,-10,Sx/hgZ8InhWw3dmSbxh68cTHIVw=,MDwwB+i4813Iz8zCZYvcwZ9A0CQ=
-18,-11,Sx/hgZ8InhWw3dmSbxh68cTHIVw=,R5QAF06xWwb/Hktg7Ygemi2sp9k=
-23,-10,Sx/hgZ8InhWw3dmSbxh68cTHIVw=,R5QAF06xWwb/Hktg7Ygemi2sp9k=
-22,-10,Sx/hgZ8InhWw3dmSbxh68cTHIVw=,R5QAF06xWwb/Hktg7Ygemi2sp9k=
-21,-10,Sx/hgZ8InhWw3dmSbxh68cTHIVw=,R5QAF06xWwb/Hktg7Ygemi2sp9k=
-20,-10,Sx/hgZ8InhWw3dmSbxh68cTHIVw=,R5QAF06xWwb/Hktg7Ygemi2sp9k=
-30,-14,Sx/hgZ8InhWw3dmSbxh68cTHIVw=,MDwwB+i4813Iz8zCZYvcwZ9A0CQ=
-19,-10,Sx/hgZ8InhWw3dmSbxh68cTHIVw=,R5QAF06xWwb/Hktg7Ygemi2sp9k=
-18,-10,Sx/hgZ8InhWw3dmSbxh68cTHIVw=,R5QAF06xWwb/Hktg7Ygemi2sp9k=
-23,-9,Sx/hgZ8InhWw3dmSbxh68cTHIVw=,R5QAF06xWwb/Hktg7Ygemi2sp9k=
-25,-10,Sx/hgZ8InhWw3dmSbxh68cTHIVw=,MDwwB+i4813Iz8zCZYvcwZ9A0CQ=
-22,-9,Sx/hgZ8InhWw3dmSbxh68cTHIVw=,R5QAF06xWwb/Hktg7Ygemi2sp9k=
-29,-14,Sx/hgZ8InhWw3dmSbxh68cTHIVw=,MDwwB+i4813Iz8zCZYvcwZ9A0CQ=
-28,-14,Sx/hgZ8InhWw3dmSbxh68cTHIVw=,MDwwB+i4813Iz8zCZYvcwZ9A0CQ=
-27,-14,Sx/hgZ8InhWw3dmSbxh68cTHIVw=,MDwwB+i4813Iz8zCZYvcwZ9A0CQ=
-26,-14,Sx/hgZ8InhWw3dmSbxh68cTHIVw=,MDwwB+i4813Iz8zCZYvcwZ9A0CQ=
-21,-9,Sx/hgZ8InhWw3dmSbxh68cTHIVw=,R5QAF06xWwb/Hktg7Ygemi2sp9k=
-25,-14,Sx/hgZ8InhWw3dmSbxh68cTHIVw=,MDwwB+i4813Iz8zCZYvcwZ9A0CQ=
-31,-13,Sx/hgZ8InhWw3dmSbxh68cTHIVw=,MDwwB+i4813Iz8zCZYvcwZ9A0CQ=
-30,-13,Sx/hgZ8InhWw3dmSbxh68cTHIVw=,MDwwB+i4813Iz8zCZYvcwZ9A0CQ=
-29,-13,Sx/hgZ8InhWw3dmSbxh68cTHIVw=,MDwwB+i4813Iz8zCZYvcwZ9A0CQ=
-24,-12,Sx/hgZ8InhWw3dmSbxh68cTHIVw=,R5QAF06xWwb/Hktg7Ygemi2sp9k=
-28,-13,Sx/hgZ8InhWw3dmSbxh68cTHIVw=,MDwwB+i4813Iz8zCZYvcwZ9A0CQ=
-27,-13,Sx/hgZ8InhWw3dmSbxh68cTHIVw=,MDwwB+i4813Iz8zCZYvcwZ9A0CQ=
-28,-5,Sx/hgZ8InhWw3dmSbxh68cTHIVw=,jb+cHb1JLezQ9vh9pxYAfnh9i5Q=
-24,-8,Sx/hgZ8InhWw3dmSbxh68cTHIVw=,XMCA9Z8COzSvCmJMHyrwAQN7NbI=
-26,-13,Sx/hgZ8InhWw3dmSbxh68cTHIVw=,MDwwB+i4813Iz8zCZYvcwZ9A0CQ=
-25,-13,Sx/hgZ8InhWw3dmSbxh68cTHIVw=,MDwwB+i4813Iz8zCZYvcwZ9A0CQ=
-31,-12,Sx/hgZ8InhWw3dmSbxh68cTHIVw=,MDwwB+i4813Iz8zCZYvcwZ9A0CQ=
-27,-5,Sx/hgZ8InhWw3dmSbxh68cTHIVw=,jb+cHb1JLezQ9vh9pxYAfnh9i5Q=
-24,-2,Sx/hgZ8InhWw3dmSbxh68cTHIVw=,XMCA9Z8COzSvCmJMHyrwAQN7NbI=
-24,-11,Sx/hgZ8InhWw3dmSbxh68cTHIVw=,R5QAF06xWwb/Hktg7Ygemi2sp9k=
-30,-12,Sx/hgZ8InhWw3dmSbxh68cTHIVw=,MDwwB+i4813Iz8zCZYvcwZ9A0CQ=
-29,-12,Sx/hgZ8InhWw3dmSbxh68cTHIVw=,MDwwB+i4813Iz8zCZYvcwZ9A0CQ=
-31,-1,Sx/hgZ8InhWw3dmSbxh68cTHIVw=,jb+cHb1JLezQ9vh9pxYAfnh9i5Q=
-30,-1,Sx/hgZ8InhWw3dmSbxh68cTHIVw=,jb+cHb1JLezQ9vh9pxYAfnh9i5Q=
-29,-1,Sx/hgZ8InhWw3dmSbxh68cTHIVw=,jb+cHb1JLezQ9vh9pxYAfnh9i5Q=
-28,-12,Sx/hgZ8InhWw3dmSbxh68cTHIVw=,MDwwB+i4813Iz8zCZYvcwZ9A0CQ=
-28,-1,Sx/hgZ8InhWw3dmSbxh68cTHIVw=,jb+cHb1JLezQ9vh9pxYAfnh9i5Q=
-26,-5,Sx/hgZ8InhWw3dmSbxh68cTHIVw=,jb+cHb1JLezQ9vh9pxYAfnh9i5Q=
-24,-3,Sx/hgZ8InhWw3dmSbxh68cTHIVw=,XMCA9Z8COzSvCmJMHyrwAQN7NbI=
-27,-1,Sx/hgZ8InhWw3dmSbxh68cTHIVw=,jb+cHb1JLezQ9vh9pxYAfnh9i5Q=
-26,-1,Sx/hgZ8InhWw3dmSbxh68cTHIVw=,jb+cHb1JLezQ9vh9pxYAfnh9i5Q=
-27,-12,Sx/hgZ8InhWw3dmSbxh68cTHIVw=,MDwwB+i4813Iz8zCZYvcwZ9A0CQ=
-25,-5,Sx/hgZ8InhWw3dmSbxh68cTHIVw=,jb+cHb1JLezQ9vh9pxYAfnh9i5Q=
-24,-7,Sx/hgZ8InhWw3dmSbxh68cTHIVw=,XMCA9Z8COzSvCmJMHyrwAQN7NbI=
-26,-12,Sx/hgZ8InhWw3dmSbxh68cTHIVw=,MDwwB+i4813Iz8zCZYvcwZ9A0CQ=
-31,-4,Sx/hgZ8InhWw3dmSbxh68cTHIVw=,jb+cHb1JLezQ9vh9pxYAfnh9i5Q=
-30,-4,Sx/hgZ8InhWw3dmSbxh68cTHIVw=,jb+cHb1JLezQ9vh9pxYAfnh9i5Q=
-25,-12,Sx/hgZ8InhWw3dmSbxh68cTHIVw=,MDwwB+i4813Iz8zCZYvcwZ9A0CQ=
-29,-4,Sx/hgZ8InhWw3dmSbxh68cTHIVw=,jb+cHb1JLezQ9vh9pxYAfnh9i5Q=
-28,-4,Sx/hgZ8InhWw3dmSbxh68cTHIVw=,jb+cHb1JLezQ9vh9pxYAfnh9i5Q=
-24,-10,Sx/hgZ8InhWw3dmSbxh68cTHIVw=,R5QAF06xWwb/Hktg7Ygemi2sp9k=
-31,-11,Sx/hgZ8InhWw3dmSbxh68cTHIVw=,MDwwB+i4813Iz8zCZYvcwZ9A0CQ=
-30,-11,Sx/hgZ8InhWw3dmSbxh68cTHIVw=,MDwwB+i4813Iz8zCZYvcwZ9A0CQ=
-27,-4,Sx/hgZ8InhWw3dmSbxh68cTHIVw=,jb+cHb1JLezQ9vh9pxYAfnh9i5Q=
-29,-11,Sx/hgZ8InhWw3dmSbxh68cTHIVw=,MDwwB+i4813Iz8zCZYvcwZ9A0CQ=
-20,-1,Sx/hgZ8InhWw3dmSbxh68cTHIVw=,XMCA9Z8COzSvCmJMHyrwAQN7NbI=
-26,-4,Sx/hgZ8InhWw3dmSbxh68cTHIVw=,jb+cHb1JLezQ9vh9pxYAfnh9i5Q=
-19,-1,Sx/hgZ8InhWw3dmSbxh68cTHIVw=,XMCA9Z8COzSvCmJMHyrwAQN7NbI=
-17,-2,Sx/hgZ8InhWw3dmSbxh68cTHIVw=,XMCA9Z8COzSvCmJMHyrwAQN7NbI=
-17,-4,Sx/hgZ8InhWw3dmSbxh68cTHIVw=,XMCA9Z8COzSvCmJMHyrwAQN7NbI=
-17,-7,Sx/hgZ8InhWw3dmSbxh68cTHIVw=,XMCA9Z8COzSvCmJMHyrwAQN7NbI=
-17,-6,Sx/hgZ8InhWw3dmSbxh68cTHIVw=,XMCA9Z8COzSvCmJMHyrwAQN7NbI=
-17,-3,Sx/hgZ8InhWw3dmSbxh68cTHIVw=,XMCA9Z8COzSvCmJMHyrwAQN7NbI=
-17,-5,Sx/hgZ8InhWw3dmSbxh68cTHIVw=,XMCA9Z8COzSvCmJMHyrwAQN7NbI=
-18,-1,Sx/hgZ8InhWw3dmSbxh68cTHIVw=,XMCA9Z8COzSvCmJMHyrwAQN7NbI=
-24,-1,Sx/hgZ8InhWw3dmSbxh68cTHIVw=,XMCA9Z8COzSvCmJMHyrwAQN7NbI=
-23,-1,Sx/hgZ8InhWw3dmSbxh68cTHIVw=,XMCA9Z8COzSvCmJMHyrwAQN7NbI=
-25,-4,Sx/hgZ8InhWw3dmSbxh68cTHIVw=,jb+cHb1JLezQ9vh9pxYAfnh9i5Q=
-22,-1,Sx/hgZ8InhWw3dmSbxh68cTHIVw=,XMCA9Z8COzSvCmJMHyrwAQN7NbI=
-21,-1,Sx/hgZ8InhWw3dmSbxh68cTHIVw=,XMCA9Z8COzSvCmJMHyrwAQN7NbI=
-25,-1,Sx/hgZ8InhWw3dmSbxh68cTHIVw=,jb+cHb1JLezQ9vh9pxYAfnh9i5Q=
-31,-9,Sx/hgZ8InhWw3dmSbxh68cTHIVw=,MDwwB+i4813Iz8zCZYvcwZ9A0CQ=
-30,-9,Sx/hgZ8InhWw3dmSbxh68cTHIVw=,MDwwB+i4813Iz8zCZYvcwZ9A0CQ=
-31,-3,Sx/hgZ8InhWw3dmSbxh68cTHIVw=,jb+cHb1JLezQ9vh9pxYAfnh9i5Q=
-17,-9,Sx/hgZ8InhWw3dmSbxh68cTHIVw=,R5QAF06xWwb/Hktg7Ygemi2sp9k=
-17,-8,Sx/hgZ8InhWw3dmSbxh68cTHIVw=,XMCA9Z8COzSvCmJMHyrwAQN7NbI=
-29,-9,Sx/hgZ8InhWw3dmSbxh68cTHIVw=,MDwwB+i4813Iz8zCZYvcwZ9A0CQ=
-30,-3,Sx/hgZ8InhWw3dmSbxh68cTHIVw=,jb+cHb1JLezQ9vh9pxYAfnh9i5Q=
-17,-15,Sx/hgZ8InhWw3dmSbxh68cTHIVw=,R5QAF06xWwb/Hktg7Ygemi2sp9k=
-17,-14,Sx/hgZ8InhWw3dmSbxh68cTHIVw=,R5QAF06xWwb/Hktg7Ygemi2sp9k=
-23,-16,Sx/hgZ8InhWw3dmSbxh68cTHIVw=,R5QAF06xWwb/Hktg7Ygemi2sp9k=
-22,-16,Sx/hgZ8InhWw3dmSbxh68cTHIVw=,R5QAF06xWwb/Hktg7Ygemi2sp9k=
-21,-16,Sx/hgZ8InhWw3dmSbxh68cTHIVw=,R5QAF06xWwb/Hktg7Ygemi2sp9k=
-20,-16,Sx/hgZ8InhWw3dmSbxh68cTHIVw=,R5QAF06xWwb/Hktg7Ygemi2sp9k=
-17,-13,Sx/hgZ8InhWw3dmSbxh68cTHIVw=,R5QAF06xWwb/Hktg7Ygemi2sp9k=
-24,-6,Sx/hgZ8InhWw3dmSbxh68cTHIVw=,XMCA9Z8COzSvCmJMHyrwAQN7NbI=
-28,-9,Sx/hgZ8InhWw3dmSbxh68cTHIVw=,MDwwB+i4813Iz8zCZYvcwZ9A0CQ=
-19,-16,Sx/hgZ8InhWw3dmSbxh68cTHIVw=,R5QAF06xWwb/Hktg7Ygemi2sp9k=
-17,-12,Sx/hgZ8InhWw3dmSbxh68cTHIVw=,R5QAF06xWwb/Hktg7Ygemi2sp9k=
-17,-11,Sx/hgZ8InhWw3dmSbxh68cTHIVw=,R5QAF06xWwb/Hktg7Ygemi2sp9k=
-17,-10,Sx/hgZ8InhWw3dmSbxh68cTHIVw=,R5QAF06xWwb/Hktg7Ygemi2sp9k=
-29,-3,Sx/hgZ8InhWw3dmSbxh68cTHIVw=,jb+cHb1JLezQ9vh9pxYAfnh9i5Q=
-27,-9,Sx/hgZ8InhWw3dmSbxh68cTHIVw=,MDwwB+i4813Iz8zCZYvcwZ9A0CQ=
-18,-16,Sx/hgZ8InhWw3dmSbxh68cTHIVw=,R5QAF06xWwb/Hktg7Ygemi2sp9k=
-28,-3,Sx/hgZ8InhWw3dmSbxh68cTHIVw=,jb+cHb1JLezQ9vh9pxYAfnh9i5Q=
-27,-3,Sx/hgZ8InhWw3dmSbxh68cTHIVw=,jb+cHb1JLezQ9vh9pxYAfnh9i5Q=
-32,-10,Sx/hgZ8InhWw3dmSbxh68cTHIVw=,MDwwB+i4813Iz8zCZYvcwZ9A0CQ=
-32,-15,Sx/hgZ8InhWw3dmSbxh68cTHIVw=,MDwwB+i4813Iz8zCZYvcwZ9A0CQ=
-26,-3,Sx/hgZ8InhWw3dmSbxh68cTHIVw=,jb+cHb1JLezQ9vh9pxYAfnh9i5Q=
-24,-16,Sx/hgZ8InhWw3dmSbxh68cTHIVw=,R5QAF06xWwb/Hktg7Ygemi2sp9k=
-25,-3,Sx/hgZ8InhWw3dmSbxh68cTHIVw=,jb+cHb1JLezQ9vh9pxYAfnh9i5Q=
-32,-14,Sx/hgZ8InhWw3dmSbxh68cTHIVw=,MDwwB+i4813Iz8zCZYvcwZ9A0CQ=
-31,-16,Sx/hgZ8InhWw3dmSbxh68cTHIVw=,MDwwB+i4813Iz8zCZYvcwZ9A0CQ=
-30,-16,Sx/hgZ8InhWw3dmSbxh68cTHIVw=,MDwwB+i4813Iz8zCZYvcwZ9A0CQ=
-32,-13,Sx/hgZ8InhWw3dmSbxh68cTHIVw=,MDwwB+i4813Iz8zCZYvcwZ9A0CQ=
-32,-12,Sx/hgZ8InhWw3dmSbxh68cTHIVw=,MDwwB+i4813Iz8zCZYvcwZ9A0CQ=
-32,-11,Sx/hgZ8InhWw3dmSbxh68cTHIVw=,MDwwB+i4813Iz8zCZYvcwZ9A0CQ=
-24,-5,Sx/hgZ8InhWw3dmSbxh68cTHIVw=,XMCA9Z8COzSvCmJMHyrwAQN7NbI=
-29,-16,Sx/hgZ8InhWw3dmSbxh68cTHIVw=,MDwwB+i4813Iz8zCZYvcwZ9A0CQ=
-26,-9,Sx/hgZ8InhWw3dmSbxh68cTHIVw=,MDwwB+i4813Iz8zCZYvcwZ9A0CQ=
-28,-16,Sx/hgZ8InhWw3dmSbxh68cTHIVw=,MDwwB+i4813Iz8zCZYvcwZ9A0CQ=
-27,-16,Sx/hgZ8InhWw3dmSbxh68cTHIVw=,MDwwB+i4813Iz8zCZYvcwZ9A0CQ=
-25,-9,Sx/hgZ8InhWw3dmSbxh68cTHIVw=,MDwwB+i4813Iz8zCZYvcwZ9A0CQ=
-26,-16,Sx/hgZ8InhWw3dmSbxh68cTHIVw=,MDwwB+i4813Iz8zCZYvcwZ9A0CQ=
-31,-2,Sx/hgZ8InhWw3dmSbxh68cTHIVw=,jb+cHb1JLezQ9vh9pxYAfnh9i5Q=
-31,-8,Sx/hgZ8InhWw3dmSbxh68cTHIVw=,jb+cHb1JLezQ9vh9pxYAfnh9i5Q=
-25,-16,Sx/hgZ8InhWw3dmSbxh68cTHIVw=,MDwwB+i4813Iz8zCZYvcwZ9A0CQ=
-30,-8,Sx/hgZ8InhWw3dmSbxh68cTHIVw=,jb+cHb1JLezQ9vh9pxYAfnh9i5Q=
-32,-1,Sx/hgZ8InhWw3dmSbxh68cTHIVw=,jb+cHb1JLezQ9vh9pxYAfnh9i5Q=
-32,-4,Sx/hgZ8InhWw3dmSbxh68cTHIVw=,jb+cHb1JLezQ9vh9pxYAfnh9i5Q=
-29,-8,Sx/hgZ8InhWw3dmSbxh68cTHIVw=,jb+cHb1JLezQ9vh9pxYAfnh9i5Q=
-17,-16,Sx/hgZ8InhWw3dmSbxh68cTHIVw=,R5QAF06xWwb/Hktg7Ygemi2sp9k=
-28,-8,Sx/hgZ8InhWw3dmSbxh68cTHIVw=,jb+cHb1JLezQ9vh9pxYAfnh9i5Q=
-27,-8,Sx/hgZ8InhWw3dmSbxh68cTHIVw=,jb+cHb1JLezQ9vh9pxYAfnh9i5Q=
-32,-9,Sx/hgZ8InhWw3dmSbxh68cTHIVw=,MDwwB+i4813Iz8zCZYvcwZ9A0CQ=
-26,-8,Sx/hgZ8InhWw3dmSbxh68cTHIVw=,jb+cHb1JLezQ9vh9pxYAfnh9i5Q=
-30,-2,Sx/hgZ8InhWw3dmSbxh68cTHIVw=,jb+cHb1JLezQ9vh9pxYAfnh9i5Q=
-25,-8,Sx/hgZ8InhWw3dmSbxh68cTHIVw=,jb+cHb1JLezQ9vh9pxYAfnh9i5Q=
-32,-16,Sx/hgZ8InhWw3dmSbxh68cTHIVw=,MDwwB+i4813Iz8zCZYvcwZ9A0CQ=
-32,-3,Sx/hgZ8InhWw3dmSbxh68cTHIVw=,jb+cHb1JLezQ9vh9pxYAfnh9i5Q=
-32,-2,Sx/hgZ8InhWw3dmSbxh68cTHIVw=,jb+cHb1JLezQ9vh9pxYAfnh9i5Q=
-17,-1,Sx/hgZ8InhWw3dmSbxh68cTHIVw=,XMCA9Z8COzSvCmJMHyrwAQN7NbI=
-29,-2,Sx/hgZ8InhWw3dmSbxh68cTHIVw=,jb+cHb1JLezQ9vh9pxYAfnh9i5Q=
-31,-7,Sx/hgZ8InhWw3dmSbxh68cTHIVw=,jb+cHb1JLezQ9vh9pxYAfnh9i5Q=
-32,-8,Sx/hgZ8InhWw3dmSbxh68cTHIVw=,jb+cHb1JLezQ9vh9pxYAfnh9i5Q=
-32,-5,Sx/hgZ8InhWw3dmSbxh68cTHIVw=,jb+cHb1JLezQ9vh9pxYAfnh9i5Q=
-32,-7,Sx/hgZ8InhWw3dmSbxh68cTHIVw=,jb+cHb1JLezQ9vh9pxYAfnh9i5Q=
-30,-7,Sx/hgZ8InhWw3dmSbxh68cTHIVw=,jb+cHb1JLezQ9vh9pxYAfnh9i5Q=
-32,-6,Sx/hgZ8InhWw3dmSbxh68cTHIVw=,jb+cHb1JLezQ9vh9pxYAfnh9i5Q=
-29,-5,Sx/hgZ8InhWw3dmSbxh68cTHIVw=,jb+cHb1JLezQ9vh9pxYAfnh9i5Q=
-30,-5,Sx/hgZ8InhWw3dmSbxh68cTHIVw=,jb+cHb1JLezQ9vh9pxYAfnh9i5Q=
-31,-5,Sx/hgZ8InhWw3dmSbxh68cTHIVw=,jb+cHb1JLezQ9vh9pxYAfnh9i5Q=
-29,-7,Sx/hgZ8InhWw3dmSbxh68cTHIVw=,jb+cHb1JLezQ9vh9pxYAfnh9i5Q=
-24,-4,Sx/hgZ8InhWw3dmSbxh68cTHIVw=,XMCA9Z8COzSvCmJMHyrwAQN7NbI=
-25,-2,Sx/hgZ8InhWw3dmSbxh68cTHIVw=,jb+cHb1JLezQ9vh9pxYAfnh9i5Q=
-28,-7,Sx/hgZ8InhWw3dmSbxh68cTHIVw=,jb+cHb1JLezQ9vh9pxYAfnh9i5Q=
-27,-7,Sx/hgZ8InhWw3dmSbxh68cTHIVw=,jb+cHb1JLezQ9vh9pxYAfnh9i5Q=
-26,-7,Sx/hgZ8InhWw3dmSbxh68cTHIVw=,jb+cHb1JLezQ9vh9pxYAfnh9i5Q=
-25,-6,Sx/hgZ8InhWw3dmSbxh68cTHIVw=,jb+cHb1JLezQ9vh9pxYAfnh9i5Q=
-26,-6,Sx/hgZ8InhWw3dmSbxh68cTHIVw=,jb+cHb1JLezQ9vh9pxYAfnh9i5Q=
-27,-6,Sx/hgZ8InhWw3dmSbxh68cTHIVw=,jb+cHb1JLezQ9vh9pxYAfnh9i5Q=
-28,-2,Sx/hgZ8InhWw3dmSbxh68cTHIVw=,jb+cHb1JLezQ9vh9pxYAfnh9i5Q=
-28,-6,Sx/hgZ8InhWw3dmSbxh68cTHIVw=,jb+cHb1JLezQ9vh9pxYAfnh9i5Q=
-29,-6,Sx/hgZ8InhWw3dmSbxh68cTHIVw=,jb+cHb1JLezQ9vh9pxYAfnh9i5Q=
-30,-6,Sx/hgZ8InhWw3dmSbxh68cTHIVw=,jb+cHb1JLezQ9vh9pxYAfnh9i5Q=
-21,-4,Sx/hgZ8InhWw3dmSbxh68cTHIVw=,XMCA9Z8COzSvCmJMHyrwAQN7NbI=
-27,-2,Sx/hgZ8InhWw3dmSbxh68cTHIVw=,jb+cHb1JLezQ9vh9pxYAfnh9i5Q=
-25,-7,Sx/hgZ8InhWw3dmSbxh68cTHIVw=,jb+cHb1JLezQ9vh9pxYAfnh9i5Q=
-26,-2,Sx/hgZ8InhWw3dmSbxh68cTHIVw=,jb+cHb1JLezQ9vh9pxYAfnh9i5Q=
-31,-6,Sx/hgZ8InhWw3dmSbxh68cTHIVw=,jb+cHb1JLezQ9vh9pxYAfnh9i5Q=
-24,-9,Sx/hgZ8InhWw3dmSbxh68cTHIVw=,R5QAF06xWwb/Hktg7Ygemi2sp9k=
-23,-4,Sx/hgZ8InhWw3dmSbxh68cTHIVw=,XMCA9Z8COzSvCmJMHyrwAQN7NbI=
-22,-4,Sx/hgZ8InhWw3dmSbxh68cTHIVw=,XMCA9Z8COzSvCmJMHyrwAQN7NbI=
-18,-5,Sx/hgZ8InhWw3dmSbxh68cTHIVw=,XMCA9Z8COzSvCmJMHyrwAQN7NbI=
-21,-5,Sx/hgZ8InhWw3dmSbxh68cTHIVw=,XMCA9Z8COzSvCmJMHyrwAQN7NbI=
-19,-5,Sx/hgZ8InhWw3dmSbxh68cTHIVw=,XMCA9Z8COzSvCmJMHyrwAQN7NbI=
-21,-6,Sx/hgZ8InhWw3dmSbxh68cTHIVw=,XMCA9Z8COzSvCmJMHyrwAQN7NbI=
-19,-2,Sx/hgZ8InhWw3dmSbxh68cTHIVw=,XMCA9Z8COzSvCmJMHyrwAQN7NbI=
-22,-5,Sx/hgZ8InhWw3dmSbxh68cTHIVw=,XMCA9Z8COzSvCmJMHyrwAQN7NbI=
-22,-6,Sx/hgZ8InhWw3dmSbxh68cTHIVw=,XMCA9Z8COzSvCmJMHyrwAQN7NbI=
-18,-3,Sx/hgZ8InhWw3dmSbxh68cTHIVw=,XMCA9Z8COzSvCmJMHyrwAQN7NbI=
-23,-5,Sx/hgZ8InhWw3dmSbxh68cTHIVw=,XMCA9Z8COzSvCmJMHyrwAQN7NbI=
-20,-2,Sx/hgZ8InhWw3dmSbxh68cTHIVw=,XMCA9Z8COzSvCmJMHyrwAQN7NbI=
-21,-2,Sx/hgZ8InhWw3dmSbxh68cTHIVw=,XMCA9Z8COzSvCmJMHyrwAQN7NbI=
-20,-5,Sx/hgZ8InhWw3dmSbxh68cTHIVw=,XMCA9Z8COzSvCmJMHyrwAQN7NbI=
-19,-3,Sx/hgZ8InhWw3dmSbxh68cTHIVw=,XMCA9Z8COzSvCmJMHyrwAQN7NbI=
-22,-2,Sx/hgZ8InhWw3dmSbxh68cTHIVw=,XMCA9Z8COzSvCmJMHyrwAQN7NbI=
-18,-7,Sx/hgZ8InhWw3dmSbxh68cTHIVw=,XMCA9Z8COzSvCmJMHyrwAQN7NbI=
-23,-2,Sx/hgZ8InhWw3dmSbxh68cTHIVw=,XMCA9Z8COzSvCmJMHyrwAQN7NbI=
-18,-6,Sx/hgZ8InhWw3dmSbxh68cTHIVw=,XMCA9Z8COzSvCmJMHyrwAQN7NbI=
-23,-6,Sx/hgZ8InhWw3dmSbxh68cTHIVw=,XMCA9Z8COzSvCmJMHyrwAQN7NbI=
-19,-6,Sx/hgZ8InhWw3dmSbxh68cTHIVw=,XMCA9Z8COzSvCmJMHyrwAQN7NbI=
-19,-7,Sx/hgZ8InhWw3dmSbxh68cTHIVw=,XMCA9Z8COzSvCmJMHyrwAQN7NbI=
-20,-3,Sx/hgZ8InhWw3dmSbxh68cTHIVw=,XMCA9Z8COzSvCmJMHyrwAQN7NbI=
-23,-7,Sx/hgZ8InhWw3dmSbxh68cTHIVw=,XMCA9Z8COzSvCmJMHyrwAQN7NbI=
-22,-7,Sx/hgZ8InhWw3dmSbxh68cTHIVw=,XMCA9Z8COzSvCmJMHyrwAQN7NbI=
-21,-3,Sx/hgZ8InhWw3dmSbxh68cTHIVw=,XMCA9Z8COzSvCmJMHyrwAQN7NbI=
-23,-3,Sx/hgZ8InhWw3dmSbxh68cTHIVw=,XMCA9Z8COzSvCmJMHyrwAQN7NbI=
-20,-6,Sx/hgZ8InhWw3dmSbxh68cTHIVw=,XMCA9Z8COzSvCmJMHyrwAQN7NbI=
-20,-7,Sx/hgZ8InhWw3dmSbxh68cTHIVw=,XMCA9Z8COzSvCmJMHyrwAQN7NbI=
