-62,13,2FcHfKXfNGGDJSweO0tJ9RBf7Tw=,KeZeHXfaH0ca67G92Zg5sbTFusg=
-56,10,2FcHfKXfNGGDJSweO0tJ9RBf7Tw=,FQnILMq1ls1VC/2571CO53+aGnU=
-55,10,2FcHfKXfNGGDJSweO0tJ9RBf7Tw=,FQnILMq1ls1VC/2571CO53+aGnU=
-54,10,2FcHfKXfNGGDJSweO0tJ9RBf7Tw=,FQnILMq1ls1VC/2571CO53+aGnU=
-53,10,2FcHfKXfNGGDJSweO0tJ9RBf7Tw=,FQnILMq1ls1VC/2571CO53+aGnU=
-52,10,2FcHfKXfNGGDJSweO0tJ9RBf7Tw=,FQnILMq1ls1VC/2571CO53+aGnU=
-51,10,2FcHfKXfNGGDJSweO0tJ9RBf7Tw=,FQnILMq1ls1VC/2571CO53+aGnU=
-57,13,2FcHfKXfNGGDJSweO0tJ9RBf7Tw=,KeZeHXfaH0ca67G92Zg5sbTFusg=
-50,10,2FcHfKXfNGGDJSweO0tJ9RBf7Tw=,FQnILMq1ls1VC/2571CO53+aGnU=
-56,11,2FcHfKXfNGGDJSweO0tJ9RBf7Tw=,FQnILMq1ls1VC/2571CO53+aGnU=
-57,14,2FcHfKXfNGGDJSweO0tJ9RBf7Tw=,KeZeHXfaH0ca67G92Zg5sbTFusg=
-55,11,2FcHfKXfNGGDJSweO0tJ9RBf7Tw=,FQnILMq1ls1VC/2571CO53+aGnU=
-53,11,2FcHfKXfNGGDJSweO0tJ9RBf7Tw=,FQnILMq1ls1VC/2571CO53+aGnU=
-54,11,2FcHfKXfNGGDJSweO0tJ9RBf7Tw=,FQnILMq1ls1VC/2571CO53+aGnU=
-52,11,2FcHfKXfNGGDJSweO0tJ9RBf7Tw=,FQnILMq1ls1VC/2571CO53+aGnU=
-51,11,2FcHfKXfNGGDJSweO0tJ9RBf7Tw=,FQnILMq1ls1VC/2571CO53+aGnU=
-50,11,2FcHfKXfNGGDJSweO0tJ9RBf7Tw=,FQnILMq1ls1VC/2571CO53+aGnU=
-56,12,2FcHfKXfNGGDJSweO0tJ9RBf7Tw=,FQnILMq1ls1VC/2571CO53+aGnU=
-55,12,2FcHfKXfNGGDJSweO0tJ9RBf7Tw=,FQnILMq1ls1VC/2571CO53+aGnU=
-57,9,2FcHfKXfNGGDJSweO0tJ9RBf7Tw=,KeZeHXfaH0ca67G92Zg5sbTFusg=
-54,12,2FcHfKXfNGGDJSweO0tJ9RBf7Tw=,FQnILMq1ls1VC/2571CO53+aGnU=
-53,12,2FcHfKXfNGGDJSweO0tJ9RBf7Tw=,FQnILMq1ls1VC/2571CO53+aGnU=
-52,12,2FcHfKXfNGGDJSweO0tJ9RBf7Tw=,FQnILMq1ls1VC/2571CO53+aGnU=
-57,10,2FcHfKXfNGGDJSweO0tJ9RBf7Tw=,KeZeHXfaH0ca67G92Zg5sbTFusg=
-51,12,2FcHfKXfNGGDJSweO0tJ9RBf7Tw=,FQnILMq1ls1VC/2571CO53+aGnU=
-50,12,2FcHfKXfNGGDJSweO0tJ9RBf7Tw=,FQnILMq1ls1VC/2571CO53+aGnU=
-56,13,2FcHfKXfNGGDJSweO0tJ9RBf7Tw=,FQnILMq1ls1VC/2571CO53+aGnU=
-56,9,2FcHfKXfNGGDJSweO0tJ9RBf7Tw=,FQnILMq1ls1VC/2571CO53+aGnU=
-55,13,2FcHfKXfNGGDJSweO0tJ9RBf7Tw=,FQnILMq1ls1VC/2571CO53+aGnU=
-54,13,2FcHfKXfNGGDJSweO0tJ9RBf7Tw=,FQnILMq1ls1VC/2571CO53+aGnU=
-53,13,2FcHfKXfNGGDJSweO0tJ9RBf7Tw=,FQnILMq1ls1VC/2571CO53+aGnU=
-52,13,2FcHfKXfNGGDJSweO0tJ9RBf7Tw=,FQnILMq1ls1VC/2571CO53+aGnU=
-51,13,2FcHfKXfNGGDJSweO0tJ9RBf7Tw=,FQnILMq1ls1VC/2571CO53+aGnU=
-57,11,2FcHfKXfNGGDJSweO0tJ9RBf7Tw=,KeZeHXfaH0ca67G92Zg5sbTFusg=
-55,9,2FcHfKXfNGGDJSweO0tJ9RBf7Tw=,FQnILMq1ls1VC/2571CO53+aGnU=
-50,13,2FcHfKXfNGGDJSweO0tJ9RBf7Tw=,FQnILMq1ls1VC/2571CO53+aGnU=
-54,9,2FcHfKXfNGGDJSweO0tJ9RBf7Tw=,FQnILMq1ls1VC/2571CO53+aGnU=
-56,14,2FcHfKXfNGGDJSweO0tJ9RBf7Tw=,FQnILMq1ls1VC/2571CO53+aGnU=
-53,9,2FcHfKXfNGGDJSweO0tJ9RBf7Tw=,FQnILMq1ls1VC/2571CO53+aGnU=
-55,14,2FcHfKXfNGGDJSweO0tJ9RBf7Tw=,FQnILMq1ls1VC/2571CO53+aGnU=
-54,14,2FcHfKXfNGGDJSweO0tJ9RBf7Tw=,FQnILMq1ls1VC/2571CO53+aGnU=
-53,14,2FcHfKXfNGGDJSweO0tJ9RBf7Tw=,FQnILMq1ls1VC/2571CO53+aGnU=
-52,9,2FcHfKXfNGGDJSweO0tJ9RBf7Tw=,FQnILMq1ls1VC/2571CO53+aGnU=
-52,14,2FcHfKXfNGGDJSweO0tJ9RBf7Tw=,FQnILMq1ls1VC/2571CO53+aGnU=
-51,14,2FcHfKXfNGGDJSweO0tJ9RBf7Tw=,FQnILMq1ls1VC/2571CO53+aGnU=
-50,14,2FcHfKXfNGGDJSweO0tJ9RBf7Tw=,FQnILMq1ls1VC/2571CO53+aGnU=
-51,9,2FcHfKXfNGGDJSweO0tJ9RBf7Tw=,FQnILMq1ls1VC/2571CO53+aGnU=
-57,12,2FcHfKXfNGGDJSweO0tJ9RBf7Tw=,KeZeHXfaH0ca67G92Zg5sbTFusg=
-50,9,2FcHfKXfNGGDJSweO0tJ9RBf7Tw=,FQnILMq1ls1VC/2571CO53+aGnU=
-49,10,2FcHfKXfNGGDJSweO0tJ9RBf7Tw=,FQnILMq1ls1VC/2571CO53+aGnU=
-49,11,2FcHfKXfNGGDJSweO0tJ9RBf7Tw=,FQnILMq1ls1VC/2571CO53+aGnU=
-49,12,2FcHfKXfNGGDJSweO0tJ9RBf7Tw=,FQnILMq1ls1VC/2571CO53+aGnU=
-49,14,2FcHfKXfNGGDJSweO0tJ9RBf7Tw=,FQnILMq1ls1VC/2571CO53+aGnU=
-49,13,2FcHfKXfNGGDJSweO0tJ9RBf7Tw=,FQnILMq1ls1VC/2571CO53+aGnU=
-49,9,2FcHfKXfNGGDJSweO0tJ9RBf7Tw=,FQnILMq1ls1VC/2571CO53+aGnU=
-58,12,2FcHfKXfNGGDJSweO0tJ9RBf7Tw=,KeZeHXfaH0ca67G92Zg5sbTFusg=
-63,13,2FcHfKXfNGGDJSweO0tJ9RBf7Tw=,KeZeHXfaH0ca67G92Zg5sbTFusg=
-59,12,2FcHfKXfNGGDJSweO0tJ9RBf7Tw=,KeZeHXfaH0ca67G92Zg5sbTFusg=
-61,12,2FcHfKXfNGGDJSweO0tJ9RBf7Tw=,KeZeHXfaH0ca67G92Zg5sbTFusg=
-62,12,2FcHfKXfNGGDJSweO0tJ9RBf7Tw=,KeZeHXfaH0ca67G92Zg5sbTFusg=
-58,11,2FcHfKXfNGGDJSweO0tJ9RBf7Tw=,KeZeHXfaH0ca67G92Zg5sbTFusg=
-59,11,2FcHfKXfNGGDJSweO0tJ9RBf7Tw=,KeZeHXfaH0ca67G92Zg5sbTFusg=
-60,12,2FcHfKXfNGGDJSweO0tJ9RBf7Tw=,KeZeHXfaH0ca67G92Zg5sbTFusg=
-60,11,2FcHfKXfNGGDJSweO0tJ9RBf7Tw=,KeZeHXfaH0ca67G92Zg5sbTFusg=
-61,11,2FcHfKXfNGGDJSweO0tJ9RBf7Tw=,KeZeHXfaH0ca67G92Zg5sbTFusg=
-62,11,2FcHfKXfNGGDJSweO0tJ9RBf7Tw=,KeZeHXfaH0ca67G92Zg5sbTFusg=
-63,12,2FcHfKXfNGGDJSweO0tJ9RBf7Tw=,KeZeHXfaH0ca67G92Zg5sbTFusg=
-59,10,2FcHfKXfNGGDJSweO0tJ9RBf7Tw=,KeZeHXfaH0ca67G92Zg5sbTFusg=
-58,10,2FcHfKXfNGGDJSweO0tJ9RBf7Tw=,KeZeHXfaH0ca67G92Zg5sbTFusg=
-60,10,2FcHfKXfNGGDJSweO0tJ9RBf7Tw=,KeZeHXfaH0ca67G92Zg5sbTFusg=
-63,11,2FcHfKXfNGGDJSweO0tJ9RBf7Tw=,KeZeHXfaH0ca67G92Zg5sbTFusg=
-61,10,2FcHfKXfNGGDJSweO0tJ9RBf7Tw=,KeZeHXfaH0ca67G92Zg5sbTFusg=
-62,10,2FcHfKXfNGGDJSweO0tJ9RBf7Tw=,KeZeHXfaH0ca67G92Zg5sbTFusg=
-59,9,2FcHfKXfNGGDJSweO0tJ9RBf7Tw=,KeZeHXfaH0ca67G92Zg5sbTFusg=
-60,9,2FcHfKXfNGGDJSweO0tJ9RBf7Tw=,KeZeHXfaH0ca67G92Zg5sbTFusg=
-61,9,2FcHfKXfNGGDJSweO0tJ9RBf7Tw=,KeZeHXfaH0ca67G92Zg5sbTFusg=
-63,10,2FcHfKXfNGGDJSweO0tJ9RBf7Tw=,KeZeHXfaH0ca67G92Zg5sbTFusg=
-62,9,2FcHfKXfNGGDJSweO0tJ9RBf7Tw=,KeZeHXfaH0ca67G92Zg5sbTFusg=
-58,14,2FcHfKXfNGGDJSweO0tJ9RBf7Tw=,KeZeHXfaH0ca67G92Zg5sbTFusg=
-59,14,2FcHfKXfNGGDJSweO0tJ9RBf7Tw=,KeZeHXfaH0ca67G92Zg5sbTFusg=
-60,14,2FcHfKXfNGGDJSweO0tJ9RBf7Tw=,KeZeHXfaH0ca67G92Zg5sbTFusg=
-61,14,2FcHfKXfNGGDJSweO0tJ9RBf7Tw=,KeZeHXfaH0ca67G92Zg5sbTFusg=
-62,14,2FcHfKXfNGGDJSweO0tJ9RBf7Tw=,KeZeHXfaH0ca67G92Zg5sbTFusg=
-58,9,2FcHfKXfNGGDJSweO0tJ9RBf7Tw=,KeZeHXfaH0ca67G92Zg5sbTFusg=
-63,9,2FcHfKXfNGGDJSweO0tJ9RBf7Tw=,KeZeHXfaH0ca67G92Zg5sbTFusg=
-59,13,2FcHfKXfNGGDJSweO0tJ9RBf7Tw=,KeZeHXfaH0ca67G92Zg5sbTFusg=
-58,13,2FcHfKXfNGGDJSweO0tJ9RBf7Tw=,KeZeHXfaH0ca67G92Zg5sbTFusg=
-60,13,2FcHfKXfNGGDJSweO0tJ9RBf7Tw=,KeZeHXfaH0ca67G92Zg5sbTFusg=
-61,13,2FcHfKXfNGGDJSweO0tJ9RBf7Tw=,KeZeHXfaH0ca67G92Zg5sbTFusg=
-63,14,2FcHfKXfNGGDJSweO0tJ9RBf7Tw=,KeZeHXfaH0ca67G92Zg5sbTFusg=
-52,15,2FcHfKXfNGGDJSweO0tJ9RBf7Tw=,FQnILMq1ls1VC/2571CO53+aGnU=
-51,15,2FcHfKXfNGGDJSweO0tJ9RBf7Tw=,FQnILMq1ls1VC/2571CO53+aGnU=
-50,15,2FcHfKXfNGGDJSweO0tJ9RBf7Tw=,FQnILMq1ls1VC/2571CO53+aGnU=
-55,15,2FcHfKXfNGGDJSweO0tJ9RBf7Tw=,FQnILMq1ls1VC/2571CO53+aGnU=
-54,15,2FcHfKXfNGGDJSweO0tJ9RBf7Tw=,FQnILMq1ls1VC/2571CO53+aGnU=
-53,15,2FcHfKXfNGGDJSweO0tJ9RBf7Tw=,FQnILMq1ls1VC/2571CO53+aGnU=
-63,15,2FcHfKXfNGGDJSweO0tJ9RBf7Tw=,KeZeHXfaH0ca67G92Zg5sbTFusg=
-62,15,2FcHfKXfNGGDJSweO0tJ9RBf7Tw=,KeZeHXfaH0ca67G92Zg5sbTFusg=
-61,15,2FcHfKXfNGGDJSweO0tJ9RBf7Tw=,KeZeHXfaH0ca67G92Zg5sbTFusg=
-60,15,2FcHfKXfNGGDJSweO0tJ9RBf7Tw=,KeZeHXfaH0ca67G92Zg5sbTFusg=
-59,15,2FcHfKXfNGGDJSweO0tJ9RBf7Tw=,KeZeHXfaH0ca67G92Zg5sbTFusg=
-58,15,2FcHfKXfNGGDJSweO0tJ9RBf7Tw=,KeZeHXfaH0ca67G92Zg5sbTFusg=
-57,15,2FcHfKXfNGGDJSweO0tJ9RBf7Tw=,KeZeHXfaH0ca67G92Zg5sbTFusg=
-56,15,2FcHfKXfNGGDJSweO0tJ9RBf7Tw=,FQnILMq1ls1VC/2571CO53+aGnU=
-49,15,2FcHfKXfNGGDJSweO0tJ9RBf7Tw=,FQnILMq1ls1VC/2571CO53+aGnU=
-61,6,2FcHfKXfNGGDJSweO0tJ9RBf7Tw=,9VwpmqaNTI+Y8o3gEqBviHpi9kA=
-60,6,2FcHfKXfNGGDJSweO0tJ9RBf7Tw=,9VwpmqaNTI+Y8o3gEqBviHpi9kA=
-59,6,2FcHfKXfNGGDJSweO0tJ9RBf7Tw=,9VwpmqaNTI+Y8o3gEqBviHpi9kA=
-60,1,2FcHfKXfNGGDJSweO0tJ9RBf7Tw=,9VwpmqaNTI+Y8o3gEqBviHpi9kA=
-59,1,2FcHfKXfNGGDJSweO0tJ9RBf7Tw=,9VwpmqaNTI+Y8o3gEqBviHpi9kA=
-58,1,2FcHfKXfNGGDJSweO0tJ9RBf7Tw=,9VwpmqaNTI+Y8o3gEqBviHpi9kA=
-60,3,2FcHfKXfNGGDJSweO0tJ9RBf7Tw=,9VwpmqaNTI+Y8o3gEqBviHpi9kA=
-61,2,2FcHfKXfNGGDJSweO0tJ9RBf7Tw=,9VwpmqaNTI+Y8o3gEqBviHpi9kA=
-58,6,2FcHfKXfNGGDJSweO0tJ9RBf7Tw=,9VwpmqaNTI+Y8o3gEqBviHpi9kA=
-63,0,2FcHfKXfNGGDJSweO0tJ9RBf7Tw=,9VwpmqaNTI+Y8o3gEqBviHpi9kA=
-63,7,2FcHfKXfNGGDJSweO0tJ9RBf7Tw=,9VwpmqaNTI+Y8o3gEqBviHpi9kA=
-62,7,2FcHfKXfNGGDJSweO0tJ9RBf7Tw=,9VwpmqaNTI+Y8o3gEqBviHpi9kA=
-61,7,2FcHfKXfNGGDJSweO0tJ9RBf7Tw=,9VwpmqaNTI+Y8o3gEqBviHpi9kA=
-60,2,2FcHfKXfNGGDJSweO0tJ9RBf7Tw=,9VwpmqaNTI+Y8o3gEqBviHpi9kA=
-59,3,2FcHfKXfNGGDJSweO0tJ9RBf7Tw=,9VwpmqaNTI+Y8o3gEqBviHpi9kA=
-60,7,2FcHfKXfNGGDJSweO0tJ9RBf7Tw=,9VwpmqaNTI+Y8o3gEqBviHpi9kA=
-58,3,2FcHfKXfNGGDJSweO0tJ9RBf7Tw=,9VwpmqaNTI+Y8o3gEqBviHpi9kA=
-60,5,2FcHfKXfNGGDJSweO0tJ9RBf7Tw=,9VwpmqaNTI+Y8o3gEqBviHpi9kA=
-59,7,2FcHfKXfNGGDJSweO0tJ9RBf7Tw=,9VwpmqaNTI+Y8o3gEqBviHpi9kA=
-58,7,2FcHfKXfNGGDJSweO0tJ9RBf7Tw=,9VwpmqaNTI+Y8o3gEqBviHpi9kA=
-63,8,2FcHfKXfNGGDJSweO0tJ9RBf7Tw=,KeZeHXfaH0ca67G92Zg5sbTFusg=
-59,2,2FcHfKXfNGGDJSweO0tJ9RBf7Tw=,9VwpmqaNTI+Y8o3gEqBviHpi9kA=
-62,8,2FcHfKXfNGGDJSweO0tJ9RBf7Tw=,KeZeHXfaH0ca67G92Zg5sbTFusg=
-61,8,2FcHfKXfNGGDJSweO0tJ9RBf7Tw=,KeZeHXfaH0ca67G92Zg5sbTFusg=
-59,4,2FcHfKXfNGGDJSweO0tJ9RBf7Tw=,9VwpmqaNTI+Y8o3gEqBviHpi9kA=
-59,5,2FcHfKXfNGGDJSweO0tJ9RBf7Tw=,9VwpmqaNTI+Y8o3gEqBviHpi9kA=
-60,8,2FcHfKXfNGGDJSweO0tJ9RBf7Tw=,KeZeHXfaH0ca67G92Zg5sbTFusg=
-59,8,2FcHfKXfNGGDJSweO0tJ9RBf7Tw=,KeZeHXfaH0ca67G92Zg5sbTFusg=
-58,8,2FcHfKXfNGGDJSweO0tJ9RBf7Tw=,KeZeHXfaH0ca67G92Zg5sbTFusg=
-63,4,2FcHfKXfNGGDJSweO0tJ9RBf7Tw=,9VwpmqaNTI+Y8o3gEqBviHpi9kA=
-58,4,2FcHfKXfNGGDJSweO0tJ9RBf7Tw=,9VwpmqaNTI+Y8o3gEqBviHpi9kA=
-58,2,2FcHfKXfNGGDJSweO0tJ9RBf7Tw=,9VwpmqaNTI+Y8o3gEqBviHpi9kA=
-58,5,2FcHfKXfNGGDJSweO0tJ9RBf7Tw=,9VwpmqaNTI+Y8o3gEqBviHpi9kA=
-62,0,2FcHfKXfNGGDJSweO0tJ9RBf7Tw=,9VwpmqaNTI+Y8o3gEqBviHpi9kA=
-59,0,2FcHfKXfNGGDJSweO0tJ9RBf7Tw=,9VwpmqaNTI+Y8o3gEqBviHpi9kA=
-58,0,2FcHfKXfNGGDJSweO0tJ9RBf7Tw=,9VwpmqaNTI+Y8o3gEqBviHpi9kA=
-63,1,2FcHfKXfNGGDJSweO0tJ9RBf7Tw=,9VwpmqaNTI+Y8o3gEqBviHpi9kA=
-62,1,2FcHfKXfNGGDJSweO0tJ9RBf7Tw=,9VwpmqaNTI+Y8o3gEqBviHpi9kA=
-61,0,2FcHfKXfNGGDJSweO0tJ9RBf7Tw=,9VwpmqaNTI+Y8o3gEqBviHpi9kA=
-63,3,2FcHfKXfNGGDJSweO0tJ9RBf7Tw=,9VwpmqaNTI+Y8o3gEqBviHpi9kA=
-61,1,2FcHfKXfNGGDJSweO0tJ9RBf7Tw=,9VwpmqaNTI+Y8o3gEqBviHpi9kA=
-63,5,2FcHfKXfNGGDJSweO0tJ9RBf7Tw=,9VwpmqaNTI+Y8o3gEqBviHpi9kA=
-63,6,2FcHfKXfNGGDJSweO0tJ9RBf7Tw=,9VwpmqaNTI+Y8o3gEqBviHpi9kA=
-62,5,2FcHfKXfNGGDJSweO0tJ9RBf7Tw=,9VwpmqaNTI+Y8o3gEqBviHpi9kA=
-62,4,2FcHfKXfNGGDJSweO0tJ9RBf7Tw=,9VwpmqaNTI+Y8o3gEqBviHpi9kA=
-62,3,2FcHfKXfNGGDJSweO0tJ9RBf7Tw=,9VwpmqaNTI+Y8o3gEqBviHpi9kA=
-62,6,2FcHfKXfNGGDJSweO0tJ9RBf7Tw=,9VwpmqaNTI+Y8o3gEqBviHpi9kA=
-61,4,2FcHfKXfNGGDJSweO0tJ9RBf7Tw=,9VwpmqaNTI+Y8o3gEqBviHpi9kA=
-61,3,2FcHfKXfNGGDJSweO0tJ9RBf7Tw=,9VwpmqaNTI+Y8o3gEqBviHpi9kA=
-60,4,2FcHfKXfNGGDJSweO0tJ9RBf7Tw=,9VwpmqaNTI+Y8o3gEqBviHpi9kA=
-61,5,2FcHfKXfNGGDJSweO0tJ9RBf7Tw=,9VwpmqaNTI+Y8o3gEqBviHpi9kA=
-60,0,2FcHfKXfNGGDJSweO0tJ9RBf7Tw=,9VwpmqaNTI+Y8o3gEqBviHpi9kA=
-62,2,2FcHfKXfNGGDJSweO0tJ9RBf7Tw=,9VwpmqaNTI+Y8o3gEqBviHpi9kA=
-63,2,2FcHfKXfNGGDJSweO0tJ9RBf7Tw=,9VwpmqaNTI+Y8o3gEqBviHpi9kA=
-52,5,2FcHfKXfNGGDJSweO0tJ9RBf7Tw=,kAaHqdC031UE7RI2LThrPzR6dYU=
-57,6,2FcHfKXfNGGDJSweO0tJ9RBf7Tw=,9VwpmqaNTI+Y8o3gEqBviHpi9kA=
-53,5,2FcHfKXfNGGDJSweO0tJ9RBf7Tw=,kAaHqdC031UE7RI2LThrPzR6dYU=
-54,5,2FcHfKXfNGGDJSweO0tJ9RBf7Tw=,kAaHqdC031UE7RI2LThrPzR6dYU=
-55,5,2FcHfKXfNGGDJSweO0tJ9RBf7Tw=,kAaHqdC031UE7RI2LThrPzR6dYU=
-56,5,2FcHfKXfNGGDJSweO0tJ9RBf7Tw=,kAaHqdC031UE7RI2LThrPzR6dYU=
-49,4,2FcHfKXfNGGDJSweO0tJ9RBf7Tw=,kAaHqdC031UE7RI2LThrPzR6dYU=
-50,4,2FcHfKXfNGGDJSweO0tJ9RBf7Tw=,kAaHqdC031UE7RI2LThrPzR6dYU=
-57,1,2FcHfKXfNGGDJSweO0tJ9RBf7Tw=,9VwpmqaNTI+Y8o3gEqBviHpi9kA=
-52,4,2FcHfKXfNGGDJSweO0tJ9RBf7Tw=,kAaHqdC031UE7RI2LThrPzR6dYU=
-53,4,2FcHfKXfNGGDJSweO0tJ9RBf7Tw=,kAaHqdC031UE7RI2LThrPzR6dYU=
-54,4,2FcHfKXfNGGDJSweO0tJ9RBf7Tw=,kAaHqdC031UE7RI2LThrPzR6dYU=
-55,4,2FcHfKXfNGGDJSweO0tJ9RBf7Tw=,kAaHqdC031UE7RI2LThrPzR6dYU=
-56,4,2FcHfKXfNGGDJSweO0tJ9RBf7Tw=,kAaHqdC031UE7RI2LThrPzR6dYU=
-51,4,2FcHfKXfNGGDJSweO0tJ9RBf7Tw=,kAaHqdC031UE7RI2LThrPzR6dYU=
-51,5,2FcHfKXfNGGDJSweO0tJ9RBf7Tw=,kAaHqdC031UE7RI2LThrPzR6dYU=
-50,3,2FcHfKXfNGGDJSweO0tJ9RBf7Tw=,kAaHqdC031UE7RI2LThrPzR6dYU=
-51,3,2FcHfKXfNGGDJSweO0tJ9RBf7Tw=,kAaHqdC031UE7RI2LThrPzR6dYU=
-52,3,2FcHfKXfNGGDJSweO0tJ9RBf7Tw=,kAaHqdC031UE7RI2LThrPzR6dYU=
-49,3,2FcHfKXfNGGDJSweO0tJ9RBf7Tw=,kAaHqdC031UE7RI2LThrPzR6dYU=
-50,5,2FcHfKXfNGGDJSweO0tJ9RBf7Tw=,kAaHqdC031UE7RI2LThrPzR6dYU=
-54,3,2FcHfKXfNGGDJSweO0tJ9RBf7Tw=,kAaHqdC031UE7RI2LThrPzR6dYU=
-53,3,2FcHfKXfNGGDJSweO0tJ9RBf7Tw=,kAaHqdC031UE7RI2LThrPzR6dYU=
-55,3,2FcHfKXfNGGDJSweO0tJ9RBf7Tw=,kAaHqdC031UE7RI2LThrPzR6dYU=
-56,3,2FcHfKXfNGGDJSweO0tJ9RBf7Tw=,kAaHqdC031UE7RI2LThrPzR6dYU=
-49,2,2FcHfKXfNGGDJSweO0tJ9RBf7Tw=,kAaHqdC031UE7RI2LThrPzR6dYU=
-49,8,2FcHfKXfNGGDJSweO0tJ9RBf7Tw=,FQnILMq1ls1VC/2571CO53+aGnU=
-56,0,2FcHfKXfNGGDJSweO0tJ9RBf7Tw=,kAaHqdC031UE7RI2LThrPzR6dYU=
-51,8,2FcHfKXfNGGDJSweO0tJ9RBf7Tw=,FQnILMq1ls1VC/2571CO53+aGnU=
-50,8,2FcHfKXfNGGDJSweO0tJ9RBf7Tw=,FQnILMq1ls1VC/2571CO53+aGnU=
-55,0,2FcHfKXfNGGDJSweO0tJ9RBf7Tw=,kAaHqdC031UE7RI2LThrPzR6dYU=
-50,2,2FcHfKXfNGGDJSweO0tJ9RBf7Tw=,kAaHqdC031UE7RI2LThrPzR6dYU=
-52,8,2FcHfKXfNGGDJSweO0tJ9RBf7Tw=,FQnILMq1ls1VC/2571CO53+aGnU=
-54,0,2FcHfKXfNGGDJSweO0tJ9RBf7Tw=,kAaHqdC031UE7RI2LThrPzR6dYU=
-53,0,2FcHfKXfNGGDJSweO0tJ9RBf7Tw=,kAaHqdC031UE7RI2LThrPzR6dYU=
-52,0,2FcHfKXfNGGDJSweO0tJ9RBf7Tw=,kAaHqdC031UE7RI2LThrPzR6dYU=
-51,2,2FcHfKXfNGGDJSweO0tJ9RBf7Tw=,kAaHqdC031UE7RI2LThrPzR6dYU=
-57,7,2FcHfKXfNGGDJSweO0tJ9RBf7Tw=,9VwpmqaNTI+Y8o3gEqBviHpi9kA=
-53,8,2FcHfKXfNGGDJSweO0tJ9RBf7Tw=,FQnILMq1ls1VC/2571CO53+aGnU=
-49,7,2FcHfKXfNGGDJSweO0tJ9RBf7Tw=,kAaHqdC031UE7RI2LThrPzR6dYU=
-54,8,2FcHfKXfNGGDJSweO0tJ9RBf7Tw=,FQnILMq1ls1VC/2571CO53+aGnU=
-51,0,2FcHfKXfNGGDJSweO0tJ9RBf7Tw=,kAaHqdC031UE7RI2LThrPzR6dYU=
-50,7,2FcHfKXfNGGDJSweO0tJ9RBf7Tw=,kAaHqdC031UE7RI2LThrPzR6dYU=
-51,7,2FcHfKXfNGGDJSweO0tJ9RBf7Tw=,kAaHqdC031UE7RI2LThrPzR6dYU=
-50,0,2FcHfKXfNGGDJSweO0tJ9RBf7Tw=,kAaHqdC031UE7RI2LThrPzR6dYU=
-52,7,2FcHfKXfNGGDJSweO0tJ9RBf7Tw=,kAaHqdC031UE7RI2LThrPzR6dYU=
-53,7,2FcHfKXfNGGDJSweO0tJ9RBf7Tw=,kAaHqdC031UE7RI2LThrPzR6dYU=
-49,0,2FcHfKXfNGGDJSweO0tJ9RBf7Tw=,kAaHqdC031UE7RI2LThrPzR6dYU=
-53,2,2FcHfKXfNGGDJSweO0tJ9RBf7Tw=,kAaHqdC031UE7RI2LThrPzR6dYU=
-52,2,2FcHfKXfNGGDJSweO0tJ9RBf7Tw=,kAaHqdC031UE7RI2LThrPzR6dYU=
-56,1,2FcHfKXfNGGDJSweO0tJ9RBf7Tw=,kAaHqdC031UE7RI2LThrPzR6dYU=
-54,7,2FcHfKXfNGGDJSweO0tJ9RBf7Tw=,kAaHqdC031UE7RI2LThrPzR6dYU=
-54,2,2FcHfKXfNGGDJSweO0tJ9RBf7Tw=,kAaHqdC031UE7RI2LThrPzR6dYU=
-57,5,2FcHfKXfNGGDJSweO0tJ9RBf7Tw=,9VwpmqaNTI+Y8o3gEqBviHpi9kA=
-55,2,2FcHfKXfNGGDJSweO0tJ9RBf7Tw=,kAaHqdC031UE7RI2LThrPzR6dYU=
-57,4,2FcHfKXfNGGDJSweO0tJ9RBf7Tw=,9VwpmqaNTI+Y8o3gEqBviHpi9kA=
-55,1,2FcHfKXfNGGDJSweO0tJ9RBf7Tw=,kAaHqdC031UE7RI2LThrPzR6dYU=
-55,7,2FcHfKXfNGGDJSweO0tJ9RBf7Tw=,kAaHqdC031UE7RI2LThrPzR6dYU=
-56,7,2FcHfKXfNGGDJSweO0tJ9RBf7Tw=,kAaHqdC031UE7RI2LThrPzR6dYU=
-54,1,2FcHfKXfNGGDJSweO0tJ9RBf7Tw=,kAaHqdC031UE7RI2LThrPzR6dYU=
-50,6,2FcHfKXfNGGDJSweO0tJ9RBf7Tw=,kAaHqdC031UE7RI2LThrPzR6dYU=
-57,3,2FcHfKXfNGGDJSweO0tJ9RBf7Tw=,9VwpmqaNTI+Y8o3gEqBviHpi9kA=
-49,6,2FcHfKXfNGGDJSweO0tJ9RBf7Tw=,kAaHqdC031UE7RI2LThrPzR6dYU=
-51,6,2FcHfKXfNGGDJSweO0tJ9RBf7Tw=,kAaHqdC031UE7RI2LThrPzR6dYU=
-57,0,2FcHfKXfNGGDJSweO0tJ9RBf7Tw=,9VwpmqaNTI+Y8o3gEqBviHpi9kA=
-52,6,2FcHfKXfNGGDJSweO0tJ9RBf7Tw=,kAaHqdC031UE7RI2LThrPzR6dYU=
-57,8,2FcHfKXfNGGDJSweO0tJ9RBf7Tw=,KeZeHXfaH0ca67G92Zg5sbTFusg=
-49,5,2FcHfKXfNGGDJSweO0tJ9RBf7Tw=,kAaHqdC031UE7RI2LThrPzR6dYU=
-55,8,2FcHfKXfNGGDJSweO0tJ9RBf7Tw=,FQnILMq1ls1VC/2571CO53+aGnU=
-56,8,2FcHfKXfNGGDJSweO0tJ9RBf7Tw=,FQnILMq1ls1VC/2571CO53+aGnU=
-53,1,2FcHfKXfNGGDJSweO0tJ9RBf7Tw=,kAaHqdC031UE7RI2LThrPzR6dYU=
-57,2,2FcHfKXfNGGDJSweO0tJ9RBf7Tw=,9VwpmqaNTI+Y8o3gEqBviHpi9kA=
-56,6,2FcHfKXfNGGDJSweO0tJ9RBf7Tw=,kAaHqdC031UE7RI2LThrPzR6dYU=
-54,6,2FcHfKXfNGGDJSweO0tJ9RBf7Tw=,kAaHqdC031UE7RI2LThrPzR6dYU=
-53,6,2FcHfKXfNGGDJSweO0tJ9RBf7Tw=,kAaHqdC031UE7RI2LThrPzR6dYU=
-56,2,2FcHfKXfNGGDJSweO0tJ9RBf7Tw=,kAaHqdC031UE7RI2LThrPzR6dYU=
-55,6,2FcHfKXfNGGDJSweO0tJ9RBf7Tw=,kAaHqdC031UE7RI2LThrPzR6dYU=
-52,1,2FcHfKXfNGGDJSweO0tJ9RBf7Tw=,kAaHqdC031UE7RI2LThrPzR6dYU=
-49,1,2FcHfKXfNGGDJSweO0tJ9RBf7Tw=,kAaHqdC031UE7RI2LThrPzR6dYU=
-50,1,2FcHfKXfNGGDJSweO0tJ9RBf7Tw=,kAaHqdC031UE7RI2LThrPzR6dYU=
-51,1,2FcHfKXfNGGDJSweO0tJ9RBf7Tw=,kAaHqdC031UE7RI2LThrPzR6dYU=
-61,30,2FcHfKXfNGGDJSweO0tJ9RBf7Tw=,v9bi1/MVbkn93reB8Ux5Y4D+uFg=
-61,25,mEBpZXA3KgjuW1onS+2n/Rd+UJM=,v9bi1/MVbkn93reB8Ux5Y4D+uFg=
-62,30,mEBpZXA3KgjuW1onS+2n/Rd+UJM=,v9bi1/MVbkn93reB8Ux5Y4D+uFg=
-61,27,mEBpZXA3KgjuW1onS+2n/Rd+UJM=,v9bi1/MVbkn93reB8Ux5Y4D+uFg=
-61,29,mEBpZXA3KgjuW1onS+2n/Rd+UJM=,v9bi1/MVbkn93reB8Ux5Y4D+uFg=
-63,26,mEBpZXA3KgjuW1onS+2n/Rd+UJM=,v9bi1/MVbkn93reB8Ux5Y4D+uFg=
-58,25,mEBpZXA3KgjuW1onS+2n/Rd+UJM=,v9bi1/MVbkn93reB8Ux5Y4D+uFg=
-62,25,mEBpZXA3KgjuW1onS+2n/Rd+UJM=,v9bi1/MVbkn93reB8Ux5Y4D+uFg=
-63,30,mEBpZXA3KgjuW1onS+2n/Rd+UJM=,v9bi1/MVbkn93reB8Ux5Y4D+uFg=
-62,29,mEBpZXA3KgjuW1onS+2n/Rd+UJM=,v9bi1/MVbkn93reB8Ux5Y4D+uFg=
-63,29,mEBpZXA3KgjuW1onS+2n/Rd+UJM=,v9bi1/MVbkn93reB8Ux5Y4D+uFg=
-58,29,mEBpZXA3KgjuW1onS+2n/Rd+UJM=,v9bi1/MVbkn93reB8Ux5Y4D+uFg=
-58,28,mEBpZXA3KgjuW1onS+2n/Rd+UJM=,v9bi1/MVbkn93reB8Ux5Y4D+uFg=
-59,28,mEBpZXA3KgjuW1onS+2n/Rd+UJM=,v9bi1/MVbkn93reB8Ux5Y4D+uFg=
-62,27,mEBpZXA3KgjuW1onS+2n/Rd+UJM=,v9bi1/MVbkn93reB8Ux5Y4D+uFg=
-63,27,mEBpZXA3KgjuW1onS+2n/Rd+UJM=,v9bi1/MVbkn93reB8Ux5Y4D+uFg=
-63,25,mEBpZXA3KgjuW1onS+2n/Rd+UJM=,v9bi1/MVbkn93reB8Ux5Y4D+uFg=
-58,26,mEBpZXA3KgjuW1onS+2n/Rd+UJM=,v9bi1/MVbkn93reB8Ux5Y4D+uFg=
-59,26,mEBpZXA3KgjuW1onS+2n/Rd+UJM=,v9bi1/MVbkn93reB8Ux5Y4D+uFg=
-58,24,mEBpZXA3KgjuW1onS+2n/Rd+UJM=,v9bi1/MVbkn93reB8Ux5Y4D+uFg=
-59,24,mEBpZXA3KgjuW1onS+2n/Rd+UJM=,v9bi1/MVbkn93reB8Ux5Y4D+uFg=
-60,24,mEBpZXA3KgjuW1onS+2n/Rd+UJM=,v9bi1/MVbkn93reB8Ux5Y4D+uFg=
-61,24,mEBpZXA3KgjuW1onS+2n/Rd+UJM=,v9bi1/MVbkn93reB8Ux5Y4D+uFg=
-62,24,mEBpZXA3KgjuW1onS+2n/Rd+UJM=,v9bi1/MVbkn93reB8Ux5Y4D+uFg=
-59,29,mEBpZXA3KgjuW1onS+2n/Rd+UJM=,v9bi1/MVbkn93reB8Ux5Y4D+uFg=
-60,28,mEBpZXA3KgjuW1onS+2n/Rd+UJM=,v9bi1/MVbkn93reB8Ux5Y4D+uFg=
-60,29,mEBpZXA3KgjuW1onS+2n/Rd+UJM=,v9bi1/MVbkn93reB8Ux5Y4D+uFg=
-61,28,mEBpZXA3KgjuW1onS+2n/Rd+UJM=,v9bi1/MVbkn93reB8Ux5Y4D+uFg=
-62,26,mEBpZXA3KgjuW1onS+2n/Rd+UJM=,v9bi1/MVbkn93reB8Ux5Y4D+uFg=
-62,28,mEBpZXA3KgjuW1onS+2n/Rd+UJM=,v9bi1/MVbkn93reB8Ux5Y4D+uFg=
-63,28,mEBpZXA3KgjuW1onS+2n/Rd+UJM=,v9bi1/MVbkn93reB8Ux5Y4D+uFg=
-58,27,mEBpZXA3KgjuW1onS+2n/Rd+UJM=,v9bi1/MVbkn93reB8Ux5Y4D+uFg=
-58,31,mEBpZXA3KgjuW1onS+2n/Rd+UJM=,v9bi1/MVbkn93reB8Ux5Y4D+uFg=
-59,27,mEBpZXA3KgjuW1onS+2n/Rd+UJM=,v9bi1/MVbkn93reB8Ux5Y4D+uFg=
-60,27,mEBpZXA3KgjuW1onS+2n/Rd+UJM=,v9bi1/MVbkn93reB8Ux5Y4D+uFg=
-60,26,mEBpZXA3KgjuW1onS+2n/Rd+UJM=,v9bi1/MVbkn93reB8Ux5Y4D+uFg=
-59,31,mEBpZXA3KgjuW1onS+2n/Rd+UJM=,v9bi1/MVbkn93reB8Ux5Y4D+uFg=
-60,31,mEBpZXA3KgjuW1onS+2n/Rd+UJM=,v9bi1/MVbkn93reB8Ux5Y4D+uFg=
-63,24,mEBpZXA3KgjuW1onS+2n/Rd+UJM=,v9bi1/MVbkn93reB8Ux5Y4D+uFg=
-61,31,mEBpZXA3KgjuW1onS+2n/Rd+UJM=,v9bi1/MVbkn93reB8Ux5Y4D+uFg=
-62,31,mEBpZXA3KgjuW1onS+2n/Rd+UJM=,v9bi1/MVbkn93reB8Ux5Y4D+uFg=
-63,31,mEBpZXA3KgjuW1onS+2n/Rd+UJM=,v9bi1/MVbkn93reB8Ux5Y4D+uFg=
-58,30,mEBpZXA3KgjuW1onS+2n/Rd+UJM=,v9bi1/MVbkn93reB8Ux5Y4D+uFg=
-59,30,mEBpZXA3KgjuW1onS+2n/Rd+UJM=,v9bi1/MVbkn93reB8Ux5Y4D+uFg=
-59,25,mEBpZXA3KgjuW1onS+2n/Rd+UJM=,v9bi1/MVbkn93reB8Ux5Y4D+uFg=
-60,25,mEBpZXA3KgjuW1onS+2n/Rd+UJM=,v9bi1/MVbkn93reB8Ux5Y4D+uFg=
-61,26,mEBpZXA3KgjuW1onS+2n/Rd+UJM=,v9bi1/MVbkn93reB8Ux5Y4D+uFg=
-60,30,mEBpZXA3KgjuW1onS+2n/Rd+UJM=,v9bi1/MVbkn93reB8Ux5Y4D+uFg=
-52,30,mEBpZXA3KgjuW1onS+2n/Rd+UJM=,dYOhEBFZlacOqSumLf7c2Xk5uIc=
-55,30,mEBpZXA3KgjuW1onS+2n/Rd+UJM=,dYOhEBFZlacOqSumLf7c2Xk5uIc=
-57,25,mEBpZXA3KgjuW1onS+2n/Rd+UJM=,v9bi1/MVbkn93reB8Ux5Y4D+uFg=
-53,30,mEBpZXA3KgjuW1onS+2n/Rd+UJM=,dYOhEBFZlacOqSumLf7c2Xk5uIc=
-54,30,mEBpZXA3KgjuW1onS+2n/Rd+UJM=,dYOhEBFZlacOqSumLf7c2Xk5uIc=
-56,30,mEBpZXA3KgjuW1onS+2n/Rd+UJM=,dYOhEBFZlacOqSumLf7c2Xk5uIc=
-51,30,mEBpZXA3KgjuW1onS+2n/Rd+UJM=,dYOhEBFZlacOqSumLf7c2Xk5uIc=
-50,29,mEBpZXA3KgjuW1onS+2n/Rd+UJM=,dYOhEBFZlacOqSumLf7c2Xk5uIc=
-51,29,mEBpZXA3KgjuW1onS+2n/Rd+UJM=,dYOhEBFZlacOqSumLf7c2Xk5uIc=
-49,29,mEBpZXA3KgjuW1onS+2n/Rd+UJM=,dYOhEBFZlacOqSumLf7c2Xk5uIc=
-52,29,mEBpZXA3KgjuW1onS+2n/Rd+UJM=,dYOhEBFZlacOqSumLf7c2Xk5uIc=
-50,30,mEBpZXA3KgjuW1onS+2n/Rd+UJM=,dYOhEBFZlacOqSumLf7c2Xk5uIc=
-57,29,mEBpZXA3KgjuW1onS+2n/Rd+UJM=,v9bi1/MVbkn93reB8Ux5Y4D+uFg=
-53,29,mEBpZXA3KgjuW1onS+2n/Rd+UJM=,dYOhEBFZlacOqSumLf7c2Xk5uIc=
-55,29,mEBpZXA3KgjuW1onS+2n/Rd+UJM=,dYOhEBFZlacOqSumLf7c2Xk5uIc=
-54,29,mEBpZXA3KgjuW1onS+2n/Rd+UJM=,dYOhEBFZlacOqSumLf7c2Xk5uIc=
-49,30,mEBpZXA3KgjuW1onS+2n/Rd+UJM=,dYOhEBFZlacOqSumLf7c2Xk5uIc=
-56,31,mEBpZXA3KgjuW1onS+2n/Rd+UJM=,dYOhEBFZlacOqSumLf7c2Xk5uIc=
-55,31,mEBpZXA3KgjuW1onS+2n/Rd+UJM=,dYOhEBFZlacOqSumLf7c2Xk5uIc=
-56,29,mEBpZXA3KgjuW1onS+2n/Rd+UJM=,dYOhEBFZlacOqSumLf7c2Xk5uIc=
-54,31,mEBpZXA3KgjuW1onS+2n/Rd+UJM=,dYOhEBFZlacOqSumLf7c2Xk5uIc=
-53,31,mEBpZXA3KgjuW1onS+2n/Rd+UJM=,dYOhEBFZlacOqSumLf7c2Xk5uIc=
-49,28,mEBpZXA3KgjuW1onS+2n/Rd+UJM=,dYOhEBFZlacOqSumLf7c2Xk5uIc=
-57,28,mEBpZXA3KgjuW1onS+2n/Rd+UJM=,v9bi1/MVbkn93reB8Ux5Y4D+uFg=
-50,28,mEBpZXA3KgjuW1onS+2n/Rd+UJM=,dYOhEBFZlacOqSumLf7c2Xk5uIc=
-52,28,mEBpZXA3KgjuW1onS+2n/Rd+UJM=,dYOhEBFZlacOqSumLf7c2Xk5uIc=
-52,31,mEBpZXA3KgjuW1onS+2n/Rd+UJM=,dYOhEBFZlacOqSumLf7c2Xk5uIc=
-54,28,mEBpZXA3KgjuW1onS+2n/Rd+UJM=,dYOhEBFZlacOqSumLf7c2Xk5uIc=
-53,28,mEBpZXA3KgjuW1onS+2n/Rd+UJM=,dYOhEBFZlacOqSumLf7c2Xk5uIc=
-51,31,mEBpZXA3KgjuW1onS+2n/Rd+UJM=,dYOhEBFZlacOqSumLf7c2Xk5uIc=
-51,28,mEBpZXA3KgjuW1onS+2n/Rd+UJM=,dYOhEBFZlacOqSumLf7c2Xk5uIc=
-55,28,mEBpZXA3KgjuW1onS+2n/Rd+UJM=,dYOhEBFZlacOqSumLf7c2Xk5uIc=
-56,28,mEBpZXA3KgjuW1onS+2n/Rd+UJM=,dYOhEBFZlacOqSumLf7c2Xk5uIc=
-57,30,mEBpZXA3KgjuW1onS+2n/Rd+UJM=,v9bi1/MVbkn93reB8Ux5Y4D+uFg=
-50,31,mEBpZXA3KgjuW1onS+2n/Rd+UJM=,dYOhEBFZlacOqSumLf7c2Xk5uIc=
-49,27,mEBpZXA3KgjuW1onS+2n/Rd+UJM=,dYOhEBFZlacOqSumLf7c2Xk5uIc=
-49,31,mEBpZXA3KgjuW1onS+2n/Rd+UJM=,dYOhEBFZlacOqSumLf7c2Xk5uIc=
-57,31,mEBpZXA3KgjuW1onS+2n/Rd+UJM=,v9bi1/MVbkn93reB8Ux5Y4D+uFg=
-50,27,mEBpZXA3KgjuW1onS+2n/Rd+UJM=,dYOhEBFZlacOqSumLf7c2Xk5uIc=
-57,27,mEBpZXA3KgjuW1onS+2n/Rd+UJM=,v9bi1/MVbkn93reB8Ux5Y4D+uFg=
-56,24,mEBpZXA3KgjuW1onS+2n/Rd+UJM=,dYOhEBFZlacOqSumLf7c2Xk5uIc=
-55,24,mEBpZXA3KgjuW1onS+2n/Rd+UJM=,dYOhEBFZlacOqSumLf7c2Xk5uIc=
-54,24,mEBpZXA3KgjuW1onS+2n/Rd+UJM=,dYOhEBFZlacOqSumLf7c2Xk5uIc=
-53,24,mEBpZXA3KgjuW1onS+2n/Rd+UJM=,dYOhEBFZlacOqSumLf7c2Xk5uIc=
-52,24,mEBpZXA3KgjuW1onS+2n/Rd+UJM=,dYOhEBFZlacOqSumLf7c2Xk5uIc=
-51,24,mEBpZXA3KgjuW1onS+2n/Rd+UJM=,dYOhEBFZlacOqSumLf7c2Xk5uIc=
-50,24,mEBpZXA3KgjuW1onS+2n/Rd+UJM=,dYOhEBFZlacOqSumLf7c2Xk5uIc=
-49,24,mEBpZXA3KgjuW1onS+2n/Rd+UJM=,dYOhEBFZlacOqSumLf7c2Xk5uIc=
-56,25,mEBpZXA3KgjuW1onS+2n/Rd+UJM=,dYOhEBFZlacOqSumLf7c2Xk5uIc=
-55,25,mEBpZXA3KgjuW1onS+2n/Rd+UJM=,dYOhEBFZlacOqSumLf7c2Xk5uIc=
-54,25,mEBpZXA3KgjuW1onS+2n/Rd+UJM=,dYOhEBFZlacOqSumLf7c2Xk5uIc=
-53,25,mEBpZXA3KgjuW1onS+2n/Rd+UJM=,dYOhEBFZlacOqSumLf7c2Xk5uIc=
-52,25,mEBpZXA3KgjuW1onS+2n/Rd+UJM=,dYOhEBFZlacOqSumLf7c2Xk5uIc=
-51,25,mEBpZXA3KgjuW1onS+2n/Rd+UJM=,dYOhEBFZlacOqSumLf7c2Xk5uIc=
-52,27,mEBpZXA3KgjuW1onS+2n/Rd+UJM=,dYOhEBFZlacOqSumLf7c2Xk5uIc=
-50,25,mEBpZXA3KgjuW1onS+2n/Rd+UJM=,dYOhEBFZlacOqSumLf7c2Xk5uIc=
-53,27,mEBpZXA3KgjuW1onS+2n/Rd+UJM=,dYOhEBFZlacOqSumLf7c2Xk5uIc=
-49,25,mEBpZXA3KgjuW1onS+2n/Rd+UJM=,dYOhEBFZlacOqSumLf7c2Xk5uIc=
-54,27,mEBpZXA3KgjuW1onS+2n/Rd+UJM=,dYOhEBFZlacOqSumLf7c2Xk5uIc=
-51,27,mEBpZXA3KgjuW1onS+2n/Rd+UJM=,dYOhEBFZlacOqSumLf7c2Xk5uIc=
-56,26,mEBpZXA3KgjuW1onS+2n/Rd+UJM=,dYOhEBFZlacOqSumLf7c2Xk5uIc=
-55,27,mEBpZXA3KgjuW1onS+2n/Rd+UJM=,dYOhEBFZlacOqSumLf7c2Xk5uIc=
-56,27,mEBpZXA3KgjuW1onS+2n/Rd+UJM=,dYOhEBFZlacOqSumLf7c2Xk5uIc=
-55,26,mEBpZXA3KgjuW1onS+2n/Rd+UJM=,dYOhEBFZlacOqSumLf7c2Xk5uIc=
-57,26,mEBpZXA3KgjuW1onS+2n/Rd+UJM=,v9bi1/MVbkn93reB8Ux5Y4D+uFg=
-57,24,mEBpZXA3KgjuW1onS+2n/Rd+UJM=,v9bi1/MVbkn93reB8Ux5Y4D+uFg=
-49,26,mEBpZXA3KgjuW1onS+2n/Rd+UJM=,dYOhEBFZlacOqSumLf7c2Xk5uIc=
-54,26,mEBpZXA3KgjuW1onS+2n/Rd+UJM=,dYOhEBFZlacOqSumLf7c2Xk5uIc=
-50,26,mEBpZXA3KgjuW1onS+2n/Rd+UJM=,dYOhEBFZlacOqSumLf7c2Xk5uIc=
-53,26,mEBpZXA3KgjuW1onS+2n/Rd+UJM=,dYOhEBFZlacOqSumLf7c2Xk5uIc=
-52,26,mEBpZXA3KgjuW1onS+2n/Rd+UJM=,dYOhEBFZlacOqSumLf7c2Xk5uIc=
-51,26,mEBpZXA3KgjuW1onS+2n/Rd+UJM=,dYOhEBFZlacOqSumLf7c2Xk5uIc=
-36,27,Dax0MXQyhLWgHC3iKnjn+FpXa7M=,v4Y59m+U8c0+2jBUtp9vxMrMmU8=
-35,27,Dax0MXQyhLWgHC3iKnjn+FpXa7M=,v4Y59m+U8c0+2jBUtp9vxMrMmU8=
-34,27,Dax0MXQyhLWgHC3iKnjn+FpXa7M=,v4Y59m+U8c0+2jBUtp9vxMrMmU8=
-39,28,sZJikeGuupJzEJPLFZMV9hU2Hxc=,v4Y59m+U8c0+2jBUtp9vxMrMmU8=
-37,27,sZJikeGuupJzEJPLFZMV9hU2Hxc=,v4Y59m+U8c0+2jBUtp9vxMrMmU8=
-38,27,sZJikeGuupJzEJPLFZMV9hU2Hxc=,v4Y59m+U8c0+2jBUtp9vxMrMmU8=
-39,27,sZJikeGuupJzEJPLFZMV9hU2Hxc=,v4Y59m+U8c0+2jBUtp9vxMrMmU8=
-34,26,sZJikeGuupJzEJPLFZMV9hU2Hxc=,v4Y59m+U8c0+2jBUtp9vxMrMmU8=
-35,26,sZJikeGuupJzEJPLFZMV9hU2Hxc=,v4Y59m+U8c0+2jBUtp9vxMrMmU8=
-36,26,sZJikeGuupJzEJPLFZMV9hU2Hxc=,v4Y59m+U8c0+2jBUtp9vxMrMmU8=
-37,26,sZJikeGuupJzEJPLFZMV9hU2Hxc=,v4Y59m+U8c0+2jBUtp9vxMrMmU8=
-38,26,sZJikeGuupJzEJPLFZMV9hU2Hxc=,v4Y59m+U8c0+2jBUtp9vxMrMmU8=
-39,26,sZJikeGuupJzEJPLFZMV9hU2Hxc=,v4Y59m+U8c0+2jBUtp9vxMrMmU8=
-34,25,sZJikeGuupJzEJPLFZMV9hU2Hxc=,v4Y59m+U8c0+2jBUtp9vxMrMmU8=
-35,25,sZJikeGuupJzEJPLFZMV9hU2Hxc=,v4Y59m+U8c0+2jBUtp9vxMrMmU8=
-38,25,sZJikeGuupJzEJPLFZMV9hU2Hxc=,v4Y59m+U8c0+2jBUtp9vxMrMmU8=
-37,25,sZJikeGuupJzEJPLFZMV9hU2Hxc=,v4Y59m+U8c0+2jBUtp9vxMrMmU8=
-36,25,sZJikeGuupJzEJPLFZMV9hU2Hxc=,v4Y59m+U8c0+2jBUtp9vxMrMmU8=
-39,25,sZJikeGuupJzEJPLFZMV9hU2Hxc=,v4Y59m+U8c0+2jBUtp9vxMrMmU8=
-34,30,sZJikeGuupJzEJPLFZMV9hU2Hxc=,v4Y59m+U8c0+2jBUtp9vxMrMmU8=
-35,30,sZJikeGuupJzEJPLFZMV9hU2Hxc=,v4Y59m+U8c0+2jBUtp9vxMrMmU8=
-36,30,sZJikeGuupJzEJPLFZMV9hU2Hxc=,v4Y59m+U8c0+2jBUtp9vxMrMmU8=
-38,30,sZJikeGuupJzEJPLFZMV9hU2Hxc=,v4Y59m+U8c0+2jBUtp9vxMrMmU8=
-37,30,sZJikeGuupJzEJPLFZMV9hU2Hxc=,v4Y59m+U8c0+2jBUtp9vxMrMmU8=
-39,30,sZJikeGuupJzEJPLFZMV9hU2Hxc=,v4Y59m+U8c0+2jBUtp9vxMrMmU8=
-34,29,sZJikeGuupJzEJPLFZMV9hU2Hxc=,v4Y59m+U8c0+2jBUtp9vxMrMmU8=
-35,29,sZJikeGuupJzEJPLFZMV9hU2Hxc=,v4Y59m+U8c0+2jBUtp9vxMrMmU8=
-36,29,sZJikeGuupJzEJPLFZMV9hU2Hxc=,v4Y59m+U8c0+2jBUtp9vxMrMmU8=
-37,29,sZJikeGuupJzEJPLFZMV9hU2Hxc=,v4Y59m+U8c0+2jBUtp9vxMrMmU8=
-38,29,sZJikeGuupJzEJPLFZMV9hU2Hxc=,v4Y59m+U8c0+2jBUtp9vxMrMmU8=
-39,29,sZJikeGuupJzEJPLFZMV9hU2Hxc=,v4Y59m+U8c0+2jBUtp9vxMrMmU8=
-34,28,sZJikeGuupJzEJPLFZMV9hU2Hxc=,v4Y59m+U8c0+2jBUtp9vxMrMmU8=
-35,28,sZJikeGuupJzEJPLFZMV9hU2Hxc=,v4Y59m+U8c0+2jBUtp9vxMrMmU8=
-36,28,sZJikeGuupJzEJPLFZMV9hU2Hxc=,v4Y59m+U8c0+2jBUtp9vxMrMmU8=
-37,28,sZJikeGuupJzEJPLFZMV9hU2Hxc=,v4Y59m+U8c0+2jBUtp9vxMrMmU8=
-38,28,sZJikeGuupJzEJPLFZMV9hU2Hxc=,v4Y59m+U8c0+2jBUtp9vxMrMmU8=
-44,21,sZJikeGuupJzEJPLFZMV9hU2Hxc=,3nuQTJq8BJSkxV7v+x3U4gz2Qfc=
-43,21,sZJikeGuupJzEJPLFZMV9hU2Hxc=,3nuQTJq8BJSkxV7v+x3U4gz2Qfc=
-48,22,sZJikeGuupJzEJPLFZMV9hU2Hxc=,3nuQTJq8BJSkxV7v+x3U4gz2Qfc=
-48,20,sZJikeGuupJzEJPLFZMV9hU2Hxc=,3nuQTJq8BJSkxV7v+x3U4gz2Qfc=
-48,17,sZJikeGuupJzEJPLFZMV9hU2Hxc=,3nuQTJq8BJSkxV7v+x3U4gz2Qfc=
-48,18,sZJikeGuupJzEJPLFZMV9hU2Hxc=,3nuQTJq8BJSkxV7v+x3U4gz2Qfc=
-48,21,sZJikeGuupJzEJPLFZMV9hU2Hxc=,3nuQTJq8BJSkxV7v+x3U4gz2Qfc=
-42,21,sZJikeGuupJzEJPLFZMV9hU2Hxc=,3nuQTJq8BJSkxV7v+x3U4gz2Qfc=
-48,19,sZJikeGuupJzEJPLFZMV9hU2Hxc=,3nuQTJq8BJSkxV7v+x3U4gz2Qfc=
-47,22,sZJikeGuupJzEJPLFZMV9hU2Hxc=,3nuQTJq8BJSkxV7v+x3U4gz2Qfc=
-46,19,sZJikeGuupJzEJPLFZMV9hU2Hxc=,3nuQTJq8BJSkxV7v+x3U4gz2Qfc=
-46,22,sZJikeGuupJzEJPLFZMV9hU2Hxc=,3nuQTJq8BJSkxV7v+x3U4gz2Qfc=
-45,22,sZJikeGuupJzEJPLFZMV9hU2Hxc=,3nuQTJq8BJSkxV7v+x3U4gz2Qfc=
-44,22,sZJikeGuupJzEJPLFZMV9hU2Hxc=,3nuQTJq8BJSkxV7v+x3U4gz2Qfc=
-43,22,sZJikeGuupJzEJPLFZMV9hU2Hxc=,3nuQTJq8BJSkxV7v+x3U4gz2Qfc=
-42,22,sZJikeGuupJzEJPLFZMV9hU2Hxc=,3nuQTJq8BJSkxV7v+x3U4gz2Qfc=
-47,20,sZJikeGuupJzEJPLFZMV9hU2Hxc=,3nuQTJq8BJSkxV7v+x3U4gz2Qfc=
-45,19,sZJikeGuupJzEJPLFZMV9hU2Hxc=,3nuQTJq8BJSkxV7v+x3U4gz2Qfc=
-46,20,sZJikeGuupJzEJPLFZMV9hU2Hxc=,3nuQTJq8BJSkxV7v+x3U4gz2Qfc=
-46,17,sZJikeGuupJzEJPLFZMV9hU2Hxc=,3nuQTJq8BJSkxV7v+x3U4gz2Qfc=
-45,17,sZJikeGuupJzEJPLFZMV9hU2Hxc=,3nuQTJq8BJSkxV7v+x3U4gz2Qfc=
-44,17,sZJikeGuupJzEJPLFZMV9hU2Hxc=,3nuQTJq8BJSkxV7v+x3U4gz2Qfc=
-45,20,sZJikeGuupJzEJPLFZMV9hU2Hxc=,3nuQTJq8BJSkxV7v+x3U4gz2Qfc=
-44,19,sZJikeGuupJzEJPLFZMV9hU2Hxc=,3nuQTJq8BJSkxV7v+x3U4gz2Qfc=
-43,17,sZJikeGuupJzEJPLFZMV9hU2Hxc=,3nuQTJq8BJSkxV7v+x3U4gz2Qfc=
-43,19,sZJikeGuupJzEJPLFZMV9hU2Hxc=,3nuQTJq8BJSkxV7v+x3U4gz2Qfc=
-36,17,sZJikeGuupJzEJPLFZMV9hU2Hxc=,yKGEL7cHfG3QgXSyXG8m9esDeeI=
-35,17,sZJikeGuupJzEJPLFZMV9hU2Hxc=,yKGEL7cHfG3QgXSyXG8m9esDeeI=
-34,17,sZJikeGuupJzEJPLFZMV9hU2Hxc=,yKGEL7cHfG3QgXSyXG8m9esDeeI=
-41,21,sZJikeGuupJzEJPLFZMV9hU2Hxc=,3nuQTJq8BJSkxV7v+x3U4gz2Qfc=
-42,19,sZJikeGuupJzEJPLFZMV9hU2Hxc=,3nuQTJq8BJSkxV7v+x3U4gz2Qfc=
-33,17,sZJikeGuupJzEJPLFZMV9hU2Hxc=,yKGEL7cHfG3QgXSyXG8m9esDeeI=
-42,17,sZJikeGuupJzEJPLFZMV9hU2Hxc=,3nuQTJq8BJSkxV7v+x3U4gz2Qfc=
-40,18,sZJikeGuupJzEJPLFZMV9hU2Hxc=,yKGEL7cHfG3QgXSyXG8m9esDeeI=
-39,18,sZJikeGuupJzEJPLFZMV9hU2Hxc=,yKGEL7cHfG3QgXSyXG8m9esDeeI=
-38,18,sZJikeGuupJzEJPLFZMV9hU2Hxc=,yKGEL7cHfG3QgXSyXG8m9esDeeI=
-37,18,sZJikeGuupJzEJPLFZMV9hU2Hxc=,yKGEL7cHfG3QgXSyXG8m9esDeeI=
-36,18,sZJikeGuupJzEJPLFZMV9hU2Hxc=,yKGEL7cHfG3QgXSyXG8m9esDeeI=
-35,18,sZJikeGuupJzEJPLFZMV9hU2Hxc=,yKGEL7cHfG3QgXSyXG8m9esDeeI=
-34,18,sZJikeGuupJzEJPLFZMV9hU2Hxc=,yKGEL7cHfG3QgXSyXG8m9esDeeI=
-33,18,sZJikeGuupJzEJPLFZMV9hU2Hxc=,yKGEL7cHfG3QgXSyXG8m9esDeeI=
-40,19,sZJikeGuupJzEJPLFZMV9hU2Hxc=,yKGEL7cHfG3QgXSyXG8m9esDeeI=
-41,22,sZJikeGuupJzEJPLFZMV9hU2Hxc=,3nuQTJq8BJSkxV7v+x3U4gz2Qfc=
-44,20,sZJikeGuupJzEJPLFZMV9hU2Hxc=,3nuQTJq8BJSkxV7v+x3U4gz2Qfc=
-39,19,sZJikeGuupJzEJPLFZMV9hU2Hxc=,yKGEL7cHfG3QgXSyXG8m9esDeeI=
-38,19,sZJikeGuupJzEJPLFZMV9hU2Hxc=,yKGEL7cHfG3QgXSyXG8m9esDeeI=
-37,19,sZJikeGuupJzEJPLFZMV9hU2Hxc=,yKGEL7cHfG3QgXSyXG8m9esDeeI=
-36,19,sZJikeGuupJzEJPLFZMV9hU2Hxc=,yKGEL7cHfG3QgXSyXG8m9esDeeI=
-35,19,sZJikeGuupJzEJPLFZMV9hU2Hxc=,yKGEL7cHfG3QgXSyXG8m9esDeeI=
-34,19,sZJikeGuupJzEJPLFZMV9hU2Hxc=,yKGEL7cHfG3QgXSyXG8m9esDeeI=
-33,19,sZJikeGuupJzEJPLFZMV9hU2Hxc=,yKGEL7cHfG3QgXSyXG8m9esDeeI=
-43,20,sZJikeGuupJzEJPLFZMV9hU2Hxc=,3nuQTJq8BJSkxV7v+x3U4gz2Qfc=
-47,17,sZJikeGuupJzEJPLFZMV9hU2Hxc=,3nuQTJq8BJSkxV7v+x3U4gz2Qfc=
-46,18,sZJikeGuupJzEJPLFZMV9hU2Hxc=,3nuQTJq8BJSkxV7v+x3U4gz2Qfc=
-42,20,sZJikeGuupJzEJPLFZMV9hU2Hxc=,3nuQTJq8BJSkxV7v+x3U4gz2Qfc=
-40,20,sZJikeGuupJzEJPLFZMV9hU2Hxc=,yKGEL7cHfG3QgXSyXG8m9esDeeI=
-45,18,sZJikeGuupJzEJPLFZMV9hU2Hxc=,3nuQTJq8BJSkxV7v+x3U4gz2Qfc=
-47,18,sZJikeGuupJzEJPLFZMV9hU2Hxc=,3nuQTJq8BJSkxV7v+x3U4gz2Qfc=
-47,21,sZJikeGuupJzEJPLFZMV9hU2Hxc=,3nuQTJq8BJSkxV7v+x3U4gz2Qfc=
-46,21,sZJikeGuupJzEJPLFZMV9hU2Hxc=,3nuQTJq8BJSkxV7v+x3U4gz2Qfc=
-39,24,sZJikeGuupJzEJPLFZMV9hU2Hxc=,v4Y59m+U8c0+2jBUtp9vxMrMmU8=
-38,24,sZJikeGuupJzEJPLFZMV9hU2Hxc=,v4Y59m+U8c0+2jBUtp9vxMrMmU8=
-45,21,sZJikeGuupJzEJPLFZMV9hU2Hxc=,3nuQTJq8BJSkxV7v+x3U4gz2Qfc=
-44,18,sZJikeGuupJzEJPLFZMV9hU2Hxc=,3nuQTJq8BJSkxV7v+x3U4gz2Qfc=
-43,18,sZJikeGuupJzEJPLFZMV9hU2Hxc=,3nuQTJq8BJSkxV7v+x3U4gz2Qfc=
-37,24,sZJikeGuupJzEJPLFZMV9hU2Hxc=,v4Y59m+U8c0+2jBUtp9vxMrMmU8=
-42,18,sZJikeGuupJzEJPLFZMV9hU2Hxc=,3nuQTJq8BJSkxV7v+x3U4gz2Qfc=
-39,20,sZJikeGuupJzEJPLFZMV9hU2Hxc=,yKGEL7cHfG3QgXSyXG8m9esDeeI=
-47,19,sZJikeGuupJzEJPLFZMV9hU2Hxc=,3nuQTJq8BJSkxV7v+x3U4gz2Qfc=
-41,19,sZJikeGuupJzEJPLFZMV9hU2Hxc=,3nuQTJq8BJSkxV7v+x3U4gz2Qfc=
-36,24,sZJikeGuupJzEJPLFZMV9hU2Hxc=,v4Y59m+U8c0+2jBUtp9vxMrMmU8=
-35,24,sZJikeGuupJzEJPLFZMV9hU2Hxc=,v4Y59m+U8c0+2jBUtp9vxMrMmU8=
-34,24,sZJikeGuupJzEJPLFZMV9hU2Hxc=,v4Y59m+U8c0+2jBUtp9vxMrMmU8=
-41,17,sZJikeGuupJzEJPLFZMV9hU2Hxc=,3nuQTJq8BJSkxV7v+x3U4gz2Qfc=
-39,16,sZJikeGuupJzEJPLFZMV9hU2Hxc=,yKGEL7cHfG3QgXSyXG8m9esDeeI=
-38,16,sZJikeGuupJzEJPLFZMV9hU2Hxc=,yKGEL7cHfG3QgXSyXG8m9esDeeI=
-37,16,sZJikeGuupJzEJPLFZMV9hU2Hxc=,yKGEL7cHfG3QgXSyXG8m9esDeeI=
-36,16,sZJikeGuupJzEJPLFZMV9hU2Hxc=,yKGEL7cHfG3QgXSyXG8m9esDeeI=
-33,21,sZJikeGuupJzEJPLFZMV9hU2Hxc=,yKGEL7cHfG3QgXSyXG8m9esDeeI=
-33,27,sZJikeGuupJzEJPLFZMV9hU2Hxc=,v4Y59m+U8c0+2jBUtp9vxMrMmU8=
-33,28,sZJikeGuupJzEJPLFZMV9hU2Hxc=,v4Y59m+U8c0+2jBUtp9vxMrMmU8=
-38,20,sZJikeGuupJzEJPLFZMV9hU2Hxc=,yKGEL7cHfG3QgXSyXG8m9esDeeI=
-33,29,sZJikeGuupJzEJPLFZMV9hU2Hxc=,v4Y59m+U8c0+2jBUtp9vxMrMmU8=
-34,21,sZJikeGuupJzEJPLFZMV9hU2Hxc=,yKGEL7cHfG3QgXSyXG8m9esDeeI=
-33,30,sZJikeGuupJzEJPLFZMV9hU2Hxc=,v4Y59m+U8c0+2jBUtp9vxMrMmU8=
-33,24,sZJikeGuupJzEJPLFZMV9hU2Hxc=,v4Y59m+U8c0+2jBUtp9vxMrMmU8=
-33,25,sZJikeGuupJzEJPLFZMV9hU2Hxc=,v4Y59m+U8c0+2jBUtp9vxMrMmU8=
-33,26,sZJikeGuupJzEJPLFZMV9hU2Hxc=,v4Y59m+U8c0+2jBUtp9vxMrMmU8=
-33,23,sZJikeGuupJzEJPLFZMV9hU2Hxc=,yKGEL7cHfG3QgXSyXG8m9esDeeI=
-41,20,sZJikeGuupJzEJPLFZMV9hU2Hxc=,3nuQTJq8BJSkxV7v+x3U4gz2Qfc=
-35,16,sZJikeGuupJzEJPLFZMV9hU2Hxc=,yKGEL7cHfG3QgXSyXG8m9esDeeI=
-37,20,sZJikeGuupJzEJPLFZMV9hU2Hxc=,yKGEL7cHfG3QgXSyXG8m9esDeeI=
-34,16,sZJikeGuupJzEJPLFZMV9hU2Hxc=,yKGEL7cHfG3QgXSyXG8m9esDeeI=
-40,22,sZJikeGuupJzEJPLFZMV9hU2Hxc=,yKGEL7cHfG3QgXSyXG8m9esDeeI=
-36,20,sZJikeGuupJzEJPLFZMV9hU2Hxc=,yKGEL7cHfG3QgXSyXG8m9esDeeI=
-39,31,sZJikeGuupJzEJPLFZMV9hU2Hxc=,v4Y59m+U8c0+2jBUtp9vxMrMmU8=
-38,31,sZJikeGuupJzEJPLFZMV9hU2Hxc=,v4Y59m+U8c0+2jBUtp9vxMrMmU8=
-33,16,sZJikeGuupJzEJPLFZMV9hU2Hxc=,yKGEL7cHfG3QgXSyXG8m9esDeeI=
-37,31,sZJikeGuupJzEJPLFZMV9hU2Hxc=,v4Y59m+U8c0+2jBUtp9vxMrMmU8=
-36,31,sZJikeGuupJzEJPLFZMV9hU2Hxc=,v4Y59m+U8c0+2jBUtp9vxMrMmU8=
-35,31,sZJikeGuupJzEJPLFZMV9hU2Hxc=,v4Y59m+U8c0+2jBUtp9vxMrMmU8=
-34,31,sZJikeGuupJzEJPLFZMV9hU2Hxc=,v4Y59m+U8c0+2jBUtp9vxMrMmU8=
-39,22,sZJikeGuupJzEJPLFZMV9hU2Hxc=,yKGEL7cHfG3QgXSyXG8m9esDeeI=
-33,31,sZJikeGuupJzEJPLFZMV9hU2Hxc=,v4Y59m+U8c0+2jBUtp9vxMrMmU8=
-38,22,sZJikeGuupJzEJPLFZMV9hU2Hxc=,yKGEL7cHfG3QgXSyXG8m9esDeeI=
-35,21,sZJikeGuupJzEJPLFZMV9hU2Hxc=,yKGEL7cHfG3QgXSyXG8m9esDeeI=
-36,21,sZJikeGuupJzEJPLFZMV9hU2Hxc=,yKGEL7cHfG3QgXSyXG8m9esDeeI=
-37,17,sZJikeGuupJzEJPLFZMV9hU2Hxc=,yKGEL7cHfG3QgXSyXG8m9esDeeI=
-34,23,sZJikeGuupJzEJPLFZMV9hU2Hxc=,yKGEL7cHfG3QgXSyXG8m9esDeeI=
-37,22,sZJikeGuupJzEJPLFZMV9hU2Hxc=,yKGEL7cHfG3QgXSyXG8m9esDeeI=
-37,21,sZJikeGuupJzEJPLFZMV9hU2Hxc=,yKGEL7cHfG3QgXSyXG8m9esDeeI=
-40,16,sZJikeGuupJzEJPLFZMV9hU2Hxc=,yKGEL7cHfG3QgXSyXG8m9esDeeI=
-48,16,sZJikeGuupJzEJPLFZMV9hU2Hxc=,3nuQTJq8BJSkxV7v+x3U4gz2Qfc=
-47,16,sZJikeGuupJzEJPLFZMV9hU2Hxc=,3nuQTJq8BJSkxV7v+x3U4gz2Qfc=
-46,16,sZJikeGuupJzEJPLFZMV9hU2Hxc=,3nuQTJq8BJSkxV7v+x3U4gz2Qfc=
-45,16,sZJikeGuupJzEJPLFZMV9hU2Hxc=,3nuQTJq8BJSkxV7v+x3U4gz2Qfc=
-44,16,sZJikeGuupJzEJPLFZMV9hU2Hxc=,3nuQTJq8BJSkxV7v+x3U4gz2Qfc=
-38,21,sZJikeGuupJzEJPLFZMV9hU2Hxc=,yKGEL7cHfG3QgXSyXG8m9esDeeI=
-39,21,sZJikeGuupJzEJPLFZMV9hU2Hxc=,yKGEL7cHfG3QgXSyXG8m9esDeeI=
-35,23,sZJikeGuupJzEJPLFZMV9hU2Hxc=,yKGEL7cHfG3QgXSyXG8m9esDeeI=
-43,16,sZJikeGuupJzEJPLFZMV9hU2Hxc=,3nuQTJq8BJSkxV7v+x3U4gz2Qfc=
-41,16,sZJikeGuupJzEJPLFZMV9hU2Hxc=,3nuQTJq8BJSkxV7v+x3U4gz2Qfc=
-42,16,sZJikeGuupJzEJPLFZMV9hU2Hxc=,3nuQTJq8BJSkxV7v+x3U4gz2Qfc=
-40,21,sZJikeGuupJzEJPLFZMV9hU2Hxc=,yKGEL7cHfG3QgXSyXG8m9esDeeI=
-33,20,sZJikeGuupJzEJPLFZMV9hU2Hxc=,yKGEL7cHfG3QgXSyXG8m9esDeeI=
-36,22,sZJikeGuupJzEJPLFZMV9hU2Hxc=,yKGEL7cHfG3QgXSyXG8m9esDeeI=
-38,17,sZJikeGuupJzEJPLFZMV9hU2Hxc=,yKGEL7cHfG3QgXSyXG8m9esDeeI=
-34,20,sZJikeGuupJzEJPLFZMV9hU2Hxc=,yKGEL7cHfG3QgXSyXG8m9esDeeI=
-35,20,sZJikeGuupJzEJPLFZMV9hU2Hxc=,yKGEL7cHfG3QgXSyXG8m9esDeeI=
-39,17,sZJikeGuupJzEJPLFZMV9hU2Hxc=,yKGEL7cHfG3QgXSyXG8m9esDeeI=
-41,18,sZJikeGuupJzEJPLFZMV9hU2Hxc=,3nuQTJq8BJSkxV7v+x3U4gz2Qfc=
-35,22,sZJikeGuupJzEJPLFZMV9hU2Hxc=,yKGEL7cHfG3QgXSyXG8m9esDeeI=
-36,23,sZJikeGuupJzEJPLFZMV9hU2Hxc=,yKGEL7cHfG3QgXSyXG8m9esDeeI=
-34,22,sZJikeGuupJzEJPLFZMV9hU2Hxc=,yKGEL7cHfG3QgXSyXG8m9esDeeI=
-33,22,sZJikeGuupJzEJPLFZMV9hU2Hxc=,yKGEL7cHfG3QgXSyXG8m9esDeeI=
-40,17,sZJikeGuupJzEJPLFZMV9hU2Hxc=,yKGEL7cHfG3QgXSyXG8m9esDeeI=
-37,23,sZJikeGuupJzEJPLFZMV9hU2Hxc=,yKGEL7cHfG3QgXSyXG8m9esDeeI=
-38,23,sZJikeGuupJzEJPLFZMV9hU2Hxc=,yKGEL7cHfG3QgXSyXG8m9esDeeI=
-39,23,sZJikeGuupJzEJPLFZMV9hU2Hxc=,yKGEL7cHfG3QgXSyXG8m9esDeeI=
-44,29,sZJikeGuupJzEJPLFZMV9hU2Hxc=,1uQOioKDrtK40pq5uhRI4Hy5bs0=
-46,29,sZJikeGuupJzEJPLFZMV9hU2Hxc=,1uQOioKDrtK40pq5uhRI4Hy5bs0=
-45,29,sZJikeGuupJzEJPLFZMV9hU2Hxc=,1uQOioKDrtK40pq5uhRI4Hy5bs0=
-43,29,sZJikeGuupJzEJPLFZMV9hU2Hxc=,1uQOioKDrtK40pq5uhRI4Hy5bs0=
-47,29,sZJikeGuupJzEJPLFZMV9hU2Hxc=,1uQOioKDrtK40pq5uhRI4Hy5bs0=
-40,28,sZJikeGuupJzEJPLFZMV9hU2Hxc=,v4Y59m+U8c0+2jBUtp9vxMrMmU8=
-41,28,sZJikeGuupJzEJPLFZMV9hU2Hxc=,1uQOioKDrtK40pq5uhRI4Hy5bs0=
-42,29,sZJikeGuupJzEJPLFZMV9hU2Hxc=,1uQOioKDrtK40pq5uhRI4Hy5bs0=
-48,29,sZJikeGuupJzEJPLFZMV9hU2Hxc=,1uQOioKDrtK40pq5uhRI4Hy5bs0=
-42,28,sZJikeGuupJzEJPLFZMV9hU2Hxc=,1uQOioKDrtK40pq5uhRI4Hy5bs0=
-44,28,sZJikeGuupJzEJPLFZMV9hU2Hxc=,1uQOioKDrtK40pq5uhRI4Hy5bs0=
-45,28,sZJikeGuupJzEJPLFZMV9hU2Hxc=,1uQOioKDrtK40pq5uhRI4Hy5bs0=
-43,28,sZJikeGuupJzEJPLFZMV9hU2Hxc=,1uQOioKDrtK40pq5uhRI4Hy5bs0=
-40,29,sZJikeGuupJzEJPLFZMV9hU2Hxc=,v4Y59m+U8c0+2jBUtp9vxMrMmU8=
-48,23,sZJikeGuupJzEJPLFZMV9hU2Hxc=,3nuQTJq8BJSkxV7v+x3U4gz2Qfc=
-47,23,sZJikeGuupJzEJPLFZMV9hU2Hxc=,3nuQTJq8BJSkxV7v+x3U4gz2Qfc=
-46,23,sZJikeGuupJzEJPLFZMV9hU2Hxc=,3nuQTJq8BJSkxV7v+x3U4gz2Qfc=
-47,28,sZJikeGuupJzEJPLFZMV9hU2Hxc=,1uQOioKDrtK40pq5uhRI4Hy5bs0=
-46,28,sZJikeGuupJzEJPLFZMV9hU2Hxc=,1uQOioKDrtK40pq5uhRI4Hy5bs0=
-40,23,sZJikeGuupJzEJPLFZMV9hU2Hxc=,yKGEL7cHfG3QgXSyXG8m9esDeeI=
-42,27,sZJikeGuupJzEJPLFZMV9hU2Hxc=,1uQOioKDrtK40pq5uhRI4Hy5bs0=
-48,28,sZJikeGuupJzEJPLFZMV9hU2Hxc=,1uQOioKDrtK40pq5uhRI4Hy5bs0=
-41,27,sZJikeGuupJzEJPLFZMV9hU2Hxc=,1uQOioKDrtK40pq5uhRI4Hy5bs0=
-41,29,sZJikeGuupJzEJPLFZMV9hU2Hxc=,1uQOioKDrtK40pq5uhRI4Hy5bs0=
-40,27,sZJikeGuupJzEJPLFZMV9hU2Hxc=,v4Y59m+U8c0+2jBUtp9vxMrMmU8=
-45,27,sZJikeGuupJzEJPLFZMV9hU2Hxc=,1uQOioKDrtK40pq5uhRI4Hy5bs0=
-46,27,sZJikeGuupJzEJPLFZMV9hU2Hxc=,1uQOioKDrtK40pq5uhRI4Hy5bs0=
-47,27,sZJikeGuupJzEJPLFZMV9hU2Hxc=,1uQOioKDrtK40pq5uhRI4Hy5bs0=
-43,27,sZJikeGuupJzEJPLFZMV9hU2Hxc=,1uQOioKDrtK40pq5uhRI4Hy5bs0=
-44,27,sZJikeGuupJzEJPLFZMV9hU2Hxc=,1uQOioKDrtK40pq5uhRI4Hy5bs0=
-43,26,sZJikeGuupJzEJPLFZMV9hU2Hxc=,1uQOioKDrtK40pq5uhRI4Hy5bs0=
-41,26,sZJikeGuupJzEJPLFZMV9hU2Hxc=,1uQOioKDrtK40pq5uhRI4Hy5bs0=
-44,26,sZJikeGuupJzEJPLFZMV9hU2Hxc=,1uQOioKDrtK40pq5uhRI4Hy5bs0=
-42,26,sZJikeGuupJzEJPLFZMV9hU2Hxc=,1uQOioKDrtK40pq5uhRI4Hy5bs0=
-48,27,sZJikeGuupJzEJPLFZMV9hU2Hxc=,1uQOioKDrtK40pq5uhRI4Hy5bs0=
-45,23,sZJikeGuupJzEJPLFZMV9hU2Hxc=,3nuQTJq8BJSkxV7v+x3U4gz2Qfc=
-40,26,sZJikeGuupJzEJPLFZMV9hU2Hxc=,v4Y59m+U8c0+2jBUtp9vxMrMmU8=
-47,26,sZJikeGuupJzEJPLFZMV9hU2Hxc=,1uQOioKDrtK40pq5uhRI4Hy5bs0=
-48,26,sZJikeGuupJzEJPLFZMV9hU2Hxc=,1uQOioKDrtK40pq5uhRI4Hy5bs0=
-46,26,sZJikeGuupJzEJPLFZMV9hU2Hxc=,1uQOioKDrtK40pq5uhRI4Hy5bs0=
-40,30,sZJikeGuupJzEJPLFZMV9hU2Hxc=,v4Y59m+U8c0+2jBUtp9vxMrMmU8=
-45,26,sZJikeGuupJzEJPLFZMV9hU2Hxc=,1uQOioKDrtK40pq5uhRI4Hy5bs0=
-43,25,sZJikeGuupJzEJPLFZMV9hU2Hxc=,1uQOioKDrtK40pq5uhRI4Hy5bs0=
-44,25,sZJikeGuupJzEJPLFZMV9hU2Hxc=,1uQOioKDrtK40pq5uhRI4Hy5bs0=
-42,25,sZJikeGuupJzEJPLFZMV9hU2Hxc=,1uQOioKDrtK40pq5uhRI4Hy5bs0=
-48,30,sZJikeGuupJzEJPLFZMV9hU2Hxc=,1uQOioKDrtK40pq5uhRI4Hy5bs0=
-40,25,sZJikeGuupJzEJPLFZMV9hU2Hxc=,v4Y59m+U8c0+2jBUtp9vxMrMmU8=
-45,25,sZJikeGuupJzEJPLFZMV9hU2Hxc=,1uQOioKDrtK40pq5uhRI4Hy5bs0=
-47,30,sZJikeGuupJzEJPLFZMV9hU2Hxc=,1uQOioKDrtK40pq5uhRI4Hy5bs0=
-47,25,sZJikeGuupJzEJPLFZMV9hU2Hxc=,1uQOioKDrtK40pq5uhRI4Hy5bs0=
-48,25,sZJikeGuupJzEJPLFZMV9hU2Hxc=,1uQOioKDrtK40pq5uhRI4Hy5bs0=
-46,25,sZJikeGuupJzEJPLFZMV9hU2Hxc=,1uQOioKDrtK40pq5uhRI4Hy5bs0=
-41,25,sZJikeGuupJzEJPLFZMV9hU2Hxc=,1uQOioKDrtK40pq5uhRI4Hy5bs0=
-46,30,sZJikeGuupJzEJPLFZMV9hU2Hxc=,1uQOioKDrtK40pq5uhRI4Hy5bs0=
-42,24,sZJikeGuupJzEJPLFZMV9hU2Hxc=,1uQOioKDrtK40pq5uhRI4Hy5bs0=
-41,24,sZJikeGuupJzEJPLFZMV9hU2Hxc=,1uQOioKDrtK40pq5uhRI4Hy5bs0=
-41,31,sZJikeGuupJzEJPLFZMV9hU2Hxc=,1uQOioKDrtK40pq5uhRI4Hy5bs0=
-43,31,sZJikeGuupJzEJPLFZMV9hU2Hxc=,1uQOioKDrtK40pq5uhRI4Hy5bs0=
-40,24,sZJikeGuupJzEJPLFZMV9hU2Hxc=,v4Y59m+U8c0+2jBUtp9vxMrMmU8=
-42,31,sZJikeGuupJzEJPLFZMV9hU2Hxc=,1uQOioKDrtK40pq5uhRI4Hy5bs0=
-44,31,sZJikeGuupJzEJPLFZMV9hU2Hxc=,1uQOioKDrtK40pq5uhRI4Hy5bs0=
-43,24,sZJikeGuupJzEJPLFZMV9hU2Hxc=,1uQOioKDrtK40pq5uhRI4Hy5bs0=
-45,31,sZJikeGuupJzEJPLFZMV9hU2Hxc=,1uQOioKDrtK40pq5uhRI4Hy5bs0=
-40,31,sZJikeGuupJzEJPLFZMV9hU2Hxc=,v4Y59m+U8c0+2jBUtp9vxMrMmU8=
-44,24,sZJikeGuupJzEJPLFZMV9hU2Hxc=,1uQOioKDrtK40pq5uhRI4Hy5bs0=
-47,24,sZJikeGuupJzEJPLFZMV9hU2Hxc=,1uQOioKDrtK40pq5uhRI4Hy5bs0=
-46,31,sZJikeGuupJzEJPLFZMV9hU2Hxc=,1uQOioKDrtK40pq5uhRI4Hy5bs0=
-47,31,sZJikeGuupJzEJPLFZMV9hU2Hxc=,1uQOioKDrtK40pq5uhRI4Hy5bs0=
-45,30,sZJikeGuupJzEJPLFZMV9hU2Hxc=,1uQOioKDrtK40pq5uhRI4Hy5bs0=
-48,24,sZJikeGuupJzEJPLFZMV9hU2Hxc=,1uQOioKDrtK40pq5uhRI4Hy5bs0=
-46,24,sZJikeGuupJzEJPLFZMV9hU2Hxc=,1uQOioKDrtK40pq5uhRI4Hy5bs0=
-41,23,sZJikeGuupJzEJPLFZMV9hU2Hxc=,3nuQTJq8BJSkxV7v+x3U4gz2Qfc=
-48,31,sZJikeGuupJzEJPLFZMV9hU2Hxc=,1uQOioKDrtK40pq5uhRI4Hy5bs0=
-45,24,sZJikeGuupJzEJPLFZMV9hU2Hxc=,1uQOioKDrtK40pq5uhRI4Hy5bs0=
-43,23,sZJikeGuupJzEJPLFZMV9hU2Hxc=,3nuQTJq8BJSkxV7v+x3U4gz2Qfc=
-42,30,sZJikeGuupJzEJPLFZMV9hU2Hxc=,1uQOioKDrtK40pq5uhRI4Hy5bs0=
-44,23,sZJikeGuupJzEJPLFZMV9hU2Hxc=,3nuQTJq8BJSkxV7v+x3U4gz2Qfc=
-41,30,sZJikeGuupJzEJPLFZMV9hU2Hxc=,1uQOioKDrtK40pq5uhRI4Hy5bs0=
-44,30,sZJikeGuupJzEJPLFZMV9hU2Hxc=,1uQOioKDrtK40pq5uhRI4Hy5bs0=
-43,30,sZJikeGuupJzEJPLFZMV9hU2Hxc=,1uQOioKDrtK40pq5uhRI4Hy5bs0=
-42,23,sZJikeGuupJzEJPLFZMV9hU2Hxc=,3nuQTJq8BJSkxV7v+x3U4gz2Qfc=
-47,9,sZJikeGuupJzEJPLFZMV9hU2Hxc=,UBlkH4T1/c6uoofRZB5uhAgt0Co=
-46,9,sZJikeGuupJzEJPLFZMV9hU2Hxc=,UBlkH4T1/c6uoofRZB5uhAgt0Co=
-45,9,sZJikeGuupJzEJPLFZMV9hU2Hxc=,UBlkH4T1/c6uoofRZB5uhAgt0Co=
-44,9,sZJikeGuupJzEJPLFZMV9hU2Hxc=,UBlkH4T1/c6uoofRZB5uhAgt0Co=
-43,9,sZJikeGuupJzEJPLFZMV9hU2Hxc=,UBlkH4T1/c6uoofRZB5uhAgt0Co=
-42,9,sZJikeGuupJzEJPLFZMV9hU2Hxc=,UBlkH4T1/c6uoofRZB5uhAgt0Co=
-47,10,sZJikeGuupJzEJPLFZMV9hU2Hxc=,UBlkH4T1/c6uoofRZB5uhAgt0Co=
-46,10,sZJikeGuupJzEJPLFZMV9hU2Hxc=,UBlkH4T1/c6uoofRZB5uhAgt0Co=
-45,10,sZJikeGuupJzEJPLFZMV9hU2Hxc=,UBlkH4T1/c6uoofRZB5uhAgt0Co=
-44,10,sZJikeGuupJzEJPLFZMV9hU2Hxc=,UBlkH4T1/c6uoofRZB5uhAgt0Co=
-43,10,sZJikeGuupJzEJPLFZMV9hU2Hxc=,UBlkH4T1/c6uoofRZB5uhAgt0Co=
-42,10,sZJikeGuupJzEJPLFZMV9hU2Hxc=,UBlkH4T1/c6uoofRZB5uhAgt0Co=
-47,11,sZJikeGuupJzEJPLFZMV9hU2Hxc=,UBlkH4T1/c6uoofRZB5uhAgt0Co=
-42,14,99JrM/3fuVV5FhE2iVaYrHMSkM4=,UBlkH4T1/c6uoofRZB5uhAgt0Co=
-46,11,99JrM/3fuVV5FhE2iVaYrHMSkM4=,UBlkH4T1/c6uoofRZB5uhAgt0Co=
-43,14,99JrM/3fuVV5FhE2iVaYrHMSkM4=,UBlkH4T1/c6uoofRZB5uhAgt0Co=
-44,14,99JrM/3fuVV5FhE2iVaYrHMSkM4=,UBlkH4T1/c6uoofRZB5uhAgt0Co=
-36,13,99JrM/3fuVV5FhE2iVaYrHMSkM4=,hlPGyEUZyF3v7pB0iqFgVGQfzoE=
-35,13,99JrM/3fuVV5FhE2iVaYrHMSkM4=,hlPGyEUZyF3v7pB0iqFgVGQfzoE=
-34,13,99JrM/3fuVV5FhE2iVaYrHMSkM4=,hlPGyEUZyF3v7pB0iqFgVGQfzoE=
-40,14,99JrM/3fuVV5FhE2iVaYrHMSkM4=,hlPGyEUZyF3v7pB0iqFgVGQfzoE=
-39,14,99JrM/3fuVV5FhE2iVaYrHMSkM4=,hlPGyEUZyF3v7pB0iqFgVGQfzoE=
-46,14,99JrM/3fuVV5FhE2iVaYrHMSkM4=,UBlkH4T1/c6uoofRZB5uhAgt0Co=
-45,14,99JrM/3fuVV5FhE2iVaYrHMSkM4=,UBlkH4T1/c6uoofRZB5uhAgt0Co=
-47,14,99JrM/3fuVV5FhE2iVaYrHMSkM4=,UBlkH4T1/c6uoofRZB5uhAgt0Co=
-42,13,99JrM/3fuVV5FhE2iVaYrHMSkM4=,UBlkH4T1/c6uoofRZB5uhAgt0Co=
-37,13,99JrM/3fuVV5FhE2iVaYrHMSkM4=,hlPGyEUZyF3v7pB0iqFgVGQfzoE=
-44,13,99JrM/3fuVV5FhE2iVaYrHMSkM4=,UBlkH4T1/c6uoofRZB5uhAgt0Co=
-43,13,99JrM/3fuVV5FhE2iVaYrHMSkM4=,UBlkH4T1/c6uoofRZB5uhAgt0Co=
-45,13,99JrM/3fuVV5FhE2iVaYrHMSkM4=,UBlkH4T1/c6uoofRZB5uhAgt0Co=
-38,13,99JrM/3fuVV5FhE2iVaYrHMSkM4=,hlPGyEUZyF3v7pB0iqFgVGQfzoE=
-47,13,99JrM/3fuVV5FhE2iVaYrHMSkM4=,UBlkH4T1/c6uoofRZB5uhAgt0Co=
-42,12,99JrM/3fuVV5FhE2iVaYrHMSkM4=,UBlkH4T1/c6uoofRZB5uhAgt0Co=
-46,13,99JrM/3fuVV5FhE2iVaYrHMSkM4=,UBlkH4T1/c6uoofRZB5uhAgt0Co=
-43,12,99JrM/3fuVV5FhE2iVaYrHMSkM4=,UBlkH4T1/c6uoofRZB5uhAgt0Co=
-39,13,99JrM/3fuVV5FhE2iVaYrHMSkM4=,hlPGyEUZyF3v7pB0iqFgVGQfzoE=
-44,12,99JrM/3fuVV5FhE2iVaYrHMSkM4=,UBlkH4T1/c6uoofRZB5uhAgt0Co=
-46,12,99JrM/3fuVV5FhE2iVaYrHMSkM4=,UBlkH4T1/c6uoofRZB5uhAgt0Co=
-47,12,99JrM/3fuVV5FhE2iVaYrHMSkM4=,UBlkH4T1/c6uoofRZB5uhAgt0Co=
-42,11,99JrM/3fuVV5FhE2iVaYrHMSkM4=,UBlkH4T1/c6uoofRZB5uhAgt0Co=
-43,11,99JrM/3fuVV5FhE2iVaYrHMSkM4=,UBlkH4T1/c6uoofRZB5uhAgt0Co=
-44,11,99JrM/3fuVV5FhE2iVaYrHMSkM4=,UBlkH4T1/c6uoofRZB5uhAgt0Co=
-45,12,99JrM/3fuVV5FhE2iVaYrHMSkM4=,UBlkH4T1/c6uoofRZB5uhAgt0Co=
-40,13,99JrM/3fuVV5FhE2iVaYrHMSkM4=,hlPGyEUZyF3v7pB0iqFgVGQfzoE=
-45,11,99JrM/3fuVV5FhE2iVaYrHMSkM4=,UBlkH4T1/c6uoofRZB5uhAgt0Co=
-35,12,99JrM/3fuVV5FhE2iVaYrHMSkM4=,hlPGyEUZyF3v7pB0iqFgVGQfzoE=
-36,12,99JrM/3fuVV5FhE2iVaYrHMSkM4=,hlPGyEUZyF3v7pB0iqFgVGQfzoE=
-34,12,99JrM/3fuVV5FhE2iVaYrHMSkM4=,hlPGyEUZyF3v7pB0iqFgVGQfzoE=
-38,12,99JrM/3fuVV5FhE2iVaYrHMSkM4=,hlPGyEUZyF3v7pB0iqFgVGQfzoE=
-37,12,99JrM/3fuVV5FhE2iVaYrHMSkM4=,hlPGyEUZyF3v7pB0iqFgVGQfzoE=
-39,12,99JrM/3fuVV5FhE2iVaYrHMSkM4=,hlPGyEUZyF3v7pB0iqFgVGQfzoE=
-40,12,99JrM/3fuVV5FhE2iVaYrHMSkM4=,hlPGyEUZyF3v7pB0iqFgVGQfzoE=
-35,11,99JrM/3fuVV5FhE2iVaYrHMSkM4=,hlPGyEUZyF3v7pB0iqFgVGQfzoE=
-34,11,99JrM/3fuVV5FhE2iVaYrHMSkM4=,hlPGyEUZyF3v7pB0iqFgVGQfzoE=
-36,11,99JrM/3fuVV5FhE2iVaYrHMSkM4=,hlPGyEUZyF3v7pB0iqFgVGQfzoE=
-41,14,99JrM/3fuVV5FhE2iVaYrHMSkM4=,UBlkH4T1/c6uoofRZB5uhAgt0Co=
-37,11,99JrM/3fuVV5FhE2iVaYrHMSkM4=,hlPGyEUZyF3v7pB0iqFgVGQfzoE=
-38,11,99JrM/3fuVV5FhE2iVaYrHMSkM4=,hlPGyEUZyF3v7pB0iqFgVGQfzoE=
-40,11,99JrM/3fuVV5FhE2iVaYrHMSkM4=,hlPGyEUZyF3v7pB0iqFgVGQfzoE=
-34,10,99JrM/3fuVV5FhE2iVaYrHMSkM4=,hlPGyEUZyF3v7pB0iqFgVGQfzoE=
-35,10,99JrM/3fuVV5FhE2iVaYrHMSkM4=,hlPGyEUZyF3v7pB0iqFgVGQfzoE=
-39,11,99JrM/3fuVV5FhE2iVaYrHMSkM4=,hlPGyEUZyF3v7pB0iqFgVGQfzoE=
-36,10,99JrM/3fuVV5FhE2iVaYrHMSkM4=,hlPGyEUZyF3v7pB0iqFgVGQfzoE=
-41,13,99JrM/3fuVV5FhE2iVaYrHMSkM4=,UBlkH4T1/c6uoofRZB5uhAgt0Co=
-37,10,99JrM/3fuVV5FhE2iVaYrHMSkM4=,hlPGyEUZyF3v7pB0iqFgVGQfzoE=
-41,12,99JrM/3fuVV5FhE2iVaYrHMSkM4=,UBlkH4T1/c6uoofRZB5uhAgt0Co=
-38,10,99JrM/3fuVV5FhE2iVaYrHMSkM4=,hlPGyEUZyF3v7pB0iqFgVGQfzoE=
-40,10,99JrM/3fuVV5FhE2iVaYrHMSkM4=,hlPGyEUZyF3v7pB0iqFgVGQfzoE=
-34,9,99JrM/3fuVV5FhE2iVaYrHMSkM4=,hlPGyEUZyF3v7pB0iqFgVGQfzoE=
-35,9,99JrM/3fuVV5FhE2iVaYrHMSkM4=,hlPGyEUZyF3v7pB0iqFgVGQfzoE=
-36,9,99JrM/3fuVV5FhE2iVaYrHMSkM4=,hlPGyEUZyF3v7pB0iqFgVGQfzoE=
-37,9,99JrM/3fuVV5FhE2iVaYrHMSkM4=,hlPGyEUZyF3v7pB0iqFgVGQfzoE=
-39,10,99JrM/3fuVV5FhE2iVaYrHMSkM4=,hlPGyEUZyF3v7pB0iqFgVGQfzoE=
-41,10,99JrM/3fuVV5FhE2iVaYrHMSkM4=,UBlkH4T1/c6uoofRZB5uhAgt0Co=
-38,9,99JrM/3fuVV5FhE2iVaYrHMSkM4=,hlPGyEUZyF3v7pB0iqFgVGQfzoE=
-41,11,99JrM/3fuVV5FhE2iVaYrHMSkM4=,UBlkH4T1/c6uoofRZB5uhAgt0Co=
-39,9,99JrM/3fuVV5FhE2iVaYrHMSkM4=,hlPGyEUZyF3v7pB0iqFgVGQfzoE=
-41,9,99JrM/3fuVV5FhE2iVaYrHMSkM4=,UBlkH4T1/c6uoofRZB5uhAgt0Co=
-34,14,99JrM/3fuVV5FhE2iVaYrHMSkM4=,hlPGyEUZyF3v7pB0iqFgVGQfzoE=
-40,9,99JrM/3fuVV5FhE2iVaYrHMSkM4=,hlPGyEUZyF3v7pB0iqFgVGQfzoE=
-36,14,99JrM/3fuVV5FhE2iVaYrHMSkM4=,hlPGyEUZyF3v7pB0iqFgVGQfzoE=
-35,14,99JrM/3fuVV5FhE2iVaYrHMSkM4=,hlPGyEUZyF3v7pB0iqFgVGQfzoE=
-37,14,99JrM/3fuVV5FhE2iVaYrHMSkM4=,hlPGyEUZyF3v7pB0iqFgVGQfzoE=
-38,14,99JrM/3fuVV5FhE2iVaYrHMSkM4=,hlPGyEUZyF3v7pB0iqFgVGQfzoE=
-36,3,99JrM/3fuVV5FhE2iVaYrHMSkM4=,R+yQ/sOKCGQ9L1wyHPXpB20nOBk=
-35,3,99JrM/3fuVV5FhE2iVaYrHMSkM4=,R+yQ/sOKCGQ9L1wyHPXpB20nOBk=
-34,3,99JrM/3fuVV5FhE2iVaYrHMSkM4=,R+yQ/sOKCGQ9L1wyHPXpB20nOBk=
-39,8,99JrM/3fuVV5FhE2iVaYrHMSkM4=,hlPGyEUZyF3v7pB0iqFgVGQfzoE=
-38,8,99JrM/3fuVV5FhE2iVaYrHMSkM4=,hlPGyEUZyF3v7pB0iqFgVGQfzoE=
-37,8,99JrM/3fuVV5FhE2iVaYrHMSkM4=,hlPGyEUZyF3v7pB0iqFgVGQfzoE=
-36,8,99JrM/3fuVV5FhE2iVaYrHMSkM4=,hlPGyEUZyF3v7pB0iqFgVGQfzoE=
-35,8,99JrM/3fuVV5FhE2iVaYrHMSkM4=,hlPGyEUZyF3v7pB0iqFgVGQfzoE=
-34,8,99JrM/3fuVV5FhE2iVaYrHMSkM4=,hlPGyEUZyF3v7pB0iqFgVGQfzoE=
-39,4,99JrM/3fuVV5FhE2iVaYrHMSkM4=,R+yQ/sOKCGQ9L1wyHPXpB20nOBk=
-38,4,99JrM/3fuVV5FhE2iVaYrHMSkM4=,R+yQ/sOKCGQ9L1wyHPXpB20nOBk=
-37,4,99JrM/3fuVV5FhE2iVaYrHMSkM4=,R+yQ/sOKCGQ9L1wyHPXpB20nOBk=
-36,4,99JrM/3fuVV5FhE2iVaYrHMSkM4=,R+yQ/sOKCGQ9L1wyHPXpB20nOBk=
-35,4,99JrM/3fuVV5FhE2iVaYrHMSkM4=,R+yQ/sOKCGQ9L1wyHPXpB20nOBk=
-34,4,99JrM/3fuVV5FhE2iVaYrHMSkM4=,R+yQ/sOKCGQ9L1wyHPXpB20nOBk=
-39,5,99JrM/3fuVV5FhE2iVaYrHMSkM4=,R+yQ/sOKCGQ9L1wyHPXpB20nOBk=
-38,5,99JrM/3fuVV5FhE2iVaYrHMSkM4=,R+yQ/sOKCGQ9L1wyHPXpB20nOBk=
-39,1,99JrM/3fuVV5FhE2iVaYrHMSkM4=,R+yQ/sOKCGQ9L1wyHPXpB20nOBk=
-38,1,99JrM/3fuVV5FhE2iVaYrHMSkM4=,R+yQ/sOKCGQ9L1wyHPXpB20nOBk=
-37,1,99JrM/3fuVV5FhE2iVaYrHMSkM4=,R+yQ/sOKCGQ9L1wyHPXpB20nOBk=
-37,5,99JrM/3fuVV5FhE2iVaYrHMSkM4=,R+yQ/sOKCGQ9L1wyHPXpB20nOBk=
-36,1,99JrM/3fuVV5FhE2iVaYrHMSkM4=,R+yQ/sOKCGQ9L1wyHPXpB20nOBk=
-35,1,99JrM/3fuVV5FhE2iVaYrHMSkM4=,R+yQ/sOKCGQ9L1wyHPXpB20nOBk=
-34,1,99JrM/3fuVV5FhE2iVaYrHMSkM4=,R+yQ/sOKCGQ9L1wyHPXpB20nOBk=
-36,5,99JrM/3fuVV5FhE2iVaYrHMSkM4=,R+yQ/sOKCGQ9L1wyHPXpB20nOBk=
-39,2,99JrM/3fuVV5FhE2iVaYrHMSkM4=,R+yQ/sOKCGQ9L1wyHPXpB20nOBk=
-35,5,99JrM/3fuVV5FhE2iVaYrHMSkM4=,R+yQ/sOKCGQ9L1wyHPXpB20nOBk=
-34,5,99JrM/3fuVV5FhE2iVaYrHMSkM4=,R+yQ/sOKCGQ9L1wyHPXpB20nOBk=
-38,2,99JrM/3fuVV5FhE2iVaYrHMSkM4=,R+yQ/sOKCGQ9L1wyHPXpB20nOBk=
-37,2,99JrM/3fuVV5FhE2iVaYrHMSkM4=,R+yQ/sOKCGQ9L1wyHPXpB20nOBk=
-36,2,99JrM/3fuVV5FhE2iVaYrHMSkM4=,R+yQ/sOKCGQ9L1wyHPXpB20nOBk=
-35,2,99JrM/3fuVV5FhE2iVaYrHMSkM4=,R+yQ/sOKCGQ9L1wyHPXpB20nOBk=
-39,6,99JrM/3fuVV5FhE2iVaYrHMSkM4=,R+yQ/sOKCGQ9L1wyHPXpB20nOBk=
-38,6,99JrM/3fuVV5FhE2iVaYrHMSkM4=,R+yQ/sOKCGQ9L1wyHPXpB20nOBk=
-37,6,99JrM/3fuVV5FhE2iVaYrHMSkM4=,R+yQ/sOKCGQ9L1wyHPXpB20nOBk=
-36,6,99JrM/3fuVV5FhE2iVaYrHMSkM4=,R+yQ/sOKCGQ9L1wyHPXpB20nOBk=
-34,2,99JrM/3fuVV5FhE2iVaYrHMSkM4=,R+yQ/sOKCGQ9L1wyHPXpB20nOBk=
-35,6,99JrM/3fuVV5FhE2iVaYrHMSkM4=,R+yQ/sOKCGQ9L1wyHPXpB20nOBk=
-39,3,99JrM/3fuVV5FhE2iVaYrHMSkM4=,R+yQ/sOKCGQ9L1wyHPXpB20nOBk=
-34,6,99JrM/3fuVV5FhE2iVaYrHMSkM4=,R+yQ/sOKCGQ9L1wyHPXpB20nOBk=
-38,3,99JrM/3fuVV5FhE2iVaYrHMSkM4=,R+yQ/sOKCGQ9L1wyHPXpB20nOBk=
-39,7,99JrM/3fuVV5FhE2iVaYrHMSkM4=,R+yQ/sOKCGQ9L1wyHPXpB20nOBk=
-38,7,99JrM/3fuVV5FhE2iVaYrHMSkM4=,R+yQ/sOKCGQ9L1wyHPXpB20nOBk=
-37,7,99JrM/3fuVV5FhE2iVaYrHMSkM4=,R+yQ/sOKCGQ9L1wyHPXpB20nOBk=
-36,7,99JrM/3fuVV5FhE2iVaYrHMSkM4=,R+yQ/sOKCGQ9L1wyHPXpB20nOBk=
-35,7,99JrM/3fuVV5FhE2iVaYrHMSkM4=,R+yQ/sOKCGQ9L1wyHPXpB20nOBk=
-37,3,99JrM/3fuVV5FhE2iVaYrHMSkM4=,R+yQ/sOKCGQ9L1wyHPXpB20nOBk=
-34,7,99JrM/3fuVV5FhE2iVaYrHMSkM4=,R+yQ/sOKCGQ9L1wyHPXpB20nOBk=
-33,3,99JrM/3fuVV5FhE2iVaYrHMSkM4=,R+yQ/sOKCGQ9L1wyHPXpB20nOBk=
-33,4,99JrM/3fuVV5FhE2iVaYrHMSkM4=,R+yQ/sOKCGQ9L1wyHPXpB20nOBk=
-33,1,99JrM/3fuVV5FhE2iVaYrHMSkM4=,R+yQ/sOKCGQ9L1wyHPXpB20nOBk=
-33,5,99JrM/3fuVV5FhE2iVaYrHMSkM4=,R+yQ/sOKCGQ9L1wyHPXpB20nOBk=
-33,2,99JrM/3fuVV5FhE2iVaYrHMSkM4=,R+yQ/sOKCGQ9L1wyHPXpB20nOBk=
-33,6,99JrM/3fuVV5FhE2iVaYrHMSkM4=,R+yQ/sOKCGQ9L1wyHPXpB20nOBk=
-48,9,99JrM/3fuVV5FhE2iVaYrHMSkM4=,UBlkH4T1/c6uoofRZB5uhAgt0Co=
-48,10,99JrM/3fuVV5FhE2iVaYrHMSkM4=,UBlkH4T1/c6uoofRZB5uhAgt0Co=
-39,0,99JrM/3fuVV5FhE2iVaYrHMSkM4=,R+yQ/sOKCGQ9L1wyHPXpB20nOBk=
-48,11,99JrM/3fuVV5FhE2iVaYrHMSkM4=,UBlkH4T1/c6uoofRZB5uhAgt0Co=
-38,0,99JrM/3fuVV5FhE2iVaYrHMSkM4=,R+yQ/sOKCGQ9L1wyHPXpB20nOBk=
-37,0,99JrM/3fuVV5FhE2iVaYrHMSkM4=,R+yQ/sOKCGQ9L1wyHPXpB20nOBk=
-48,12,99JrM/3fuVV5FhE2iVaYrHMSkM4=,UBlkH4T1/c6uoofRZB5uhAgt0Co=
-48,13,99JrM/3fuVV5FhE2iVaYrHMSkM4=,UBlkH4T1/c6uoofRZB5uhAgt0Co=
-48,14,99JrM/3fuVV5FhE2iVaYrHMSkM4=,UBlkH4T1/c6uoofRZB5uhAgt0Co=
-35,0,99JrM/3fuVV5FhE2iVaYrHMSkM4=,R+yQ/sOKCGQ9L1wyHPXpB20nOBk=
-36,0,99JrM/3fuVV5FhE2iVaYrHMSkM4=,R+yQ/sOKCGQ9L1wyHPXpB20nOBk=
-34,0,99JrM/3fuVV5FhE2iVaYrHMSkM4=,R+yQ/sOKCGQ9L1wyHPXpB20nOBk=
-44,15,99JrM/3fuVV5FhE2iVaYrHMSkM4=,UBlkH4T1/c6uoofRZB5uhAgt0Co=
-43,15,99JrM/3fuVV5FhE2iVaYrHMSkM4=,UBlkH4T1/c6uoofRZB5uhAgt0Co=
-42,15,99JrM/3fuVV5FhE2iVaYrHMSkM4=,UBlkH4T1/c6uoofRZB5uhAgt0Co=
-47,15,99JrM/3fuVV5FhE2iVaYrHMSkM4=,UBlkH4T1/c6uoofRZB5uhAgt0Co=
-46,15,99JrM/3fuVV5FhE2iVaYrHMSkM4=,UBlkH4T1/c6uoofRZB5uhAgt0Co=
-45,15,99JrM/3fuVV5FhE2iVaYrHMSkM4=,UBlkH4T1/c6uoofRZB5uhAgt0Co=
-41,15,99JrM/3fuVV5FhE2iVaYrHMSkM4=,UBlkH4T1/c6uoofRZB5uhAgt0Co=
-44,7,99JrM/3fuVV5FhE2iVaYrHMSkM4=,LyQL+sH1dVSB7XFf5Q0v81WwxVE=
-43,7,99JrM/3fuVV5FhE2iVaYrHMSkM4=,LyQL+sH1dVSB7XFf5Q0v81WwxVE=
-42,7,99JrM/3fuVV5FhE2iVaYrHMSkM4=,LyQL+sH1dVSB7XFf5Q0v81WwxVE=
-41,7,99JrM/3fuVV5FhE2iVaYrHMSkM4=,LyQL+sH1dVSB7XFf5Q0v81WwxVE=
-40,15,99JrM/3fuVV5FhE2iVaYrHMSkM4=,hlPGyEUZyF3v7pB0iqFgVGQfzoE=
-39,15,99JrM/3fuVV5FhE2iVaYrHMSkM4=,hlPGyEUZyF3v7pB0iqFgVGQfzoE=
-38,15,99JrM/3fuVV5FhE2iVaYrHMSkM4=,hlPGyEUZyF3v7pB0iqFgVGQfzoE=
-37,15,99JrM/3fuVV5FhE2iVaYrHMSkM4=,hlPGyEUZyF3v7pB0iqFgVGQfzoE=
-36,15,99JrM/3fuVV5FhE2iVaYrHMSkM4=,hlPGyEUZyF3v7pB0iqFgVGQfzoE=
-35,15,99JrM/3fuVV5FhE2iVaYrHMSkM4=,hlPGyEUZyF3v7pB0iqFgVGQfzoE=
-42,6,99JrM/3fuVV5FhE2iVaYrHMSkM4=,LyQL+sH1dVSB7XFf5Q0v81WwxVE=
-34,15,99JrM/3fuVV5FhE2iVaYrHMSkM4=,hlPGyEUZyF3v7pB0iqFgVGQfzoE=
-48,5,99JrM/3fuVV5FhE2iVaYrHMSkM4=,LyQL+sH1dVSB7XFf5Q0v81WwxVE=
-45,7,99JrM/3fuVV5FhE2iVaYrHMSkM4=,LyQL+sH1dVSB7XFf5Q0v81WwxVE=
-45,2,99JrM/3fuVV5FhE2iVaYrHMSkM4=,LyQL+sH1dVSB7XFf5Q0v81WwxVE=
-43,6,99JrM/3fuVV5FhE2iVaYrHMSkM4=,LyQL+sH1dVSB7XFf5Q0v81WwxVE=
-48,0,99JrM/3fuVV5FhE2iVaYrHMSkM4=,LyQL+sH1dVSB7XFf5Q0v81WwxVE=
-48,8,99JrM/3fuVV5FhE2iVaYrHMSkM4=,UBlkH4T1/c6uoofRZB5uhAgt0Co=
-33,13,99JrM/3fuVV5FhE2iVaYrHMSkM4=,hlPGyEUZyF3v7pB0iqFgVGQfzoE=
-40,7,99JrM/3fuVV5FhE2iVaYrHMSkM4=,R+yQ/sOKCGQ9L1wyHPXpB20nOBk=
-33,14,99JrM/3fuVV5FhE2iVaYrHMSkM4=,hlPGyEUZyF3v7pB0iqFgVGQfzoE=
-33,8,99JrM/3fuVV5FhE2iVaYrHMSkM4=,hlPGyEUZyF3v7pB0iqFgVGQfzoE=
-33,9,99JrM/3fuVV5FhE2iVaYrHMSkM4=,hlPGyEUZyF3v7pB0iqFgVGQfzoE=
-47,8,99JrM/3fuVV5FhE2iVaYrHMSkM4=,UBlkH4T1/c6uoofRZB5uhAgt0Co=
-46,7,99JrM/3fuVV5FhE2iVaYrHMSkM4=,LyQL+sH1dVSB7XFf5Q0v81WwxVE=
-33,10,99JrM/3fuVV5FhE2iVaYrHMSkM4=,hlPGyEUZyF3v7pB0iqFgVGQfzoE=
-41,5,99JrM/3fuVV5FhE2iVaYrHMSkM4=,LyQL+sH1dVSB7XFf5Q0v81WwxVE=
-44,1,99JrM/3fuVV5FhE2iVaYrHMSkM4=,LyQL+sH1dVSB7XFf5Q0v81WwxVE=
-44,6,99JrM/3fuVV5FhE2iVaYrHMSkM4=,LyQL+sH1dVSB7XFf5Q0v81WwxVE=
-40,8,99JrM/3fuVV5FhE2iVaYrHMSkM4=,hlPGyEUZyF3v7pB0iqFgVGQfzoE=
-47,7,99JrM/3fuVV5FhE2iVaYrHMSkM4=,LyQL+sH1dVSB7XFf5Q0v81WwxVE=
-46,8,99JrM/3fuVV5FhE2iVaYrHMSkM4=,UBlkH4T1/c6uoofRZB5uhAgt0Co=
-45,8,99JrM/3fuVV5FhE2iVaYrHMSkM4=,UBlkH4T1/c6uoofRZB5uhAgt0Co=
-44,8,99JrM/3fuVV5FhE2iVaYrHMSkM4=,UBlkH4T1/c6uoofRZB5uhAgt0Co=
-43,8,99JrM/3fuVV5FhE2iVaYrHMSkM4=,UBlkH4T1/c6uoofRZB5uhAgt0Co=
-42,8,99JrM/3fuVV5FhE2iVaYrHMSkM4=,UBlkH4T1/c6uoofRZB5uhAgt0Co=
-40,3,99JrM/3fuVV5FhE2iVaYrHMSkM4=,R+yQ/sOKCGQ9L1wyHPXpB20nOBk=
-41,8,99JrM/3fuVV5FhE2iVaYrHMSkM4=,UBlkH4T1/c6uoofRZB5uhAgt0Co=
-47,5,99JrM/3fuVV5FhE2iVaYrHMSkM4=,LyQL+sH1dVSB7XFf5Q0v81WwxVE=
-41,6,99JrM/3fuVV5FhE2iVaYrHMSkM4=,LyQL+sH1dVSB7XFf5Q0v81WwxVE=
-43,1,99JrM/3fuVV5FhE2iVaYrHMSkM4=,LyQL+sH1dVSB7XFf5Q0v81WwxVE=
-45,6,99JrM/3fuVV5FhE2iVaYrHMSkM4=,LyQL+sH1dVSB7XFf5Q0v81WwxVE=
-47,1,99JrM/3fuVV5FhE2iVaYrHMSkM4=,LyQL+sH1dVSB7XFf5Q0v81WwxVE=
-46,2,99JrM/3fuVV5FhE2iVaYrHMSkM4=,LyQL+sH1dVSB7XFf5Q0v81WwxVE=
-40,6,99JrM/3fuVV5FhE2iVaYrHMSkM4=,R+yQ/sOKCGQ9L1wyHPXpB20nOBk=
-46,5,99JrM/3fuVV5FhE2iVaYrHMSkM4=,LyQL+sH1dVSB7XFf5Q0v81WwxVE=
-48,1,99JrM/3fuVV5FhE2iVaYrHMSkM4=,LyQL+sH1dVSB7XFf5Q0v81WwxVE=
-41,4,99JrM/3fuVV5FhE2iVaYrHMSkM4=,LyQL+sH1dVSB7XFf5Q0v81WwxVE=
-45,5,99JrM/3fuVV5FhE2iVaYrHMSkM4=,LyQL+sH1dVSB7XFf5Q0v81WwxVE=
-42,5,99JrM/3fuVV5FhE2iVaYrHMSkM4=,LyQL+sH1dVSB7XFf5Q0v81WwxVE=
-42,1,99JrM/3fuVV5FhE2iVaYrHMSkM4=,LyQL+sH1dVSB7XFf5Q0v81WwxVE=
-42,4,99JrM/3fuVV5FhE2iVaYrHMSkM4=,LyQL+sH1dVSB7XFf5Q0v81WwxVE=
-48,7,99JrM/3fuVV5FhE2iVaYrHMSkM4=,LyQL+sH1dVSB7XFf5Q0v81WwxVE=
-33,15,99JrM/3fuVV5FhE2iVaYrHMSkM4=,hlPGyEUZyF3v7pB0iqFgVGQfzoE=
-48,15,99JrM/3fuVV5FhE2iVaYrHMSkM4=,UBlkH4T1/c6uoofRZB5uhAgt0Co=
-48,6,99JrM/3fuVV5FhE2iVaYrHMSkM4=,LyQL+sH1dVSB7XFf5Q0v81WwxVE=
-40,4,99JrM/3fuVV5FhE2iVaYrHMSkM4=,R+yQ/sOKCGQ9L1wyHPXpB20nOBk=
-33,0,99JrM/3fuVV5FhE2iVaYrHMSkM4=,R+yQ/sOKCGQ9L1wyHPXpB20nOBk=
-40,2,99JrM/3fuVV5FhE2iVaYrHMSkM4=,R+yQ/sOKCGQ9L1wyHPXpB20nOBk=
-40,0,99JrM/3fuVV5FhE2iVaYrHMSkM4=,R+yQ/sOKCGQ9L1wyHPXpB20nOBk=
-46,1,99JrM/3fuVV5FhE2iVaYrHMSkM4=,LyQL+sH1dVSB7XFf5Q0v81WwxVE=
-41,0,99JrM/3fuVV5FhE2iVaYrHMSkM4=,LyQL+sH1dVSB7XFf5Q0v81WwxVE=
-44,5,99JrM/3fuVV5FhE2iVaYrHMSkM4=,LyQL+sH1dVSB7XFf5Q0v81WwxVE=
-43,5,99JrM/3fuVV5FhE2iVaYrHMSkM4=,LyQL+sH1dVSB7XFf5Q0v81WwxVE=
-33,7,99JrM/3fuVV5FhE2iVaYrHMSkM4=,R+yQ/sOKCGQ9L1wyHPXpB20nOBk=
-44,3,99JrM/3fuVV5FhE2iVaYrHMSkM4=,LyQL+sH1dVSB7XFf5Q0v81WwxVE=
-43,4,99JrM/3fuVV5FhE2iVaYrHMSkM4=,LyQL+sH1dVSB7XFf5Q0v81WwxVE=
-43,3,99JrM/3fuVV5FhE2iVaYrHMSkM4=,LyQL+sH1dVSB7XFf5Q0v81WwxVE=
-44,4,99JrM/3fuVV5FhE2iVaYrHMSkM4=,LyQL+sH1dVSB7XFf5Q0v81WwxVE=
-47,2,99JrM/3fuVV5FhE2iVaYrHMSkM4=,LyQL+sH1dVSB7XFf5Q0v81WwxVE=
-42,3,99JrM/3fuVV5FhE2iVaYrHMSkM4=,LyQL+sH1dVSB7XFf5Q0v81WwxVE=
-33,11,99JrM/3fuVV5FhE2iVaYrHMSkM4=,hlPGyEUZyF3v7pB0iqFgVGQfzoE=
-42,0,99JrM/3fuVV5FhE2iVaYrHMSkM4=,LyQL+sH1dVSB7XFf5Q0v81WwxVE=
-41,3,99JrM/3fuVV5FhE2iVaYrHMSkM4=,LyQL+sH1dVSB7XFf5Q0v81WwxVE=
-33,12,99JrM/3fuVV5FhE2iVaYrHMSkM4=,hlPGyEUZyF3v7pB0iqFgVGQfzoE=
-41,1,99JrM/3fuVV5FhE2iVaYrHMSkM4=,LyQL+sH1dVSB7XFf5Q0v81WwxVE=
-44,2,99JrM/3fuVV5FhE2iVaYrHMSkM4=,LyQL+sH1dVSB7XFf5Q0v81WwxVE=
-43,0,99JrM/3fuVV5FhE2iVaYrHMSkM4=,LyQL+sH1dVSB7XFf5Q0v81WwxVE=
-43,2,99JrM/3fuVV5FhE2iVaYrHMSkM4=,LyQL+sH1dVSB7XFf5Q0v81WwxVE=
-44,0,99JrM/3fuVV5FhE2iVaYrHMSkM4=,LyQL+sH1dVSB7XFf5Q0v81WwxVE=
-45,0,99JrM/3fuVV5FhE2iVaYrHMSkM4=,LyQL+sH1dVSB7XFf5Q0v81WwxVE=
-48,4,99JrM/3fuVV5FhE2iVaYrHMSkM4=,LyQL+sH1dVSB7XFf5Q0v81WwxVE=
-46,0,99JrM/3fuVV5FhE2iVaYrHMSkM4=,LyQL+sH1dVSB7XFf5Q0v81WwxVE=
-47,4,99JrM/3fuVV5FhE2iVaYrHMSkM4=,LyQL+sH1dVSB7XFf5Q0v81WwxVE=
-42,2,99JrM/3fuVV5FhE2iVaYrHMSkM4=,LyQL+sH1dVSB7XFf5Q0v81WwxVE=
-46,6,99JrM/3fuVV5FhE2iVaYrHMSkM4=,LyQL+sH1dVSB7XFf5Q0v81WwxVE=
-41,2,99JrM/3fuVV5FhE2iVaYrHMSkM4=,LyQL+sH1dVSB7XFf5Q0v81WwxVE=
-46,4,99JrM/3fuVV5FhE2iVaYrHMSkM4=,LyQL+sH1dVSB7XFf5Q0v81WwxVE=
-45,4,99JrM/3fuVV5FhE2iVaYrHMSkM4=,LyQL+sH1dVSB7XFf5Q0v81WwxVE=
-47,0,99JrM/3fuVV5FhE2iVaYrHMSkM4=,LyQL+sH1dVSB7XFf5Q0v81WwxVE=
-40,5,99JrM/3fuVV5FhE2iVaYrHMSkM4=,R+yQ/sOKCGQ9L1wyHPXpB20nOBk=
-47,6,99JrM/3fuVV5FhE2iVaYrHMSkM4=,LyQL+sH1dVSB7XFf5Q0v81WwxVE=
-48,2,99JrM/3fuVV5FhE2iVaYrHMSkM4=,LyQL+sH1dVSB7XFf5Q0v81WwxVE=
-40,1,99JrM/3fuVV5FhE2iVaYrHMSkM4=,R+yQ/sOKCGQ9L1wyHPXpB20nOBk=
-48,3,99JrM/3fuVV5FhE2iVaYrHMSkM4=,LyQL+sH1dVSB7XFf5Q0v81WwxVE=
-45,1,99JrM/3fuVV5FhE2iVaYrHMSkM4=,LyQL+sH1dVSB7XFf5Q0v81WwxVE=
-47,3,99JrM/3fuVV5FhE2iVaYrHMSkM4=,LyQL+sH1dVSB7XFf5Q0v81WwxVE=
-46,3,99JrM/3fuVV5FhE2iVaYrHMSkM4=,LyQL+sH1dVSB7XFf5Q0v81WwxVE=
-45,3,99JrM/3fuVV5FhE2iVaYrHMSkM4=,LyQL+sH1dVSB7XFf5Q0v81WwxVE=
