20,-43,mrtvl3eTRNHbzqMZl4iqRFZR/mc=,vqgyXH8HpgtIYk/tULfRdhLVUgs=
19,-43,mrtvl3eTRNHbzqMZl4iqRFZR/mc=,vqgyXH8HpgtIYk/tULfRdhLVUgs=
18,-43,mrtvl3eTRNHbzqMZl4iqRFZR/mc=,vqgyXH8HpgtIYk/tULfRdhLVUgs=
17,-43,mrtvl3eTRNHbzqMZl4iqRFZR/mc=,vqgyXH8HpgtIYk/tULfRdhLVUgs=
16,-43,mrtvl3eTRNHbzqMZl4iqRFZR/mc=,vqgyXH8HpgtIYk/tULfRdhLVUgs=
22,-44,mrtvl3eTRNHbzqMZl4iqRFZR/mc=,vqgyXH8HpgtIYk/tULfRdhLVUgs=
21,-44,CuvjmCpfxs+62hkEtPpF66CThTY=,vqgyXH8HpgtIYk/tULfRdhLVUgs=
20,-44,CuvjmCpfxs+62hkEtPpF66CThTY=,vqgyXH8HpgtIYk/tULfRdhLVUgs=
18,-44,CuvjmCpfxs+62hkEtPpF66CThTY=,vqgyXH8HpgtIYk/tULfRdhLVUgs=
19,-44,CuvjmCpfxs+62hkEtPpF66CThTY=,vqgyXH8HpgtIYk/tULfRdhLVUgs=
17,-44,CuvjmCpfxs+62hkEtPpF66CThTY=,vqgyXH8HpgtIYk/tULfRdhLVUgs=
16,-44,CuvjmCpfxs+62hkEtPpF66CThTY=,vqgyXH8HpgtIYk/tULfRdhLVUgs=
22,-45,CuvjmCpfxs+62hkEtPpF66CThTY=,vqgyXH8HpgtIYk/tULfRdhLVUgs=
21,-45,CuvjmCpfxs+62hkEtPpF66CThTY=,vqgyXH8HpgtIYk/tULfRdhLVUgs=
20,-45,CuvjmCpfxs+62hkEtPpF66CThTY=,vqgyXH8HpgtIYk/tULfRdhLVUgs=
19,-45,CuvjmCpfxs+62hkEtPpF66CThTY=,vqgyXH8HpgtIYk/tULfRdhLVUgs=
17,-45,CuvjmCpfxs+62hkEtPpF66CThTY=,vqgyXH8HpgtIYk/tULfRdhLVUgs=
18,-45,CuvjmCpfxs+62hkEtPpF66CThTY=,vqgyXH8HpgtIYk/tULfRdhLVUgs=
16,-45,CuvjmCpfxs+62hkEtPpF66CThTY=,vqgyXH8HpgtIYk/tULfRdhLVUgs=
22,-46,CuvjmCpfxs+62hkEtPpF66CThTY=,vqgyXH8HpgtIYk/tULfRdhLVUgs=
21,-46,CuvjmCpfxs+62hkEtPpF66CThTY=,vqgyXH8HpgtIYk/tULfRdhLVUgs=
20,-46,CuvjmCpfxs+62hkEtPpF66CThTY=,vqgyXH8HpgtIYk/tULfRdhLVUgs=
19,-46,CuvjmCpfxs+62hkEtPpF66CThTY=,vqgyXH8HpgtIYk/tULfRdhLVUgs=
18,-46,CuvjmCpfxs+62hkEtPpF66CThTY=,vqgyXH8HpgtIYk/tULfRdhLVUgs=
17,-46,CuvjmCpfxs+62hkEtPpF66CThTY=,vqgyXH8HpgtIYk/tULfRdhLVUgs=
16,-46,CuvjmCpfxs+62hkEtPpF66CThTY=,vqgyXH8HpgtIYk/tULfRdhLVUgs=
21,-47,CuvjmCpfxs+62hkEtPpF66CThTY=,vqgyXH8HpgtIYk/tULfRdhLVUgs=
22,-41,CuvjmCpfxs+62hkEtPpF66CThTY=,vqgyXH8HpgtIYk/tULfRdhLVUgs=
20,-47,CuvjmCpfxs+62hkEtPpF66CThTY=,vqgyXH8HpgtIYk/tULfRdhLVUgs=
21,-41,CuvjmCpfxs+62hkEtPpF66CThTY=,vqgyXH8HpgtIYk/tULfRdhLVUgs=
20,-41,CuvjmCpfxs+62hkEtPpF66CThTY=,vqgyXH8HpgtIYk/tULfRdhLVUgs=
19,-41,CuvjmCpfxs+62hkEtPpF66CThTY=,vqgyXH8HpgtIYk/tULfRdhLVUgs=
19,-47,CuvjmCpfxs+62hkEtPpF66CThTY=,vqgyXH8HpgtIYk/tULfRdhLVUgs=
18,-41,CuvjmCpfxs+62hkEtPpF66CThTY=,vqgyXH8HpgtIYk/tULfRdhLVUgs=
22,-47,CuvjmCpfxs+62hkEtPpF66CThTY=,vqgyXH8HpgtIYk/tULfRdhLVUgs=
17,-41,CuvjmCpfxs+62hkEtPpF66CThTY=,vqgyXH8HpgtIYk/tULfRdhLVUgs=
16,-41,CuvjmCpfxs+62hkEtPpF66CThTY=,vqgyXH8HpgtIYk/tULfRdhLVUgs=
18,-47,CuvjmCpfxs+62hkEtPpF66CThTY=,vqgyXH8HpgtIYk/tULfRdhLVUgs=
17,-47,CuvjmCpfxs+62hkEtPpF66CThTY=,vqgyXH8HpgtIYk/tULfRdhLVUgs=
28,-33,CuvjmCpfxs+62hkEtPpF66CThTY=,GGyNTBb2IlXe2MpiDW2M2vTRSsw=
29,-33,CuvjmCpfxs+62hkEtPpF66CThTY=,GGyNTBb2IlXe2MpiDW2M2vTRSsw=
30,-33,CuvjmCpfxs+62hkEtPpF66CThTY=,GGyNTBb2IlXe2MpiDW2M2vTRSsw=
31,-33,CuvjmCpfxs+62hkEtPpF66CThTY=,GGyNTBb2IlXe2MpiDW2M2vTRSsw=
28,-38,CuvjmCpfxs+62hkEtPpF66CThTY=,GGyNTBb2IlXe2MpiDW2M2vTRSsw=
29,-38,CuvjmCpfxs+62hkEtPpF66CThTY=,GGyNTBb2IlXe2MpiDW2M2vTRSsw=
30,-38,CuvjmCpfxs+62hkEtPpF66CThTY=,GGyNTBb2IlXe2MpiDW2M2vTRSsw=
28,-39,CuvjmCpfxs+62hkEtPpF66CThTY=,GGyNTBb2IlXe2MpiDW2M2vTRSsw=
31,-38,CuvjmCpfxs+62hkEtPpF66CThTY=,GGyNTBb2IlXe2MpiDW2M2vTRSsw=
24,-37,CuvjmCpfxs+62hkEtPpF66CThTY=,GGyNTBb2IlXe2MpiDW2M2vTRSsw=
30,-34,CuvjmCpfxs+62hkEtPpF66CThTY=,GGyNTBb2IlXe2MpiDW2M2vTRSsw=
26,-35,CuvjmCpfxs+62hkEtPpF66CThTY=,GGyNTBb2IlXe2MpiDW2M2vTRSsw=
28,-36,CuvjmCpfxs+62hkEtPpF66CThTY=,GGyNTBb2IlXe2MpiDW2M2vTRSsw=
29,-39,CuvjmCpfxs+62hkEtPpF66CThTY=,GGyNTBb2IlXe2MpiDW2M2vTRSsw=
27,-35,CuvjmCpfxs+62hkEtPpF66CThTY=,GGyNTBb2IlXe2MpiDW2M2vTRSsw=
29,-36,CuvjmCpfxs+62hkEtPpF66CThTY=,GGyNTBb2IlXe2MpiDW2M2vTRSsw=
30,-39,CuvjmCpfxs+62hkEtPpF66CThTY=,GGyNTBb2IlXe2MpiDW2M2vTRSsw=
22,-42,CuvjmCpfxs+62hkEtPpF66CThTY=,vqgyXH8HpgtIYk/tULfRdhLVUgs=
21,-42,CuvjmCpfxs+62hkEtPpF66CThTY=,vqgyXH8HpgtIYk/tULfRdhLVUgs=
27,-38,CuvjmCpfxs+62hkEtPpF66CThTY=,GGyNTBb2IlXe2MpiDW2M2vTRSsw=
30,-36,CuvjmCpfxs+62hkEtPpF66CThTY=,GGyNTBb2IlXe2MpiDW2M2vTRSsw=
31,-34,CuvjmCpfxs+62hkEtPpF66CThTY=,GGyNTBb2IlXe2MpiDW2M2vTRSsw=
28,-35,CuvjmCpfxs+62hkEtPpF66CThTY=,GGyNTBb2IlXe2MpiDW2M2vTRSsw=
24,-39,CuvjmCpfxs+62hkEtPpF66CThTY=,GGyNTBb2IlXe2MpiDW2M2vTRSsw=
16,-47,CuvjmCpfxs+62hkEtPpF66CThTY=,vqgyXH8HpgtIYk/tULfRdhLVUgs=
31,-36,CuvjmCpfxs+62hkEtPpF66CThTY=,GGyNTBb2IlXe2MpiDW2M2vTRSsw=
25,-39,CuvjmCpfxs+62hkEtPpF66CThTY=,GGyNTBb2IlXe2MpiDW2M2vTRSsw=
26,-39,CuvjmCpfxs+62hkEtPpF66CThTY=,GGyNTBb2IlXe2MpiDW2M2vTRSsw=
28,-37,CuvjmCpfxs+62hkEtPpF66CThTY=,GGyNTBb2IlXe2MpiDW2M2vTRSsw=
29,-37,CuvjmCpfxs+62hkEtPpF66CThTY=,GGyNTBb2IlXe2MpiDW2M2vTRSsw=
30,-37,CuvjmCpfxs+62hkEtPpF66CThTY=,GGyNTBb2IlXe2MpiDW2M2vTRSsw=
31,-39,CuvjmCpfxs+62hkEtPpF66CThTY=,GGyNTBb2IlXe2MpiDW2M2vTRSsw=
31,-37,CuvjmCpfxs+62hkEtPpF66CThTY=,GGyNTBb2IlXe2MpiDW2M2vTRSsw=
24,-36,CuvjmCpfxs+62hkEtPpF66CThTY=,GGyNTBb2IlXe2MpiDW2M2vTRSsw=
24,-33,CuvjmCpfxs+62hkEtPpF66CThTY=,GGyNTBb2IlXe2MpiDW2M2vTRSsw=
29,-35,CuvjmCpfxs+62hkEtPpF66CThTY=,GGyNTBb2IlXe2MpiDW2M2vTRSsw=
25,-37,CuvjmCpfxs+62hkEtPpF66CThTY=,GGyNTBb2IlXe2MpiDW2M2vTRSsw=
24,-35,CuvjmCpfxs+62hkEtPpF66CThTY=,GGyNTBb2IlXe2MpiDW2M2vTRSsw=
25,-36,CuvjmCpfxs+62hkEtPpF66CThTY=,GGyNTBb2IlXe2MpiDW2M2vTRSsw=
26,-36,CuvjmCpfxs+62hkEtPpF66CThTY=,GGyNTBb2IlXe2MpiDW2M2vTRSsw=
27,-36,CuvjmCpfxs+62hkEtPpF66CThTY=,GGyNTBb2IlXe2MpiDW2M2vTRSsw=
26,-37,CuvjmCpfxs+62hkEtPpF66CThTY=,GGyNTBb2IlXe2MpiDW2M2vTRSsw=
30,-35,CuvjmCpfxs+62hkEtPpF66CThTY=,GGyNTBb2IlXe2MpiDW2M2vTRSsw=
24,-38,CuvjmCpfxs+62hkEtPpF66CThTY=,GGyNTBb2IlXe2MpiDW2M2vTRSsw=
27,-37,CuvjmCpfxs+62hkEtPpF66CThTY=,GGyNTBb2IlXe2MpiDW2M2vTRSsw=
25,-33,CuvjmCpfxs+62hkEtPpF66CThTY=,GGyNTBb2IlXe2MpiDW2M2vTRSsw=
24,-34,CuvjmCpfxs+62hkEtPpF66CThTY=,GGyNTBb2IlXe2MpiDW2M2vTRSsw=
25,-34,CuvjmCpfxs+62hkEtPpF66CThTY=,GGyNTBb2IlXe2MpiDW2M2vTRSsw=
25,-35,CuvjmCpfxs+62hkEtPpF66CThTY=,GGyNTBb2IlXe2MpiDW2M2vTRSsw=
26,-34,CuvjmCpfxs+62hkEtPpF66CThTY=,GGyNTBb2IlXe2MpiDW2M2vTRSsw=
27,-34,CuvjmCpfxs+62hkEtPpF66CThTY=,GGyNTBb2IlXe2MpiDW2M2vTRSsw=
25,-38,CuvjmCpfxs+62hkEtPpF66CThTY=,GGyNTBb2IlXe2MpiDW2M2vTRSsw=
28,-34,CuvjmCpfxs+62hkEtPpF66CThTY=,GGyNTBb2IlXe2MpiDW2M2vTRSsw=
31,-35,CuvjmCpfxs+62hkEtPpF66CThTY=,GGyNTBb2IlXe2MpiDW2M2vTRSsw=
26,-33,CuvjmCpfxs+62hkEtPpF66CThTY=,GGyNTBb2IlXe2MpiDW2M2vTRSsw=
27,-33,CuvjmCpfxs+62hkEtPpF66CThTY=,GGyNTBb2IlXe2MpiDW2M2vTRSsw=
29,-34,CuvjmCpfxs+62hkEtPpF66CThTY=,GGyNTBb2IlXe2MpiDW2M2vTRSsw=
26,-38,CuvjmCpfxs+62hkEtPpF66CThTY=,GGyNTBb2IlXe2MpiDW2M2vTRSsw=
27,-39,CuvjmCpfxs+62hkEtPpF66CThTY=,GGyNTBb2IlXe2MpiDW2M2vTRSsw=
20,-42,CuvjmCpfxs+62hkEtPpF66CThTY=,vqgyXH8HpgtIYk/tULfRdhLVUgs=
19,-42,CuvjmCpfxs+62hkEtPpF66CThTY=,vqgyXH8HpgtIYk/tULfRdhLVUgs=
22,-48,CuvjmCpfxs+62hkEtPpF66CThTY=,vqgyXH8HpgtIYk/tULfRdhLVUgs=
20,-48,CuvjmCpfxs+62hkEtPpF66CThTY=,vqgyXH8HpgtIYk/tULfRdhLVUgs=
21,-48,CuvjmCpfxs+62hkEtPpF66CThTY=,vqgyXH8HpgtIYk/tULfRdhLVUgs=
19,-48,CuvjmCpfxs+62hkEtPpF66CThTY=,vqgyXH8HpgtIYk/tULfRdhLVUgs=
18,-48,CuvjmCpfxs+62hkEtPpF66CThTY=,vqgyXH8HpgtIYk/tULfRdhLVUgs=
17,-48,CuvjmCpfxs+62hkEtPpF66CThTY=,vqgyXH8HpgtIYk/tULfRdhLVUgs=
18,-42,CuvjmCpfxs+62hkEtPpF66CThTY=,vqgyXH8HpgtIYk/tULfRdhLVUgs=
16,-48,CuvjmCpfxs+62hkEtPpF66CThTY=,vqgyXH8HpgtIYk/tULfRdhLVUgs=
17,-42,CuvjmCpfxs+62hkEtPpF66CThTY=,vqgyXH8HpgtIYk/tULfRdhLVUgs=
16,-42,CuvjmCpfxs+62hkEtPpF66CThTY=,vqgyXH8HpgtIYk/tULfRdhLVUgs=
22,-43,CuvjmCpfxs+62hkEtPpF66CThTY=,vqgyXH8HpgtIYk/tULfRdhLVUgs=
21,-43,CuvjmCpfxs+62hkEtPpF66CThTY=,vqgyXH8HpgtIYk/tULfRdhLVUgs=
27,-41,CuvjmCpfxs+62hkEtPpF66CThTY=,0uYVmkUiEsetDHM53kvcFkKpZ28=
26,-41,CuvjmCpfxs+62hkEtPpF66CThTY=,0uYVmkUiEsetDHM53kvcFkKpZ28=
25,-41,CuvjmCpfxs+62hkEtPpF66CThTY=,0uYVmkUiEsetDHM53kvcFkKpZ28=
24,-41,CuvjmCpfxs+62hkEtPpF66CThTY=,0uYVmkUiEsetDHM53kvcFkKpZ28=
31,-42,CuvjmCpfxs+62hkEtPpF66CThTY=,0uYVmkUiEsetDHM53kvcFkKpZ28=
23,-44,CuvjmCpfxs+62hkEtPpF66CThTY=,vqgyXH8HpgtIYk/tULfRdhLVUgs=
23,-45,CuvjmCpfxs+62hkEtPpF66CThTY=,vqgyXH8HpgtIYk/tULfRdhLVUgs=
24,-48,CuvjmCpfxs+62hkEtPpF66CThTY=,0uYVmkUiEsetDHM53kvcFkKpZ28=
29,-42,CuvjmCpfxs+62hkEtPpF66CThTY=,0uYVmkUiEsetDHM53kvcFkKpZ28=
28,-42,CuvjmCpfxs+62hkEtPpF66CThTY=,0uYVmkUiEsetDHM53kvcFkKpZ28=
27,-42,CuvjmCpfxs+62hkEtPpF66CThTY=,0uYVmkUiEsetDHM53kvcFkKpZ28=
27,-40,CuvjmCpfxs+62hkEtPpF66CThTY=,GGyNTBb2IlXe2MpiDW2M2vTRSsw=
26,-42,CuvjmCpfxs+62hkEtPpF66CThTY=,0uYVmkUiEsetDHM53kvcFkKpZ28=
26,-40,CuvjmCpfxs+62hkEtPpF66CThTY=,GGyNTBb2IlXe2MpiDW2M2vTRSsw=
25,-42,CuvjmCpfxs+62hkEtPpF66CThTY=,0uYVmkUiEsetDHM53kvcFkKpZ28=
23,-46,CuvjmCpfxs+62hkEtPpF66CThTY=,vqgyXH8HpgtIYk/tULfRdhLVUgs=
24,-42,CuvjmCpfxs+62hkEtPpF66CThTY=,0uYVmkUiEsetDHM53kvcFkKpZ28=
30,-42,CuvjmCpfxs+62hkEtPpF66CThTY=,0uYVmkUiEsetDHM53kvcFkKpZ28=
31,-43,CuvjmCpfxs+62hkEtPpF66CThTY=,0uYVmkUiEsetDHM53kvcFkKpZ28=
25,-48,CuvjmCpfxs+62hkEtPpF66CThTY=,0uYVmkUiEsetDHM53kvcFkKpZ28=
26,-48,CuvjmCpfxs+62hkEtPpF66CThTY=,0uYVmkUiEsetDHM53kvcFkKpZ28=
28,-41,CuvjmCpfxs+62hkEtPpF66CThTY=,0uYVmkUiEsetDHM53kvcFkKpZ28=
27,-48,CuvjmCpfxs+62hkEtPpF66CThTY=,0uYVmkUiEsetDHM53kvcFkKpZ28=
29,-41,CuvjmCpfxs+62hkEtPpF66CThTY=,0uYVmkUiEsetDHM53kvcFkKpZ28=
30,-43,CuvjmCpfxs+62hkEtPpF66CThTY=,0uYVmkUiEsetDHM53kvcFkKpZ28=
28,-48,CuvjmCpfxs+62hkEtPpF66CThTY=,0uYVmkUiEsetDHM53kvcFkKpZ28=
30,-41,CuvjmCpfxs+62hkEtPpF66CThTY=,0uYVmkUiEsetDHM53kvcFkKpZ28=
29,-48,CuvjmCpfxs+62hkEtPpF66CThTY=,0uYVmkUiEsetDHM53kvcFkKpZ28=
30,-48,CuvjmCpfxs+62hkEtPpF66CThTY=,0uYVmkUiEsetDHM53kvcFkKpZ28=
31,-48,CuvjmCpfxs+62hkEtPpF66CThTY=,0uYVmkUiEsetDHM53kvcFkKpZ28=
23,-43,CuvjmCpfxs+62hkEtPpF66CThTY=,vqgyXH8HpgtIYk/tULfRdhLVUgs=
24,-47,CuvjmCpfxs+62hkEtPpF66CThTY=,0uYVmkUiEsetDHM53kvcFkKpZ28=
24,-40,CuvjmCpfxs+62hkEtPpF66CThTY=,GGyNTBb2IlXe2MpiDW2M2vTRSsw=
29,-43,CuvjmCpfxs+62hkEtPpF66CThTY=,0uYVmkUiEsetDHM53kvcFkKpZ28=
25,-47,CuvjmCpfxs+62hkEtPpF66CThTY=,0uYVmkUiEsetDHM53kvcFkKpZ28=
26,-47,CuvjmCpfxs+62hkEtPpF66CThTY=,0uYVmkUiEsetDHM53kvcFkKpZ28=
27,-43,CuvjmCpfxs+62hkEtPpF66CThTY=,0uYVmkUiEsetDHM53kvcFkKpZ28=
26,-43,CuvjmCpfxs+62hkEtPpF66CThTY=,0uYVmkUiEsetDHM53kvcFkKpZ28=
28,-43,CuvjmCpfxs+62hkEtPpF66CThTY=,0uYVmkUiEsetDHM53kvcFkKpZ28=
25,-40,CuvjmCpfxs+62hkEtPpF66CThTY=,GGyNTBb2IlXe2MpiDW2M2vTRSsw=
23,-41,CuvjmCpfxs+62hkEtPpF66CThTY=,vqgyXH8HpgtIYk/tULfRdhLVUgs=
25,-43,CuvjmCpfxs+62hkEtPpF66CThTY=,0uYVmkUiEsetDHM53kvcFkKpZ28=
31,-40,CuvjmCpfxs+62hkEtPpF66CThTY=,GGyNTBb2IlXe2MpiDW2M2vTRSsw=
24,-43,CuvjmCpfxs+62hkEtPpF66CThTY=,0uYVmkUiEsetDHM53kvcFkKpZ28=
23,-47,CuvjmCpfxs+62hkEtPpF66CThTY=,vqgyXH8HpgtIYk/tULfRdhLVUgs=
27,-47,CuvjmCpfxs+62hkEtPpF66CThTY=,0uYVmkUiEsetDHM53kvcFkKpZ28=
31,-44,CuvjmCpfxs+62hkEtPpF66CThTY=,0uYVmkUiEsetDHM53kvcFkKpZ28=
30,-44,CuvjmCpfxs+62hkEtPpF66CThTY=,0uYVmkUiEsetDHM53kvcFkKpZ28=
28,-47,CuvjmCpfxs+62hkEtPpF66CThTY=,0uYVmkUiEsetDHM53kvcFkKpZ28=
29,-47,CuvjmCpfxs+62hkEtPpF66CThTY=,0uYVmkUiEsetDHM53kvcFkKpZ28=
30,-47,CuvjmCpfxs+62hkEtPpF66CThTY=,0uYVmkUiEsetDHM53kvcFkKpZ28=
31,-47,CuvjmCpfxs+62hkEtPpF66CThTY=,0uYVmkUiEsetDHM53kvcFkKpZ28=
24,-46,CuvjmCpfxs+62hkEtPpF66CThTY=,0uYVmkUiEsetDHM53kvcFkKpZ28=
29,-44,CuvjmCpfxs+62hkEtPpF66CThTY=,0uYVmkUiEsetDHM53kvcFkKpZ28=
30,-40,CuvjmCpfxs+62hkEtPpF66CThTY=,GGyNTBb2IlXe2MpiDW2M2vTRSsw=
29,-40,CuvjmCpfxs+62hkEtPpF66CThTY=,GGyNTBb2IlXe2MpiDW2M2vTRSsw=
28,-40,CuvjmCpfxs+62hkEtPpF66CThTY=,GGyNTBb2IlXe2MpiDW2M2vTRSsw=
25,-46,CuvjmCpfxs+62hkEtPpF66CThTY=,0uYVmkUiEsetDHM53kvcFkKpZ28=
28,-44,CuvjmCpfxs+62hkEtPpF66CThTY=,0uYVmkUiEsetDHM53kvcFkKpZ28=
26,-44,CuvjmCpfxs+62hkEtPpF66CThTY=,0uYVmkUiEsetDHM53kvcFkKpZ28=
23,-42,CuvjmCpfxs+62hkEtPpF66CThTY=,vqgyXH8HpgtIYk/tULfRdhLVUgs=
25,-44,CuvjmCpfxs+62hkEtPpF66CThTY=,0uYVmkUiEsetDHM53kvcFkKpZ28=
24,-44,CuvjmCpfxs+62hkEtPpF66CThTY=,0uYVmkUiEsetDHM53kvcFkKpZ28=
31,-45,CuvjmCpfxs+62hkEtPpF66CThTY=,0uYVmkUiEsetDHM53kvcFkKpZ28=
26,-46,CuvjmCpfxs+62hkEtPpF66CThTY=,0uYVmkUiEsetDHM53kvcFkKpZ28=
31,-41,CuvjmCpfxs+62hkEtPpF66CThTY=,0uYVmkUiEsetDHM53kvcFkKpZ28=
30,-45,CuvjmCpfxs+62hkEtPpF66CThTY=,0uYVmkUiEsetDHM53kvcFkKpZ28=
27,-44,CuvjmCpfxs+62hkEtPpF66CThTY=,0uYVmkUiEsetDHM53kvcFkKpZ28=
23,-48,CuvjmCpfxs+62hkEtPpF66CThTY=,vqgyXH8HpgtIYk/tULfRdhLVUgs=
27,-46,CuvjmCpfxs+62hkEtPpF66CThTY=,0uYVmkUiEsetDHM53kvcFkKpZ28=
28,-46,CuvjmCpfxs+62hkEtPpF66CThTY=,0uYVmkUiEsetDHM53kvcFkKpZ28=
29,-45,CuvjmCpfxs+62hkEtPpF66CThTY=,0uYVmkUiEsetDHM53kvcFkKpZ28=
28,-45,CuvjmCpfxs+62hkEtPpF66CThTY=,0uYVmkUiEsetDHM53kvcFkKpZ28=
29,-46,CuvjmCpfxs+62hkEtPpF66CThTY=,0uYVmkUiEsetDHM53kvcFkKpZ28=
30,-46,CuvjmCpfxs+62hkEtPpF66CThTY=,0uYVmkUiEsetDHM53kvcFkKpZ28=
31,-46,CuvjmCpfxs+62hkEtPpF66CThTY=,0uYVmkUiEsetDHM53kvcFkKpZ28=
24,-45,CuvjmCpfxs+62hkEtPpF66CThTY=,0uYVmkUiEsetDHM53kvcFkKpZ28=
26,-45,CuvjmCpfxs+62hkEtPpF66CThTY=,0uYVmkUiEsetDHM53kvcFkKpZ28=
27,-45,CuvjmCpfxs+62hkEtPpF66CThTY=,0uYVmkUiEsetDHM53kvcFkKpZ28=
25,-45,CuvjmCpfxs+62hkEtPpF66CThTY=,0uYVmkUiEsetDHM53kvcFkKpZ28=
28,-58,nFxqQ2UocFGvDG9JX/Qhc1+4vnA=,374FOk4lhZZJ5Rrjp0IH9FSMFvA=
27,-58,nFxqQ2UocFGvDG9JX/Qhc1+4vnA=,374FOk4lhZZJ5Rrjp0IH9FSMFvA=
26,-58,hS28Dd4SBVNL2uQBXOmxSdixUjw=,374FOk4lhZZJ5Rrjp0IH9FSMFvA=
25,-58,hS28Dd4SBVNL2uQBXOmxSdixUjw=,374FOk4lhZZJ5Rrjp0IH9FSMFvA=
29,-59,hS28Dd4SBVNL2uQBXOmxSdixUjw=,374FOk4lhZZJ5Rrjp0IH9FSMFvA=
30,-59,hS28Dd4SBVNL2uQBXOmxSdixUjw=,374FOk4lhZZJ5Rrjp0IH9FSMFvA=
28,-59,hS28Dd4SBVNL2uQBXOmxSdixUjw=,374FOk4lhZZJ5Rrjp0IH9FSMFvA=
27,-59,hS28Dd4SBVNL2uQBXOmxSdixUjw=,374FOk4lhZZJ5Rrjp0IH9FSMFvA=
26,-59,hS28Dd4SBVNL2uQBXOmxSdixUjw=,374FOk4lhZZJ5Rrjp0IH9FSMFvA=
25,-59,hS28Dd4SBVNL2uQBXOmxSdixUjw=,374FOk4lhZZJ5Rrjp0IH9FSMFvA=
30,-60,hS28Dd4SBVNL2uQBXOmxSdixUjw=,374FOk4lhZZJ5Rrjp0IH9FSMFvA=
29,-60,hS28Dd4SBVNL2uQBXOmxSdixUjw=,374FOk4lhZZJ5Rrjp0IH9FSMFvA=
28,-60,hS28Dd4SBVNL2uQBXOmxSdixUjw=,374FOk4lhZZJ5Rrjp0IH9FSMFvA=
27,-60,hS28Dd4SBVNL2uQBXOmxSdixUjw=,374FOk4lhZZJ5Rrjp0IH9FSMFvA=
26,-60,hS28Dd4SBVNL2uQBXOmxSdixUjw=,374FOk4lhZZJ5Rrjp0IH9FSMFvA=
25,-60,hS28Dd4SBVNL2uQBXOmxSdixUjw=,374FOk4lhZZJ5Rrjp0IH9FSMFvA=
30,-61,hS28Dd4SBVNL2uQBXOmxSdixUjw=,374FOk4lhZZJ5Rrjp0IH9FSMFvA=
29,-61,hS28Dd4SBVNL2uQBXOmxSdixUjw=,374FOk4lhZZJ5Rrjp0IH9FSMFvA=
28,-61,hS28Dd4SBVNL2uQBXOmxSdixUjw=,374FOk4lhZZJ5Rrjp0IH9FSMFvA=
27,-61,hS28Dd4SBVNL2uQBXOmxSdixUjw=,374FOk4lhZZJ5Rrjp0IH9FSMFvA=
26,-61,hS28Dd4SBVNL2uQBXOmxSdixUjw=,374FOk4lhZZJ5Rrjp0IH9FSMFvA=
25,-61,hS28Dd4SBVNL2uQBXOmxSdixUjw=,374FOk4lhZZJ5Rrjp0IH9FSMFvA=
30,-62,hS28Dd4SBVNL2uQBXOmxSdixUjw=,374FOk4lhZZJ5Rrjp0IH9FSMFvA=
29,-62,hS28Dd4SBVNL2uQBXOmxSdixUjw=,374FOk4lhZZJ5Rrjp0IH9FSMFvA=
28,-62,hS28Dd4SBVNL2uQBXOmxSdixUjw=,374FOk4lhZZJ5Rrjp0IH9FSMFvA=
27,-62,hS28Dd4SBVNL2uQBXOmxSdixUjw=,374FOk4lhZZJ5Rrjp0IH9FSMFvA=
26,-62,hS28Dd4SBVNL2uQBXOmxSdixUjw=,374FOk4lhZZJ5Rrjp0IH9FSMFvA=
25,-62,hS28Dd4SBVNL2uQBXOmxSdixUjw=,374FOk4lhZZJ5Rrjp0IH9FSMFvA=
29,-63,hS28Dd4SBVNL2uQBXOmxSdixUjw=,374FOk4lhZZJ5Rrjp0IH9FSMFvA=
28,-63,hS28Dd4SBVNL2uQBXOmxSdixUjw=,374FOk4lhZZJ5Rrjp0IH9FSMFvA=
27,-63,hS28Dd4SBVNL2uQBXOmxSdixUjw=,374FOk4lhZZJ5Rrjp0IH9FSMFvA=
26,-63,hS28Dd4SBVNL2uQBXOmxSdixUjw=,374FOk4lhZZJ5Rrjp0IH9FSMFvA=
25,-63,hS28Dd4SBVNL2uQBXOmxSdixUjw=,374FOk4lhZZJ5Rrjp0IH9FSMFvA=
30,-58,hS28Dd4SBVNL2uQBXOmxSdixUjw=,374FOk4lhZZJ5Rrjp0IH9FSMFvA=
30,-63,hS28Dd4SBVNL2uQBXOmxSdixUjw=,374FOk4lhZZJ5Rrjp0IH9FSMFvA=
29,-58,hS28Dd4SBVNL2uQBXOmxSdixUjw=,374FOk4lhZZJ5Rrjp0IH9FSMFvA=
31,-58,hS28Dd4SBVNL2uQBXOmxSdixUjw=,374FOk4lhZZJ5Rrjp0IH9FSMFvA=
31,-63,hS28Dd4SBVNL2uQBXOmxSdixUjw=,374FOk4lhZZJ5Rrjp0IH9FSMFvA=
31,-62,hS28Dd4SBVNL2uQBXOmxSdixUjw=,374FOk4lhZZJ5Rrjp0IH9FSMFvA=
31,-61,hS28Dd4SBVNL2uQBXOmxSdixUjw=,374FOk4lhZZJ5Rrjp0IH9FSMFvA=
31,-60,hS28Dd4SBVNL2uQBXOmxSdixUjw=,374FOk4lhZZJ5Rrjp0IH9FSMFvA=
31,-59,hS28Dd4SBVNL2uQBXOmxSdixUjw=,374FOk4lhZZJ5Rrjp0IH9FSMFvA=
20,-59,hS28Dd4SBVNL2uQBXOmxSdixUjw=,ffKaFYccGmqbN8pkH9QoSvWt8lI=
21,-59,hS28Dd4SBVNL2uQBXOmxSdixUjw=,ffKaFYccGmqbN8pkH9QoSvWt8lI=
22,-59,hS28Dd4SBVNL2uQBXOmxSdixUjw=,ffKaFYccGmqbN8pkH9QoSvWt8lI=
23,-59,hS28Dd4SBVNL2uQBXOmxSdixUjw=,ffKaFYccGmqbN8pkH9QoSvWt8lI=
24,-63,hS28Dd4SBVNL2uQBXOmxSdixUjw=,374FOk4lhZZJ5Rrjp0IH9FSMFvA=
16,-58,hS28Dd4SBVNL2uQBXOmxSdixUjw=,ffKaFYccGmqbN8pkH9QoSvWt8lI=
16,-63,hS28Dd4SBVNL2uQBXOmxSdixUjw=,ffKaFYccGmqbN8pkH9QoSvWt8lI=
17,-58,hS28Dd4SBVNL2uQBXOmxSdixUjw=,ffKaFYccGmqbN8pkH9QoSvWt8lI=
17,-63,hS28Dd4SBVNL2uQBXOmxSdixUjw=,ffKaFYccGmqbN8pkH9QoSvWt8lI=
18,-58,hS28Dd4SBVNL2uQBXOmxSdixUjw=,ffKaFYccGmqbN8pkH9QoSvWt8lI=
18,-63,hS28Dd4SBVNL2uQBXOmxSdixUjw=,ffKaFYccGmqbN8pkH9QoSvWt8lI=
19,-58,hS28Dd4SBVNL2uQBXOmxSdixUjw=,ffKaFYccGmqbN8pkH9QoSvWt8lI=
19,-63,hS28Dd4SBVNL2uQBXOmxSdixUjw=,ffKaFYccGmqbN8pkH9QoSvWt8lI=
20,-63,hS28Dd4SBVNL2uQBXOmxSdixUjw=,ffKaFYccGmqbN8pkH9QoSvWt8lI=
21,-63,hS28Dd4SBVNL2uQBXOmxSdixUjw=,ffKaFYccGmqbN8pkH9QoSvWt8lI=
22,-63,hS28Dd4SBVNL2uQBXOmxSdixUjw=,ffKaFYccGmqbN8pkH9QoSvWt8lI=
23,-63,hS28Dd4SBVNL2uQBXOmxSdixUjw=,ffKaFYccGmqbN8pkH9QoSvWt8lI=
16,-62,hS28Dd4SBVNL2uQBXOmxSdixUjw=,ffKaFYccGmqbN8pkH9QoSvWt8lI=
20,-58,hS28Dd4SBVNL2uQBXOmxSdixUjw=,ffKaFYccGmqbN8pkH9QoSvWt8lI=
24,-62,hS28Dd4SBVNL2uQBXOmxSdixUjw=,374FOk4lhZZJ5Rrjp0IH9FSMFvA=
17,-62,hS28Dd4SBVNL2uQBXOmxSdixUjw=,ffKaFYccGmqbN8pkH9QoSvWt8lI=
21,-58,hS28Dd4SBVNL2uQBXOmxSdixUjw=,ffKaFYccGmqbN8pkH9QoSvWt8lI=
18,-62,hS28Dd4SBVNL2uQBXOmxSdixUjw=,ffKaFYccGmqbN8pkH9QoSvWt8lI=
22,-58,hS28Dd4SBVNL2uQBXOmxSdixUjw=,ffKaFYccGmqbN8pkH9QoSvWt8lI=
23,-58,hS28Dd4SBVNL2uQBXOmxSdixUjw=,ffKaFYccGmqbN8pkH9QoSvWt8lI=
19,-62,hS28Dd4SBVNL2uQBXOmxSdixUjw=,ffKaFYccGmqbN8pkH9QoSvWt8lI=
20,-62,hS28Dd4SBVNL2uQBXOmxSdixUjw=,ffKaFYccGmqbN8pkH9QoSvWt8lI=
21,-62,hS28Dd4SBVNL2uQBXOmxSdixUjw=,ffKaFYccGmqbN8pkH9QoSvWt8lI=
22,-62,hS28Dd4SBVNL2uQBXOmxSdixUjw=,ffKaFYccGmqbN8pkH9QoSvWt8lI=
23,-62,hS28Dd4SBVNL2uQBXOmxSdixUjw=,ffKaFYccGmqbN8pkH9QoSvWt8lI=
16,-61,hS28Dd4SBVNL2uQBXOmxSdixUjw=,ffKaFYccGmqbN8pkH9QoSvWt8lI=
17,-61,hS28Dd4SBVNL2uQBXOmxSdixUjw=,ffKaFYccGmqbN8pkH9QoSvWt8lI=
18,-61,hS28Dd4SBVNL2uQBXOmxSdixUjw=,ffKaFYccGmqbN8pkH9QoSvWt8lI=
19,-61,hS28Dd4SBVNL2uQBXOmxSdixUjw=,ffKaFYccGmqbN8pkH9QoSvWt8lI=
24,-61,hS28Dd4SBVNL2uQBXOmxSdixUjw=,374FOk4lhZZJ5Rrjp0IH9FSMFvA=
20,-61,hS28Dd4SBVNL2uQBXOmxSdixUjw=,ffKaFYccGmqbN8pkH9QoSvWt8lI=
21,-61,hS28Dd4SBVNL2uQBXOmxSdixUjw=,ffKaFYccGmqbN8pkH9QoSvWt8lI=
22,-61,hS28Dd4SBVNL2uQBXOmxSdixUjw=,ffKaFYccGmqbN8pkH9QoSvWt8lI=
23,-61,hS28Dd4SBVNL2uQBXOmxSdixUjw=,ffKaFYccGmqbN8pkH9QoSvWt8lI=
24,-60,hS28Dd4SBVNL2uQBXOmxSdixUjw=,374FOk4lhZZJ5Rrjp0IH9FSMFvA=
16,-60,hS28Dd4SBVNL2uQBXOmxSdixUjw=,ffKaFYccGmqbN8pkH9QoSvWt8lI=
17,-60,hS28Dd4SBVNL2uQBXOmxSdixUjw=,ffKaFYccGmqbN8pkH9QoSvWt8lI=
18,-60,hS28Dd4SBVNL2uQBXOmxSdixUjw=,ffKaFYccGmqbN8pkH9QoSvWt8lI=
19,-60,hS28Dd4SBVNL2uQBXOmxSdixUjw=,ffKaFYccGmqbN8pkH9QoSvWt8lI=
20,-60,hS28Dd4SBVNL2uQBXOmxSdixUjw=,ffKaFYccGmqbN8pkH9QoSvWt8lI=
21,-60,hS28Dd4SBVNL2uQBXOmxSdixUjw=,ffKaFYccGmqbN8pkH9QoSvWt8lI=
22,-60,hS28Dd4SBVNL2uQBXOmxSdixUjw=,ffKaFYccGmqbN8pkH9QoSvWt8lI=
24,-59,hS28Dd4SBVNL2uQBXOmxSdixUjw=,374FOk4lhZZJ5Rrjp0IH9FSMFvA=
23,-60,hS28Dd4SBVNL2uQBXOmxSdixUjw=,ffKaFYccGmqbN8pkH9QoSvWt8lI=
16,-59,hS28Dd4SBVNL2uQBXOmxSdixUjw=,ffKaFYccGmqbN8pkH9QoSvWt8lI=
24,-58,hS28Dd4SBVNL2uQBXOmxSdixUjw=,374FOk4lhZZJ5Rrjp0IH9FSMFvA=
17,-59,hS28Dd4SBVNL2uQBXOmxSdixUjw=,ffKaFYccGmqbN8pkH9QoSvWt8lI=
18,-59,hS28Dd4SBVNL2uQBXOmxSdixUjw=,ffKaFYccGmqbN8pkH9QoSvWt8lI=
19,-59,hS28Dd4SBVNL2uQBXOmxSdixUjw=,ffKaFYccGmqbN8pkH9QoSvWt8lI=
27,-55,hS28Dd4SBVNL2uQBXOmxSdixUjw=,oJt2IwPvpYUbTqNf8Ji6loBlpvk=
28,-55,hS28Dd4SBVNL2uQBXOmxSdixUjw=,oJt2IwPvpYUbTqNf8Ji6loBlpvk=
29,-55,hS28Dd4SBVNL2uQBXOmxSdixUjw=,oJt2IwPvpYUbTqNf8Ji6loBlpvk=
28,-49,hS28Dd4SBVNL2uQBXOmxSdixUjw=,oJt2IwPvpYUbTqNf8Ji6loBlpvk=
29,-49,hS28Dd4SBVNL2uQBXOmxSdixUjw=,oJt2IwPvpYUbTqNf8Ji6loBlpvk=
25,-54,hS28Dd4SBVNL2uQBXOmxSdixUjw=,oJt2IwPvpYUbTqNf8Ji6loBlpvk=
30,-49,hS28Dd4SBVNL2uQBXOmxSdixUjw=,oJt2IwPvpYUbTqNf8Ji6loBlpvk=
26,-54,hS28Dd4SBVNL2uQBXOmxSdixUjw=,oJt2IwPvpYUbTqNf8Ji6loBlpvk=
27,-54,hS28Dd4SBVNL2uQBXOmxSdixUjw=,oJt2IwPvpYUbTqNf8Ji6loBlpvk=
28,-54,hS28Dd4SBVNL2uQBXOmxSdixUjw=,oJt2IwPvpYUbTqNf8Ji6loBlpvk=
29,-54,hS28Dd4SBVNL2uQBXOmxSdixUjw=,oJt2IwPvpYUbTqNf8Ji6loBlpvk=
30,-54,hS28Dd4SBVNL2uQBXOmxSdixUjw=,oJt2IwPvpYUbTqNf8Ji6loBlpvk=
31,-54,hS28Dd4SBVNL2uQBXOmxSdixUjw=,oJt2IwPvpYUbTqNf8Ji6loBlpvk=
25,-56,hS28Dd4SBVNL2uQBXOmxSdixUjw=,oJt2IwPvpYUbTqNf8Ji6loBlpvk=
31,-49,hS28Dd4SBVNL2uQBXOmxSdixUjw=,oJt2IwPvpYUbTqNf8Ji6loBlpvk=
27,-49,hS28Dd4SBVNL2uQBXOmxSdixUjw=,oJt2IwPvpYUbTqNf8Ji6loBlpvk=
28,-51,hS28Dd4SBVNL2uQBXOmxSdixUjw=,oJt2IwPvpYUbTqNf8Ji6loBlpvk=
29,-56,hS28Dd4SBVNL2uQBXOmxSdixUjw=,oJt2IwPvpYUbTqNf8Ji6loBlpvk=
29,-51,hS28Dd4SBVNL2uQBXOmxSdixUjw=,oJt2IwPvpYUbTqNf8Ji6loBlpvk=
31,-53,hS28Dd4SBVNL2uQBXOmxSdixUjw=,oJt2IwPvpYUbTqNf8Ji6loBlpvk=
25,-57,hS28Dd4SBVNL2uQBXOmxSdixUjw=,374FOk4lhZZJ5Rrjp0IH9FSMFvA=
26,-57,hS28Dd4SBVNL2uQBXOmxSdixUjw=,374FOk4lhZZJ5Rrjp0IH9FSMFvA=
30,-51,hS28Dd4SBVNL2uQBXOmxSdixUjw=,oJt2IwPvpYUbTqNf8Ji6loBlpvk=
27,-57,hS28Dd4SBVNL2uQBXOmxSdixUjw=,374FOk4lhZZJ5Rrjp0IH9FSMFvA=
28,-57,hS28Dd4SBVNL2uQBXOmxSdixUjw=,374FOk4lhZZJ5Rrjp0IH9FSMFvA=
31,-52,hS28Dd4SBVNL2uQBXOmxSdixUjw=,oJt2IwPvpYUbTqNf8Ji6loBlpvk=
29,-57,hS28Dd4SBVNL2uQBXOmxSdixUjw=,374FOk4lhZZJ5Rrjp0IH9FSMFvA=
30,-57,hS28Dd4SBVNL2uQBXOmxSdixUjw=,374FOk4lhZZJ5Rrjp0IH9FSMFvA=
26,-56,hS28Dd4SBVNL2uQBXOmxSdixUjw=,oJt2IwPvpYUbTqNf8Ji6loBlpvk=
31,-57,hS28Dd4SBVNL2uQBXOmxSdixUjw=,374FOk4lhZZJ5Rrjp0IH9FSMFvA=
25,-53,hS28Dd4SBVNL2uQBXOmxSdixUjw=,oJt2IwPvpYUbTqNf8Ji6loBlpvk=
26,-55,hS28Dd4SBVNL2uQBXOmxSdixUjw=,oJt2IwPvpYUbTqNf8Ji6loBlpvk=
31,-55,hS28Dd4SBVNL2uQBXOmxSdixUjw=,oJt2IwPvpYUbTqNf8Ji6loBlpvk=
30,-52,hS28Dd4SBVNL2uQBXOmxSdixUjw=,oJt2IwPvpYUbTqNf8Ji6loBlpvk=
25,-55,hS28Dd4SBVNL2uQBXOmxSdixUjw=,oJt2IwPvpYUbTqNf8Ji6loBlpvk=
26,-49,hS28Dd4SBVNL2uQBXOmxSdixUjw=,oJt2IwPvpYUbTqNf8Ji6loBlpvk=
30,-55,hS28Dd4SBVNL2uQBXOmxSdixUjw=,oJt2IwPvpYUbTqNf8Ji6loBlpvk=
27,-51,hS28Dd4SBVNL2uQBXOmxSdixUjw=,oJt2IwPvpYUbTqNf8Ji6loBlpvk=
25,-49,hS28Dd4SBVNL2uQBXOmxSdixUjw=,oJt2IwPvpYUbTqNf8Ji6loBlpvk=
28,-56,hS28Dd4SBVNL2uQBXOmxSdixUjw=,oJt2IwPvpYUbTqNf8Ji6loBlpvk=
26,-53,hS28Dd4SBVNL2uQBXOmxSdixUjw=,oJt2IwPvpYUbTqNf8Ji6loBlpvk=
31,-50,hS28Dd4SBVNL2uQBXOmxSdixUjw=,oJt2IwPvpYUbTqNf8Ji6loBlpvk=
31,-56,hS28Dd4SBVNL2uQBXOmxSdixUjw=,oJt2IwPvpYUbTqNf8Ji6loBlpvk=
29,-52,hS28Dd4SBVNL2uQBXOmxSdixUjw=,oJt2IwPvpYUbTqNf8Ji6loBlpvk=
27,-53,hS28Dd4SBVNL2uQBXOmxSdixUjw=,oJt2IwPvpYUbTqNf8Ji6loBlpvk=
28,-53,hS28Dd4SBVNL2uQBXOmxSdixUjw=,oJt2IwPvpYUbTqNf8Ji6loBlpvk=
29,-53,hS28Dd4SBVNL2uQBXOmxSdixUjw=,oJt2IwPvpYUbTqNf8Ji6loBlpvk=
30,-53,hS28Dd4SBVNL2uQBXOmxSdixUjw=,oJt2IwPvpYUbTqNf8Ji6loBlpvk=
28,-52,hS28Dd4SBVNL2uQBXOmxSdixUjw=,oJt2IwPvpYUbTqNf8Ji6loBlpvk=
30,-50,hS28Dd4SBVNL2uQBXOmxSdixUjw=,oJt2IwPvpYUbTqNf8Ji6loBlpvk=
29,-50,hS28Dd4SBVNL2uQBXOmxSdixUjw=,oJt2IwPvpYUbTqNf8Ji6loBlpvk=
28,-50,hS28Dd4SBVNL2uQBXOmxSdixUjw=,oJt2IwPvpYUbTqNf8Ji6loBlpvk=
27,-52,hS28Dd4SBVNL2uQBXOmxSdixUjw=,oJt2IwPvpYUbTqNf8Ji6loBlpvk=
27,-50,hS28Dd4SBVNL2uQBXOmxSdixUjw=,oJt2IwPvpYUbTqNf8Ji6loBlpvk=
26,-50,hS28Dd4SBVNL2uQBXOmxSdixUjw=,oJt2IwPvpYUbTqNf8Ji6loBlpvk=
25,-50,hS28Dd4SBVNL2uQBXOmxSdixUjw=,oJt2IwPvpYUbTqNf8Ji6loBlpvk=
26,-52,hS28Dd4SBVNL2uQBXOmxSdixUjw=,oJt2IwPvpYUbTqNf8Ji6loBlpvk=
25,-52,hS28Dd4SBVNL2uQBXOmxSdixUjw=,oJt2IwPvpYUbTqNf8Ji6loBlpvk=
26,-51,hS28Dd4SBVNL2uQBXOmxSdixUjw=,oJt2IwPvpYUbTqNf8Ji6loBlpvk=
31,-51,hS28Dd4SBVNL2uQBXOmxSdixUjw=,oJt2IwPvpYUbTqNf8Ji6loBlpvk=
30,-56,hS28Dd4SBVNL2uQBXOmxSdixUjw=,oJt2IwPvpYUbTqNf8Ji6loBlpvk=
25,-51,hS28Dd4SBVNL2uQBXOmxSdixUjw=,oJt2IwPvpYUbTqNf8Ji6loBlpvk=
27,-56,hS28Dd4SBVNL2uQBXOmxSdixUjw=,oJt2IwPvpYUbTqNf8Ji6loBlpvk=
23,-55,hS28Dd4SBVNL2uQBXOmxSdixUjw=,Fy2ODCWIc90ypG5yD1jwScnnViU=
19,-51,hS28Dd4SBVNL2uQBXOmxSdixUjw=,Fy2ODCWIc90ypG5yD1jwScnnViU=
18,-51,hS28Dd4SBVNL2uQBXOmxSdixUjw=,Fy2ODCWIc90ypG5yD1jwScnnViU=
17,-51,hS28Dd4SBVNL2uQBXOmxSdixUjw=,Fy2ODCWIc90ypG5yD1jwScnnViU=
16,-51,hS28Dd4SBVNL2uQBXOmxSdixUjw=,Fy2ODCWIc90ypG5yD1jwScnnViU=
22,-55,hS28Dd4SBVNL2uQBXOmxSdixUjw=,Fy2ODCWIc90ypG5yD1jwScnnViU=
24,-56,hS28Dd4SBVNL2uQBXOmxSdixUjw=,oJt2IwPvpYUbTqNf8Ji6loBlpvk=
20,-51,hS28Dd4SBVNL2uQBXOmxSdixUjw=,Fy2ODCWIc90ypG5yD1jwScnnViU=
21,-51,hS28Dd4SBVNL2uQBXOmxSdixUjw=,Fy2ODCWIc90ypG5yD1jwScnnViU=
24,-57,hS28Dd4SBVNL2uQBXOmxSdixUjw=,374FOk4lhZZJ5Rrjp0IH9FSMFvA=
21,-55,hS28Dd4SBVNL2uQBXOmxSdixUjw=,Fy2ODCWIc90ypG5yD1jwScnnViU=
22,-51,hS28Dd4SBVNL2uQBXOmxSdixUjw=,Fy2ODCWIc90ypG5yD1jwScnnViU=
23,-52,hS28Dd4SBVNL2uQBXOmxSdixUjw=,Fy2ODCWIc90ypG5yD1jwScnnViU=
24,-52,hS28Dd4SBVNL2uQBXOmxSdixUjw=,oJt2IwPvpYUbTqNf8Ji6loBlpvk=
22,-52,hS28Dd4SBVNL2uQBXOmxSdixUjw=,Fy2ODCWIc90ypG5yD1jwScnnViU=
24,-54,hS28Dd4SBVNL2uQBXOmxSdixUjw=,oJt2IwPvpYUbTqNf8Ji6loBlpvk=
24,-51,hS28Dd4SBVNL2uQBXOmxSdixUjw=,oJt2IwPvpYUbTqNf8Ji6loBlpvk=
21,-52,hS28Dd4SBVNL2uQBXOmxSdixUjw=,Fy2ODCWIc90ypG5yD1jwScnnViU=
20,-52,hS28Dd4SBVNL2uQBXOmxSdixUjw=,Fy2ODCWIc90ypG5yD1jwScnnViU=
23,-51,hS28Dd4SBVNL2uQBXOmxSdixUjw=,Fy2ODCWIc90ypG5yD1jwScnnViU=
19,-52,hS28Dd4SBVNL2uQBXOmxSdixUjw=,Fy2ODCWIc90ypG5yD1jwScnnViU=
18,-52,hS28Dd4SBVNL2uQBXOmxSdixUjw=,Fy2ODCWIc90ypG5yD1jwScnnViU=
24,-53,hS28Dd4SBVNL2uQBXOmxSdixUjw=,oJt2IwPvpYUbTqNf8Ji6loBlpvk=
16,-50,hS28Dd4SBVNL2uQBXOmxSdixUjw=,Fy2ODCWIc90ypG5yD1jwScnnViU=
17,-50,hS28Dd4SBVNL2uQBXOmxSdixUjw=,Fy2ODCWIc90ypG5yD1jwScnnViU=
19,-55,hS28Dd4SBVNL2uQBXOmxSdixUjw=,Fy2ODCWIc90ypG5yD1jwScnnViU=
17,-52,hS28Dd4SBVNL2uQBXOmxSdixUjw=,Fy2ODCWIc90ypG5yD1jwScnnViU=
18,-50,hS28Dd4SBVNL2uQBXOmxSdixUjw=,Fy2ODCWIc90ypG5yD1jwScnnViU=
20,-55,hS28Dd4SBVNL2uQBXOmxSdixUjw=,Fy2ODCWIc90ypG5yD1jwScnnViU=
18,-55,hS28Dd4SBVNL2uQBXOmxSdixUjw=,Fy2ODCWIc90ypG5yD1jwScnnViU=
19,-50,hS28Dd4SBVNL2uQBXOmxSdixUjw=,Fy2ODCWIc90ypG5yD1jwScnnViU=
17,-55,hS28Dd4SBVNL2uQBXOmxSdixUjw=,Fy2ODCWIc90ypG5yD1jwScnnViU=
20,-50,hS28Dd4SBVNL2uQBXOmxSdixUjw=,Fy2ODCWIc90ypG5yD1jwScnnViU=
16,-52,hS28Dd4SBVNL2uQBXOmxSdixUjw=,Fy2ODCWIc90ypG5yD1jwScnnViU=
23,-56,hS28Dd4SBVNL2uQBXOmxSdixUjw=,Fy2ODCWIc90ypG5yD1jwScnnViU=
22,-56,hS28Dd4SBVNL2uQBXOmxSdixUjw=,Fy2ODCWIc90ypG5yD1jwScnnViU=
23,-53,hS28Dd4SBVNL2uQBXOmxSdixUjw=,Fy2ODCWIc90ypG5yD1jwScnnViU=
22,-53,hS28Dd4SBVNL2uQBXOmxSdixUjw=,Fy2ODCWIc90ypG5yD1jwScnnViU=
21,-53,hS28Dd4SBVNL2uQBXOmxSdixUjw=,Fy2ODCWIc90ypG5yD1jwScnnViU=
16,-55,hS28Dd4SBVNL2uQBXOmxSdixUjw=,Fy2ODCWIc90ypG5yD1jwScnnViU=
24,-55,hS28Dd4SBVNL2uQBXOmxSdixUjw=,oJt2IwPvpYUbTqNf8Ji6loBlpvk=
19,-53,hS28Dd4SBVNL2uQBXOmxSdixUjw=,Fy2ODCWIc90ypG5yD1jwScnnViU=
18,-53,hS28Dd4SBVNL2uQBXOmxSdixUjw=,Fy2ODCWIc90ypG5yD1jwScnnViU=
17,-53,hS28Dd4SBVNL2uQBXOmxSdixUjw=,Fy2ODCWIc90ypG5yD1jwScnnViU=
21,-50,hS28Dd4SBVNL2uQBXOmxSdixUjw=,Fy2ODCWIc90ypG5yD1jwScnnViU=
16,-53,hS28Dd4SBVNL2uQBXOmxSdixUjw=,Fy2ODCWIc90ypG5yD1jwScnnViU=
21,-56,hS28Dd4SBVNL2uQBXOmxSdixUjw=,Fy2ODCWIc90ypG5yD1jwScnnViU=
22,-50,hS28Dd4SBVNL2uQBXOmxSdixUjw=,Fy2ODCWIc90ypG5yD1jwScnnViU=
19,-56,hS28Dd4SBVNL2uQBXOmxSdixUjw=,Fy2ODCWIc90ypG5yD1jwScnnViU=
20,-53,hS28Dd4SBVNL2uQBXOmxSdixUjw=,Fy2ODCWIc90ypG5yD1jwScnnViU=
20,-56,hS28Dd4SBVNL2uQBXOmxSdixUjw=,Fy2ODCWIc90ypG5yD1jwScnnViU=
18,-56,hS28Dd4SBVNL2uQBXOmxSdixUjw=,Fy2ODCWIc90ypG5yD1jwScnnViU=
23,-50,hS28Dd4SBVNL2uQBXOmxSdixUjw=,Fy2ODCWIc90ypG5yD1jwScnnViU=
16,-56,hS28Dd4SBVNL2uQBXOmxSdixUjw=,Fy2ODCWIc90ypG5yD1jwScnnViU=
16,-49,hS28Dd4SBVNL2uQBXOmxSdixUjw=,Fy2ODCWIc90ypG5yD1jwScnnViU=
17,-56,hS28Dd4SBVNL2uQBXOmxSdixUjw=,Fy2ODCWIc90ypG5yD1jwScnnViU=
23,-54,hS28Dd4SBVNL2uQBXOmxSdixUjw=,Fy2ODCWIc90ypG5yD1jwScnnViU=
23,-57,hS28Dd4SBVNL2uQBXOmxSdixUjw=,ffKaFYccGmqbN8pkH9QoSvWt8lI=
22,-54,hS28Dd4SBVNL2uQBXOmxSdixUjw=,Fy2ODCWIc90ypG5yD1jwScnnViU=
21,-54,hS28Dd4SBVNL2uQBXOmxSdixUjw=,Fy2ODCWIc90ypG5yD1jwScnnViU=
20,-54,hS28Dd4SBVNL2uQBXOmxSdixUjw=,Fy2ODCWIc90ypG5yD1jwScnnViU=
19,-54,hS28Dd4SBVNL2uQBXOmxSdixUjw=,Fy2ODCWIc90ypG5yD1jwScnnViU=
16,-57,hS28Dd4SBVNL2uQBXOmxSdixUjw=,ffKaFYccGmqbN8pkH9QoSvWt8lI=
24,-49,hS28Dd4SBVNL2uQBXOmxSdixUjw=,oJt2IwPvpYUbTqNf8Ji6loBlpvk=
18,-54,hS28Dd4SBVNL2uQBXOmxSdixUjw=,Fy2ODCWIc90ypG5yD1jwScnnViU=
16,-54,hS28Dd4SBVNL2uQBXOmxSdixUjw=,Fy2ODCWIc90ypG5yD1jwScnnViU=
22,-57,hS28Dd4SBVNL2uQBXOmxSdixUjw=,ffKaFYccGmqbN8pkH9QoSvWt8lI=
21,-57,hS28Dd4SBVNL2uQBXOmxSdixUjw=,ffKaFYccGmqbN8pkH9QoSvWt8lI=
20,-57,hS28Dd4SBVNL2uQBXOmxSdixUjw=,ffKaFYccGmqbN8pkH9QoSvWt8lI=
19,-57,hS28Dd4SBVNL2uQBXOmxSdixUjw=,ffKaFYccGmqbN8pkH9QoSvWt8lI=
17,-54,hS28Dd4SBVNL2uQBXOmxSdixUjw=,Fy2ODCWIc90ypG5yD1jwScnnViU=
17,-49,hS28Dd4SBVNL2uQBXOmxSdixUjw=,Fy2ODCWIc90ypG5yD1jwScnnViU=
18,-57,hS28Dd4SBVNL2uQBXOmxSdixUjw=,ffKaFYccGmqbN8pkH9QoSvWt8lI=
18,-49,hS28Dd4SBVNL2uQBXOmxSdixUjw=,Fy2ODCWIc90ypG5yD1jwScnnViU=
19,-49,hS28Dd4SBVNL2uQBXOmxSdixUjw=,Fy2ODCWIc90ypG5yD1jwScnnViU=
22,-49,hS28Dd4SBVNL2uQBXOmxSdixUjw=,Fy2ODCWIc90ypG5yD1jwScnnViU=
23,-49,hS28Dd4SBVNL2uQBXOmxSdixUjw=,Fy2ODCWIc90ypG5yD1jwScnnViU=
17,-57,hS28Dd4SBVNL2uQBXOmxSdixUjw=,ffKaFYccGmqbN8pkH9QoSvWt8lI=
20,-49,hS28Dd4SBVNL2uQBXOmxSdixUjw=,Fy2ODCWIc90ypG5yD1jwScnnViU=
21,-49,hS28Dd4SBVNL2uQBXOmxSdixUjw=,Fy2ODCWIc90ypG5yD1jwScnnViU=
24,-50,hS28Dd4SBVNL2uQBXOmxSdixUjw=,oJt2IwPvpYUbTqNf8Ji6loBlpvk=
9,-63,mutcKhV4OlBaaTmxBzhoLg+QYks=,xCkowYMeHVIHXpnne85BDs45c9Y=
10,-63,mutcKhV4OlBaaTmxBzhoLg+QYks=,xCkowYMeHVIHXpnne85BDs45c9Y=
11,-63,mutcKhV4OlBaaTmxBzhoLg+QYks=,xCkowYMeHVIHXpnne85BDs45c9Y=
12,-63,cfDZo9AxWZU69d2UYwgRuNuNkTY=,xCkowYMeHVIHXpnne85BDs45c9Y=
14,-58,cfDZo9AxWZU69d2UYwgRuNuNkTY=,xCkowYMeHVIHXpnne85BDs45c9Y=
4,-63,cfDZo9AxWZU69d2UYwgRuNuNkTY=,/4hPtwccarBQuVhXjoFo7CVqqQg=
5,-63,cfDZo9AxWZU69d2UYwgRuNuNkTY=,/4hPtwccarBQuVhXjoFo7CVqqQg=
6,-63,cfDZo9AxWZU69d2UYwgRuNuNkTY=,/4hPtwccarBQuVhXjoFo7CVqqQg=
7,-63,cfDZo9AxWZU69d2UYwgRuNuNkTY=,/4hPtwccarBQuVhXjoFo7CVqqQg=
8,-63,cfDZo9AxWZU69d2UYwgRuNuNkTY=,xCkowYMeHVIHXpnne85BDs45c9Y=
1,-62,cfDZo9AxWZU69d2UYwgRuNuNkTY=,/4hPtwccarBQuVhXjoFo7CVqqQg=
2,-62,cfDZo9AxWZU69d2UYwgRuNuNkTY=,/4hPtwccarBQuVhXjoFo7CVqqQg=
3,-62,cfDZo9AxWZU69d2UYwgRuNuNkTY=,/4hPtwccarBQuVhXjoFo7CVqqQg=
4,-62,cfDZo9AxWZU69d2UYwgRuNuNkTY=,/4hPtwccarBQuVhXjoFo7CVqqQg=
5,-62,cfDZo9AxWZU69d2UYwgRuNuNkTY=,/4hPtwccarBQuVhXjoFo7CVqqQg=
6,-62,cfDZo9AxWZU69d2UYwgRuNuNkTY=,/4hPtwccarBQuVhXjoFo7CVqqQg=
7,-62,cfDZo9AxWZU69d2UYwgRuNuNkTY=,/4hPtwccarBQuVhXjoFo7CVqqQg=
8,-62,cfDZo9AxWZU69d2UYwgRuNuNkTY=,xCkowYMeHVIHXpnne85BDs45c9Y=
1,-61,cfDZo9AxWZU69d2UYwgRuNuNkTY=,/4hPtwccarBQuVhXjoFo7CVqqQg=
2,-61,cfDZo9AxWZU69d2UYwgRuNuNkTY=,/4hPtwccarBQuVhXjoFo7CVqqQg=
3,-61,cfDZo9AxWZU69d2UYwgRuNuNkTY=,/4hPtwccarBQuVhXjoFo7CVqqQg=
4,-61,cfDZo9AxWZU69d2UYwgRuNuNkTY=,/4hPtwccarBQuVhXjoFo7CVqqQg=
5,-61,cfDZo9AxWZU69d2UYwgRuNuNkTY=,/4hPtwccarBQuVhXjoFo7CVqqQg=
8,-61,cfDZo9AxWZU69d2UYwgRuNuNkTY=,xCkowYMeHVIHXpnne85BDs45c9Y=
6,-61,cfDZo9AxWZU69d2UYwgRuNuNkTY=,/4hPtwccarBQuVhXjoFo7CVqqQg=
7,-61,cfDZo9AxWZU69d2UYwgRuNuNkTY=,/4hPtwccarBQuVhXjoFo7CVqqQg=
1,-60,cfDZo9AxWZU69d2UYwgRuNuNkTY=,/4hPtwccarBQuVhXjoFo7CVqqQg=
2,-60,cfDZo9AxWZU69d2UYwgRuNuNkTY=,/4hPtwccarBQuVhXjoFo7CVqqQg=
3,-60,cfDZo9AxWZU69d2UYwgRuNuNkTY=,/4hPtwccarBQuVhXjoFo7CVqqQg=
4,-60,cfDZo9AxWZU69d2UYwgRuNuNkTY=,/4hPtwccarBQuVhXjoFo7CVqqQg=
5,-60,cfDZo9AxWZU69d2UYwgRuNuNkTY=,/4hPtwccarBQuVhXjoFo7CVqqQg=
6,-60,cfDZo9AxWZU69d2UYwgRuNuNkTY=,/4hPtwccarBQuVhXjoFo7CVqqQg=
7,-60,cfDZo9AxWZU69d2UYwgRuNuNkTY=,/4hPtwccarBQuVhXjoFo7CVqqQg=
1,-59,cfDZo9AxWZU69d2UYwgRuNuNkTY=,/4hPtwccarBQuVhXjoFo7CVqqQg=
2,-59,cfDZo9AxWZU69d2UYwgRuNuNkTY=,/4hPtwccarBQuVhXjoFo7CVqqQg=
8,-60,cfDZo9AxWZU69d2UYwgRuNuNkTY=,xCkowYMeHVIHXpnne85BDs45c9Y=
3,-59,cfDZo9AxWZU69d2UYwgRuNuNkTY=,/4hPtwccarBQuVhXjoFo7CVqqQg=
4,-59,cfDZo9AxWZU69d2UYwgRuNuNkTY=,/4hPtwccarBQuVhXjoFo7CVqqQg=
5,-59,cfDZo9AxWZU69d2UYwgRuNuNkTY=,/4hPtwccarBQuVhXjoFo7CVqqQg=
6,-59,cfDZo9AxWZU69d2UYwgRuNuNkTY=,/4hPtwccarBQuVhXjoFo7CVqqQg=
8,-59,cfDZo9AxWZU69d2UYwgRuNuNkTY=,xCkowYMeHVIHXpnne85BDs45c9Y=
7,-59,cfDZo9AxWZU69d2UYwgRuNuNkTY=,/4hPtwccarBQuVhXjoFo7CVqqQg=
8,-58,cfDZo9AxWZU69d2UYwgRuNuNkTY=,xCkowYMeHVIHXpnne85BDs45c9Y=
1,-58,cfDZo9AxWZU69d2UYwgRuNuNkTY=,/4hPtwccarBQuVhXjoFo7CVqqQg=
2,-58,cfDZo9AxWZU69d2UYwgRuNuNkTY=,/4hPtwccarBQuVhXjoFo7CVqqQg=
3,-58,cfDZo9AxWZU69d2UYwgRuNuNkTY=,/4hPtwccarBQuVhXjoFo7CVqqQg=
4,-58,cfDZo9AxWZU69d2UYwgRuNuNkTY=,/4hPtwccarBQuVhXjoFo7CVqqQg=
5,-58,cfDZo9AxWZU69d2UYwgRuNuNkTY=,/4hPtwccarBQuVhXjoFo7CVqqQg=
1,-63,cfDZo9AxWZU69d2UYwgRuNuNkTY=,/4hPtwccarBQuVhXjoFo7CVqqQg=
2,-63,cfDZo9AxWZU69d2UYwgRuNuNkTY=,/4hPtwccarBQuVhXjoFo7CVqqQg=
6,-58,cfDZo9AxWZU69d2UYwgRuNuNkTY=,/4hPtwccarBQuVhXjoFo7CVqqQg=
3,-63,cfDZo9AxWZU69d2UYwgRuNuNkTY=,/4hPtwccarBQuVhXjoFo7CVqqQg=
7,-58,cfDZo9AxWZU69d2UYwgRuNuNkTY=,/4hPtwccarBQuVhXjoFo7CVqqQg=
4,-51,cfDZo9AxWZU69d2UYwgRuNuNkTY=,QcFVpeowK1sa+Tce76zElhUY0vM=
5,-51,cfDZo9AxWZU69d2UYwgRuNuNkTY=,QcFVpeowK1sa+Tce76zElhUY0vM=
6,-51,cfDZo9AxWZU69d2UYwgRuNuNkTY=,QcFVpeowK1sa+Tce76zElhUY0vM=
4,-57,cfDZo9AxWZU69d2UYwgRuNuNkTY=,/4hPtwccarBQuVhXjoFo7CVqqQg=
5,-57,cfDZo9AxWZU69d2UYwgRuNuNkTY=,/4hPtwccarBQuVhXjoFo7CVqqQg=
6,-57,cfDZo9AxWZU69d2UYwgRuNuNkTY=,/4hPtwccarBQuVhXjoFo7CVqqQg=
1,-56,cfDZo9AxWZU69d2UYwgRuNuNkTY=,QcFVpeowK1sa+Tce76zElhUY0vM=
2,-56,cfDZo9AxWZU69d2UYwgRuNuNkTY=,QcFVpeowK1sa+Tce76zElhUY0vM=
3,-56,cfDZo9AxWZU69d2UYwgRuNuNkTY=,QcFVpeowK1sa+Tce76zElhUY0vM=
4,-56,cfDZo9AxWZU69d2UYwgRuNuNkTY=,QcFVpeowK1sa+Tce76zElhUY0vM=
1,-50,cfDZo9AxWZU69d2UYwgRuNuNkTY=,QcFVpeowK1sa+Tce76zElhUY0vM=
0,-50,cfDZo9AxWZU69d2UYwgRuNuNkTY=,QcFVpeowK1sa+Tce76zElhUY0vM=
5,-56,cfDZo9AxWZU69d2UYwgRuNuNkTY=,QcFVpeowK1sa+Tce76zElhUY0vM=
6,-56,cfDZo9AxWZU69d2UYwgRuNuNkTY=,QcFVpeowK1sa+Tce76zElhUY0vM=
2,-50,cfDZo9AxWZU69d2UYwgRuNuNkTY=,QcFVpeowK1sa+Tce76zElhUY0vM=
3,-50,cfDZo9AxWZU69d2UYwgRuNuNkTY=,QcFVpeowK1sa+Tce76zElhUY0vM=
0,-55,cfDZo9AxWZU69d2UYwgRuNuNkTY=,QcFVpeowK1sa+Tce76zElhUY0vM=
1,-55,cfDZo9AxWZU69d2UYwgRuNuNkTY=,QcFVpeowK1sa+Tce76zElhUY0vM=
2,-55,cfDZo9AxWZU69d2UYwgRuNuNkTY=,QcFVpeowK1sa+Tce76zElhUY0vM=
4,-50,cfDZo9AxWZU69d2UYwgRuNuNkTY=,QcFVpeowK1sa+Tce76zElhUY0vM=
3,-55,cfDZo9AxWZU69d2UYwgRuNuNkTY=,QcFVpeowK1sa+Tce76zElhUY0vM=
4,-55,cfDZo9AxWZU69d2UYwgRuNuNkTY=,QcFVpeowK1sa+Tce76zElhUY0vM=
5,-55,cfDZo9AxWZU69d2UYwgRuNuNkTY=,QcFVpeowK1sa+Tce76zElhUY0vM=
6,-55,cfDZo9AxWZU69d2UYwgRuNuNkTY=,QcFVpeowK1sa+Tce76zElhUY0vM=
0,-54,cfDZo9AxWZU69d2UYwgRuNuNkTY=,QcFVpeowK1sa+Tce76zElhUY0vM=
1,-54,cfDZo9AxWZU69d2UYwgRuNuNkTY=,QcFVpeowK1sa+Tce76zElhUY0vM=
2,-54,cfDZo9AxWZU69d2UYwgRuNuNkTY=,QcFVpeowK1sa+Tce76zElhUY0vM=
5,-50,cfDZo9AxWZU69d2UYwgRuNuNkTY=,QcFVpeowK1sa+Tce76zElhUY0vM=
3,-54,cfDZo9AxWZU69d2UYwgRuNuNkTY=,QcFVpeowK1sa+Tce76zElhUY0vM=
15,-63,cfDZo9AxWZU69d2UYwgRuNuNkTY=,xCkowYMeHVIHXpnne85BDs45c9Y=
15,-62,cfDZo9AxWZU69d2UYwgRuNuNkTY=,xCkowYMeHVIHXpnne85BDs45c9Y=
15,-61,cfDZo9AxWZU69d2UYwgRuNuNkTY=,xCkowYMeHVIHXpnne85BDs45c9Y=
15,-60,cfDZo9AxWZU69d2UYwgRuNuNkTY=,xCkowYMeHVIHXpnne85BDs45c9Y=
15,-59,cfDZo9AxWZU69d2UYwgRuNuNkTY=,xCkowYMeHVIHXpnne85BDs45c9Y=
4,-54,cfDZo9AxWZU69d2UYwgRuNuNkTY=,QcFVpeowK1sa+Tce76zElhUY0vM=
6,-50,cfDZo9AxWZU69d2UYwgRuNuNkTY=,QcFVpeowK1sa+Tce76zElhUY0vM=
15,-58,cfDZo9AxWZU69d2UYwgRuNuNkTY=,xCkowYMeHVIHXpnne85BDs45c9Y=
5,-54,cfDZo9AxWZU69d2UYwgRuNuNkTY=,QcFVpeowK1sa+Tce76zElhUY0vM=
6,-54,cfDZo9AxWZU69d2UYwgRuNuNkTY=,QcFVpeowK1sa+Tce76zElhUY0vM=
3,-51,cfDZo9AxWZU69d2UYwgRuNuNkTY=,QcFVpeowK1sa+Tce76zElhUY0vM=
0,-53,cfDZo9AxWZU69d2UYwgRuNuNkTY=,QcFVpeowK1sa+Tce76zElhUY0vM=
1,-53,cfDZo9AxWZU69d2UYwgRuNuNkTY=,QcFVpeowK1sa+Tce76zElhUY0vM=
2,-53,cfDZo9AxWZU69d2UYwgRuNuNkTY=,QcFVpeowK1sa+Tce76zElhUY0vM=
1,-49,cfDZo9AxWZU69d2UYwgRuNuNkTY=,QcFVpeowK1sa+Tce76zElhUY0vM=
3,-53,cfDZo9AxWZU69d2UYwgRuNuNkTY=,QcFVpeowK1sa+Tce76zElhUY0vM=
4,-53,cfDZo9AxWZU69d2UYwgRuNuNkTY=,QcFVpeowK1sa+Tce76zElhUY0vM=
2,-49,cfDZo9AxWZU69d2UYwgRuNuNkTY=,QcFVpeowK1sa+Tce76zElhUY0vM=
5,-53,cfDZo9AxWZU69d2UYwgRuNuNkTY=,QcFVpeowK1sa+Tce76zElhUY0vM=
6,-53,cfDZo9AxWZU69d2UYwgRuNuNkTY=,QcFVpeowK1sa+Tce76zElhUY0vM=
0,-52,cfDZo9AxWZU69d2UYwgRuNuNkTY=,QcFVpeowK1sa+Tce76zElhUY0vM=
1,-52,cfDZo9AxWZU69d2UYwgRuNuNkTY=,QcFVpeowK1sa+Tce76zElhUY0vM=
2,-52,cfDZo9AxWZU69d2UYwgRuNuNkTY=,QcFVpeowK1sa+Tce76zElhUY0vM=
3,-49,cfDZo9AxWZU69d2UYwgRuNuNkTY=,QcFVpeowK1sa+Tce76zElhUY0vM=
3,-52,cfDZo9AxWZU69d2UYwgRuNuNkTY=,QcFVpeowK1sa+Tce76zElhUY0vM=
4,-52,cfDZo9AxWZU69d2UYwgRuNuNkTY=,QcFVpeowK1sa+Tce76zElhUY0vM=
4,-49,cfDZo9AxWZU69d2UYwgRuNuNkTY=,QcFVpeowK1sa+Tce76zElhUY0vM=
5,-49,cfDZo9AxWZU69d2UYwgRuNuNkTY=,QcFVpeowK1sa+Tce76zElhUY0vM=
6,-49,cfDZo9AxWZU69d2UYwgRuNuNkTY=,QcFVpeowK1sa+Tce76zElhUY0vM=
5,-52,cfDZo9AxWZU69d2UYwgRuNuNkTY=,QcFVpeowK1sa+Tce76zElhUY0vM=
6,-52,cfDZo9AxWZU69d2UYwgRuNuNkTY=,QcFVpeowK1sa+Tce76zElhUY0vM=
0,-51,cfDZo9AxWZU69d2UYwgRuNuNkTY=,QcFVpeowK1sa+Tce76zElhUY0vM=
1,-51,cfDZo9AxWZU69d2UYwgRuNuNkTY=,QcFVpeowK1sa+Tce76zElhUY0vM=
2,-51,cfDZo9AxWZU69d2UYwgRuNuNkTY=,QcFVpeowK1sa+Tce76zElhUY0vM=
1,-57,cfDZo9AxWZU69d2UYwgRuNuNkTY=,/4hPtwccarBQuVhXjoFo7CVqqQg=
2,-57,cfDZo9AxWZU69d2UYwgRuNuNkTY=,/4hPtwccarBQuVhXjoFo7CVqqQg=
3,-57,cfDZo9AxWZU69d2UYwgRuNuNkTY=,/4hPtwccarBQuVhXjoFo7CVqqQg=
0,-49,cfDZo9AxWZU69d2UYwgRuNuNkTY=,QcFVpeowK1sa+Tce76zElhUY0vM=
13,-58,cfDZo9AxWZU69d2UYwgRuNuNkTY=,xCkowYMeHVIHXpnne85BDs45c9Y=
12,-58,cfDZo9AxWZU69d2UYwgRuNuNkTY=,xCkowYMeHVIHXpnne85BDs45c9Y=
11,-58,cfDZo9AxWZU69d2UYwgRuNuNkTY=,xCkowYMeHVIHXpnne85BDs45c9Y=
10,-58,cfDZo9AxWZU69d2UYwgRuNuNkTY=,xCkowYMeHVIHXpnne85BDs45c9Y=
9,-58,cfDZo9AxWZU69d2UYwgRuNuNkTY=,xCkowYMeHVIHXpnne85BDs45c9Y=
14,-59,cfDZo9AxWZU69d2UYwgRuNuNkTY=,xCkowYMeHVIHXpnne85BDs45c9Y=
13,-59,cfDZo9AxWZU69d2UYwgRuNuNkTY=,xCkowYMeHVIHXpnne85BDs45c9Y=
12,-59,cfDZo9AxWZU69d2UYwgRuNuNkTY=,xCkowYMeHVIHXpnne85BDs45c9Y=
11,-59,cfDZo9AxWZU69d2UYwgRuNuNkTY=,xCkowYMeHVIHXpnne85BDs45c9Y=
14,-60,cfDZo9AxWZU69d2UYwgRuNuNkTY=,xCkowYMeHVIHXpnne85BDs45c9Y=
13,-60,cfDZo9AxWZU69d2UYwgRuNuNkTY=,xCkowYMeHVIHXpnne85BDs45c9Y=
12,-60,cfDZo9AxWZU69d2UYwgRuNuNkTY=,xCkowYMeHVIHXpnne85BDs45c9Y=
11,-60,cfDZo9AxWZU69d2UYwgRuNuNkTY=,xCkowYMeHVIHXpnne85BDs45c9Y=
10,-59,cfDZo9AxWZU69d2UYwgRuNuNkTY=,xCkowYMeHVIHXpnne85BDs45c9Y=
9,-59,cfDZo9AxWZU69d2UYwgRuNuNkTY=,xCkowYMeHVIHXpnne85BDs45c9Y=
14,-61,cfDZo9AxWZU69d2UYwgRuNuNkTY=,xCkowYMeHVIHXpnne85BDs45c9Y=
13,-61,cfDZo9AxWZU69d2UYwgRuNuNkTY=,xCkowYMeHVIHXpnne85BDs45c9Y=
12,-61,cfDZo9AxWZU69d2UYwgRuNuNkTY=,xCkowYMeHVIHXpnne85BDs45c9Y=
11,-61,cfDZo9AxWZU69d2UYwgRuNuNkTY=,xCkowYMeHVIHXpnne85BDs45c9Y=
10,-61,cfDZo9AxWZU69d2UYwgRuNuNkTY=,xCkowYMeHVIHXpnne85BDs45c9Y=
9,-61,cfDZo9AxWZU69d2UYwgRuNuNkTY=,xCkowYMeHVIHXpnne85BDs45c9Y=
14,-62,cfDZo9AxWZU69d2UYwgRuNuNkTY=,xCkowYMeHVIHXpnne85BDs45c9Y=
13,-62,cfDZo9AxWZU69d2UYwgRuNuNkTY=,xCkowYMeHVIHXpnne85BDs45c9Y=
12,-62,cfDZo9AxWZU69d2UYwgRuNuNkTY=,xCkowYMeHVIHXpnne85BDs45c9Y=
11,-62,cfDZo9AxWZU69d2UYwgRuNuNkTY=,xCkowYMeHVIHXpnne85BDs45c9Y=
9,-60,cfDZo9AxWZU69d2UYwgRuNuNkTY=,xCkowYMeHVIHXpnne85BDs45c9Y=
10,-62,cfDZo9AxWZU69d2UYwgRuNuNkTY=,xCkowYMeHVIHXpnne85BDs45c9Y=
9,-62,cfDZo9AxWZU69d2UYwgRuNuNkTY=,xCkowYMeHVIHXpnne85BDs45c9Y=
14,-63,cfDZo9AxWZU69d2UYwgRuNuNkTY=,xCkowYMeHVIHXpnne85BDs45c9Y=
10,-60,cfDZo9AxWZU69d2UYwgRuNuNkTY=,xCkowYMeHVIHXpnne85BDs45c9Y=
0,-62,cfDZo9AxWZU69d2UYwgRuNuNkTY=,/4hPtwccarBQuVhXjoFo7CVqqQg=
13,-63,cfDZo9AxWZU69d2UYwgRuNuNkTY=,xCkowYMeHVIHXpnne85BDs45c9Y=
0,-56,cfDZo9AxWZU69d2UYwgRuNuNkTY=,QcFVpeowK1sa+Tce76zElhUY0vM=
0,-61,cfDZo9AxWZU69d2UYwgRuNuNkTY=,/4hPtwccarBQuVhXjoFo7CVqqQg=
0,-60,cfDZo9AxWZU69d2UYwgRuNuNkTY=,/4hPtwccarBQuVhXjoFo7CVqqQg=
0,-59,cfDZo9AxWZU69d2UYwgRuNuNkTY=,/4hPtwccarBQuVhXjoFo7CVqqQg=
0,-58,cfDZo9AxWZU69d2UYwgRuNuNkTY=,/4hPtwccarBQuVhXjoFo7CVqqQg=
0,-63,cfDZo9AxWZU69d2UYwgRuNuNkTY=,/4hPtwccarBQuVhXjoFo7CVqqQg=
12,-49,cfDZo9AxWZU69d2UYwgRuNuNkTY=,LmWxhCI8w05fOiuf5h2SluBg0e0=
13,-49,cfDZo9AxWZU69d2UYwgRuNuNkTY=,LmWxhCI8w05fOiuf5h2SluBg0e0=
14,-49,cfDZo9AxWZU69d2UYwgRuNuNkTY=,LmWxhCI8w05fOiuf5h2SluBg0e0=
8,-51,cfDZo9AxWZU69d2UYwgRuNuNkTY=,LmWxhCI8w05fOiuf5h2SluBg0e0=
15,-49,cfDZo9AxWZU69d2UYwgRuNuNkTY=,LmWxhCI8w05fOiuf5h2SluBg0e0=
0,-57,cfDZo9AxWZU69d2UYwgRuNuNkTY=,/4hPtwccarBQuVhXjoFo7CVqqQg=
13,-51,cfDZo9AxWZU69d2UYwgRuNuNkTY=,LmWxhCI8w05fOiuf5h2SluBg0e0=
7,-52,cfDZo9AxWZU69d2UYwgRuNuNkTY=,QcFVpeowK1sa+Tce76zElhUY0vM=
13,-50,cfDZo9AxWZU69d2UYwgRuNuNkTY=,LmWxhCI8w05fOiuf5h2SluBg0e0=
12,-55,cfDZo9AxWZU69d2UYwgRuNuNkTY=,LmWxhCI8w05fOiuf5h2SluBg0e0=
13,-55,cfDZo9AxWZU69d2UYwgRuNuNkTY=,LmWxhCI8w05fOiuf5h2SluBg0e0=
12,-50,cfDZo9AxWZU69d2UYwgRuNuNkTY=,LmWxhCI8w05fOiuf5h2SluBg0e0=
9,-54,cfDZo9AxWZU69d2UYwgRuNuNkTY=,LmWxhCI8w05fOiuf5h2SluBg0e0=
10,-54,cfDZo9AxWZU69d2UYwgRuNuNkTY=,LmWxhCI8w05fOiuf5h2SluBg0e0=
14,-50,cfDZo9AxWZU69d2UYwgRuNuNkTY=,LmWxhCI8w05fOiuf5h2SluBg0e0=
14,-55,cfDZo9AxWZU69d2UYwgRuNuNkTY=,LmWxhCI8w05fOiuf5h2SluBg0e0=
8,-54,cfDZo9AxWZU69d2UYwgRuNuNkTY=,LmWxhCI8w05fOiuf5h2SluBg0e0=
12,-51,cfDZo9AxWZU69d2UYwgRuNuNkTY=,LmWxhCI8w05fOiuf5h2SluBg0e0=
11,-49,cfDZo9AxWZU69d2UYwgRuNuNkTY=,LmWxhCI8w05fOiuf5h2SluBg0e0=
12,-56,cfDZo9AxWZU69d2UYwgRuNuNkTY=,LmWxhCI8w05fOiuf5h2SluBg0e0=
15,-52,cfDZo9AxWZU69d2UYwgRuNuNkTY=,LmWxhCI8w05fOiuf5h2SluBg0e0=
8,-56,cfDZo9AxWZU69d2UYwgRuNuNkTY=,LmWxhCI8w05fOiuf5h2SluBg0e0=
15,-55,cfDZo9AxWZU69d2UYwgRuNuNkTY=,LmWxhCI8w05fOiuf5h2SluBg0e0=
10,-52,cfDZo9AxWZU69d2UYwgRuNuNkTY=,LmWxhCI8w05fOiuf5h2SluBg0e0=
7,-57,cfDZo9AxWZU69d2UYwgRuNuNkTY=,/4hPtwccarBQuVhXjoFo7CVqqQg=
9,-56,cfDZo9AxWZU69d2UYwgRuNuNkTY=,LmWxhCI8w05fOiuf5h2SluBg0e0=
7,-51,cfDZo9AxWZU69d2UYwgRuNuNkTY=,QcFVpeowK1sa+Tce76zElhUY0vM=
14,-51,cfDZo9AxWZU69d2UYwgRuNuNkTY=,LmWxhCI8w05fOiuf5h2SluBg0e0=
11,-50,cfDZo9AxWZU69d2UYwgRuNuNkTY=,LmWxhCI8w05fOiuf5h2SluBg0e0=
15,-51,cfDZo9AxWZU69d2UYwgRuNuNkTY=,LmWxhCI8w05fOiuf5h2SluBg0e0=
11,-54,cfDZo9AxWZU69d2UYwgRuNuNkTY=,LmWxhCI8w05fOiuf5h2SluBg0e0=
15,-57,cfDZo9AxWZU69d2UYwgRuNuNkTY=,xCkowYMeHVIHXpnne85BDs45c9Y=
14,-57,cfDZo9AxWZU69d2UYwgRuNuNkTY=,xCkowYMeHVIHXpnne85BDs45c9Y=
7,-53,cfDZo9AxWZU69d2UYwgRuNuNkTY=,QcFVpeowK1sa+Tce76zElhUY0vM=
11,-52,cfDZo9AxWZU69d2UYwgRuNuNkTY=,LmWxhCI8w05fOiuf5h2SluBg0e0=
7,-56,cfDZo9AxWZU69d2UYwgRuNuNkTY=,QcFVpeowK1sa+Tce76zElhUY0vM=
13,-57,cfDZo9AxWZU69d2UYwgRuNuNkTY=,xCkowYMeHVIHXpnne85BDs45c9Y=
12,-54,cfDZo9AxWZU69d2UYwgRuNuNkTY=,LmWxhCI8w05fOiuf5h2SluBg0e0=
11,-57,cfDZo9AxWZU69d2UYwgRuNuNkTY=,xCkowYMeHVIHXpnne85BDs45c9Y=
12,-52,cfDZo9AxWZU69d2UYwgRuNuNkTY=,LmWxhCI8w05fOiuf5h2SluBg0e0=
12,-57,cfDZo9AxWZU69d2UYwgRuNuNkTY=,xCkowYMeHVIHXpnne85BDs45c9Y=
10,-49,cfDZo9AxWZU69d2UYwgRuNuNkTY=,LmWxhCI8w05fOiuf5h2SluBg0e0=
9,-57,cfDZo9AxWZU69d2UYwgRuNuNkTY=,xCkowYMeHVIHXpnne85BDs45c9Y=
7,-55,cfDZo9AxWZU69d2UYwgRuNuNkTY=,QcFVpeowK1sa+Tce76zElhUY0vM=
9,-53,cfDZo9AxWZU69d2UYwgRuNuNkTY=,LmWxhCI8w05fOiuf5h2SluBg0e0=
8,-57,cfDZo9AxWZU69d2UYwgRuNuNkTY=,xCkowYMeHVIHXpnne85BDs45c9Y=
8,-50,cfDZo9AxWZU69d2UYwgRuNuNkTY=,LmWxhCI8w05fOiuf5h2SluBg0e0=
10,-57,cfDZo9AxWZU69d2UYwgRuNuNkTY=,xCkowYMeHVIHXpnne85BDs45c9Y=
9,-50,cfDZo9AxWZU69d2UYwgRuNuNkTY=,LmWxhCI8w05fOiuf5h2SluBg0e0=
15,-50,cfDZo9AxWZU69d2UYwgRuNuNkTY=,LmWxhCI8w05fOiuf5h2SluBg0e0=
9,-51,cfDZo9AxWZU69d2UYwgRuNuNkTY=,LmWxhCI8w05fOiuf5h2SluBg0e0=
13,-56,cfDZo9AxWZU69d2UYwgRuNuNkTY=,LmWxhCI8w05fOiuf5h2SluBg0e0=
11,-56,cfDZo9AxWZU69d2UYwgRuNuNkTY=,LmWxhCI8w05fOiuf5h2SluBg0e0=
9,-52,cfDZo9AxWZU69d2UYwgRuNuNkTY=,LmWxhCI8w05fOiuf5h2SluBg0e0=
7,-54,cfDZo9AxWZU69d2UYwgRuNuNkTY=,QcFVpeowK1sa+Tce76zElhUY0vM=
7,-49,cfDZo9AxWZU69d2UYwgRuNuNkTY=,QcFVpeowK1sa+Tce76zElhUY0vM=
8,-52,cfDZo9AxWZU69d2UYwgRuNuNkTY=,LmWxhCI8w05fOiuf5h2SluBg0e0=
9,-49,cfDZo9AxWZU69d2UYwgRuNuNkTY=,LmWxhCI8w05fOiuf5h2SluBg0e0=
14,-56,cfDZo9AxWZU69d2UYwgRuNuNkTY=,LmWxhCI8w05fOiuf5h2SluBg0e0=
15,-53,cfDZo9AxWZU69d2UYwgRuNuNkTY=,LmWxhCI8w05fOiuf5h2SluBg0e0=
10,-50,cfDZo9AxWZU69d2UYwgRuNuNkTY=,LmWxhCI8w05fOiuf5h2SluBg0e0=
11,-51,cfDZo9AxWZU69d2UYwgRuNuNkTY=,LmWxhCI8w05fOiuf5h2SluBg0e0=
8,-53,cfDZo9AxWZU69d2UYwgRuNuNkTY=,LmWxhCI8w05fOiuf5h2SluBg0e0=
14,-53,cfDZo9AxWZU69d2UYwgRuNuNkTY=,LmWxhCI8w05fOiuf5h2SluBg0e0=
15,-56,cfDZo9AxWZU69d2UYwgRuNuNkTY=,LmWxhCI8w05fOiuf5h2SluBg0e0=
13,-52,cfDZo9AxWZU69d2UYwgRuNuNkTY=,LmWxhCI8w05fOiuf5h2SluBg0e0=
13,-53,cfDZo9AxWZU69d2UYwgRuNuNkTY=,LmWxhCI8w05fOiuf5h2SluBg0e0=
8,-49,cfDZo9AxWZU69d2UYwgRuNuNkTY=,LmWxhCI8w05fOiuf5h2SluBg0e0=
13,-54,cfDZo9AxWZU69d2UYwgRuNuNkTY=,LmWxhCI8w05fOiuf5h2SluBg0e0=
14,-52,cfDZo9AxWZU69d2UYwgRuNuNkTY=,LmWxhCI8w05fOiuf5h2SluBg0e0=
15,-54,cfDZo9AxWZU69d2UYwgRuNuNkTY=,LmWxhCI8w05fOiuf5h2SluBg0e0=
10,-51,cfDZo9AxWZU69d2UYwgRuNuNkTY=,LmWxhCI8w05fOiuf5h2SluBg0e0=
14,-54,cfDZo9AxWZU69d2UYwgRuNuNkTY=,LmWxhCI8w05fOiuf5h2SluBg0e0=
12,-53,cfDZo9AxWZU69d2UYwgRuNuNkTY=,LmWxhCI8w05fOiuf5h2SluBg0e0=
7,-50,cfDZo9AxWZU69d2UYwgRuNuNkTY=,QcFVpeowK1sa+Tce76zElhUY0vM=
8,-55,cfDZo9AxWZU69d2UYwgRuNuNkTY=,LmWxhCI8w05fOiuf5h2SluBg0e0=
9,-55,cfDZo9AxWZU69d2UYwgRuNuNkTY=,LmWxhCI8w05fOiuf5h2SluBg0e0=
10,-56,cfDZo9AxWZU69d2UYwgRuNuNkTY=,LmWxhCI8w05fOiuf5h2SluBg0e0=
10,-53,cfDZo9AxWZU69d2UYwgRuNuNkTY=,LmWxhCI8w05fOiuf5h2SluBg0e0=
10,-55,cfDZo9AxWZU69d2UYwgRuNuNkTY=,LmWxhCI8w05fOiuf5h2SluBg0e0=
11,-53,cfDZo9AxWZU69d2UYwgRuNuNkTY=,LmWxhCI8w05fOiuf5h2SluBg0e0=
11,-55,cfDZo9AxWZU69d2UYwgRuNuNkTY=,LmWxhCI8w05fOiuf5h2SluBg0e0=
9,-39,TD9KUD6zvCbA/Et/2AcTx9hw5sY=,aV2ARJsduGgxrfNG1nx08zOP/6o=
12,-36,TD9KUD6zvCbA/Et/2AcTx9hw5sY=,aV2ARJsduGgxrfNG1nx08zOP/6o=
13,-36,TD9KUD6zvCbA/Et/2AcTx9hw5sY=,aV2ARJsduGgxrfNG1nx08zOP/6o=
14,-36,TD9KUD6zvCbA/Et/2AcTx9hw5sY=,aV2ARJsduGgxrfNG1nx08zOP/6o=
14,-38,F18BG3hlM3keWxuZzGNWEVJ3KpY=,aV2ARJsduGgxrfNG1nx08zOP/6o=
11,-36,F18BG3hlM3keWxuZzGNWEVJ3KpY=,aV2ARJsduGgxrfNG1nx08zOP/6o=
13,-37,F18BG3hlM3keWxuZzGNWEVJ3KpY=,aV2ARJsduGgxrfNG1nx08zOP/6o=
12,-37,F18BG3hlM3keWxuZzGNWEVJ3KpY=,aV2ARJsduGgxrfNG1nx08zOP/6o=
10,-36,F18BG3hlM3keWxuZzGNWEVJ3KpY=,aV2ARJsduGgxrfNG1nx08zOP/6o=
14,-37,F18BG3hlM3keWxuZzGNWEVJ3KpY=,aV2ARJsduGgxrfNG1nx08zOP/6o=
13,-38,F18BG3hlM3keWxuZzGNWEVJ3KpY=,aV2ARJsduGgxrfNG1nx08zOP/6o=
14,-39,F18BG3hlM3keWxuZzGNWEVJ3KpY=,aV2ARJsduGgxrfNG1nx08zOP/6o=
12,-38,F18BG3hlM3keWxuZzGNWEVJ3KpY=,aV2ARJsduGgxrfNG1nx08zOP/6o=
11,-37,F18BG3hlM3keWxuZzGNWEVJ3KpY=,aV2ARJsduGgxrfNG1nx08zOP/6o=
12,-46,F18BG3hlM3keWxuZzGNWEVJ3KpY=,5J6mBkiKbM8UhRDl6+X311tRCz0=
13,-46,F18BG3hlM3keWxuZzGNWEVJ3KpY=,5J6mBkiKbM8UhRDl6+X311tRCz0=
14,-46,F18BG3hlM3keWxuZzGNWEVJ3KpY=,5J6mBkiKbM8UhRDl6+X311tRCz0=
9,-45,F18BG3hlM3keWxuZzGNWEVJ3KpY=,5J6mBkiKbM8UhRDl6+X311tRCz0=
9,-41,F18BG3hlM3keWxuZzGNWEVJ3KpY=,5J6mBkiKbM8UhRDl6+X311tRCz0=
10,-45,F18BG3hlM3keWxuZzGNWEVJ3KpY=,5J6mBkiKbM8UhRDl6+X311tRCz0=
11,-45,F18BG3hlM3keWxuZzGNWEVJ3KpY=,5J6mBkiKbM8UhRDl6+X311tRCz0=
10,-41,F18BG3hlM3keWxuZzGNWEVJ3KpY=,5J6mBkiKbM8UhRDl6+X311tRCz0=
11,-41,F18BG3hlM3keWxuZzGNWEVJ3KpY=,5J6mBkiKbM8UhRDl6+X311tRCz0=
12,-45,F18BG3hlM3keWxuZzGNWEVJ3KpY=,5J6mBkiKbM8UhRDl6+X311tRCz0=
13,-45,F18BG3hlM3keWxuZzGNWEVJ3KpY=,5J6mBkiKbM8UhRDl6+X311tRCz0=
14,-45,F18BG3hlM3keWxuZzGNWEVJ3KpY=,5J6mBkiKbM8UhRDl6+X311tRCz0=
12,-41,F18BG3hlM3keWxuZzGNWEVJ3KpY=,5J6mBkiKbM8UhRDl6+X311tRCz0=
9,-44,F18BG3hlM3keWxuZzGNWEVJ3KpY=,5J6mBkiKbM8UhRDl6+X311tRCz0=
13,-41,F18BG3hlM3keWxuZzGNWEVJ3KpY=,5J6mBkiKbM8UhRDl6+X311tRCz0=
10,-40,F18BG3hlM3keWxuZzGNWEVJ3KpY=,aV2ARJsduGgxrfNG1nx08zOP/6o=
14,-41,F18BG3hlM3keWxuZzGNWEVJ3KpY=,5J6mBkiKbM8UhRDl6+X311tRCz0=
11,-40,F18BG3hlM3keWxuZzGNWEVJ3KpY=,aV2ARJsduGgxrfNG1nx08zOP/6o=
12,-40,F18BG3hlM3keWxuZzGNWEVJ3KpY=,aV2ARJsduGgxrfNG1nx08zOP/6o=
13,-40,F18BG3hlM3keWxuZzGNWEVJ3KpY=,aV2ARJsduGgxrfNG1nx08zOP/6o=
14,-40,F18BG3hlM3keWxuZzGNWEVJ3KpY=,aV2ARJsduGgxrfNG1nx08zOP/6o=
9,-40,F18BG3hlM3keWxuZzGNWEVJ3KpY=,aV2ARJsduGgxrfNG1nx08zOP/6o=
10,-44,F18BG3hlM3keWxuZzGNWEVJ3KpY=,5J6mBkiKbM8UhRDl6+X311tRCz0=
11,-44,F18BG3hlM3keWxuZzGNWEVJ3KpY=,5J6mBkiKbM8UhRDl6+X311tRCz0=
12,-44,F18BG3hlM3keWxuZzGNWEVJ3KpY=,5J6mBkiKbM8UhRDl6+X311tRCz0=
13,-44,F18BG3hlM3keWxuZzGNWEVJ3KpY=,5J6mBkiKbM8UhRDl6+X311tRCz0=
14,-44,F18BG3hlM3keWxuZzGNWEVJ3KpY=,5J6mBkiKbM8UhRDl6+X311tRCz0=
9,-43,F18BG3hlM3keWxuZzGNWEVJ3KpY=,5J6mBkiKbM8UhRDl6+X311tRCz0=
10,-43,F18BG3hlM3keWxuZzGNWEVJ3KpY=,5J6mBkiKbM8UhRDl6+X311tRCz0=
11,-43,F18BG3hlM3keWxuZzGNWEVJ3KpY=,5J6mBkiKbM8UhRDl6+X311tRCz0=
12,-43,F18BG3hlM3keWxuZzGNWEVJ3KpY=,5J6mBkiKbM8UhRDl6+X311tRCz0=
13,-43,F18BG3hlM3keWxuZzGNWEVJ3KpY=,5J6mBkiKbM8UhRDl6+X311tRCz0=
14,-43,F18BG3hlM3keWxuZzGNWEVJ3KpY=,5J6mBkiKbM8UhRDl6+X311tRCz0=
9,-47,F18BG3hlM3keWxuZzGNWEVJ3KpY=,5J6mBkiKbM8UhRDl6+X311tRCz0=
9,-42,F18BG3hlM3keWxuZzGNWEVJ3KpY=,5J6mBkiKbM8UhRDl6+X311tRCz0=
10,-47,F18BG3hlM3keWxuZzGNWEVJ3KpY=,5J6mBkiKbM8UhRDl6+X311tRCz0=
11,-47,F18BG3hlM3keWxuZzGNWEVJ3KpY=,5J6mBkiKbM8UhRDl6+X311tRCz0=
12,-47,F18BG3hlM3keWxuZzGNWEVJ3KpY=,5J6mBkiKbM8UhRDl6+X311tRCz0=
13,-47,F18BG3hlM3keWxuZzGNWEVJ3KpY=,5J6mBkiKbM8UhRDl6+X311tRCz0=
14,-47,F18BG3hlM3keWxuZzGNWEVJ3KpY=,5J6mBkiKbM8UhRDl6+X311tRCz0=
10,-42,F18BG3hlM3keWxuZzGNWEVJ3KpY=,5J6mBkiKbM8UhRDl6+X311tRCz0=
11,-42,F18BG3hlM3keWxuZzGNWEVJ3KpY=,5J6mBkiKbM8UhRDl6+X311tRCz0=
9,-46,F18BG3hlM3keWxuZzGNWEVJ3KpY=,5J6mBkiKbM8UhRDl6+X311tRCz0=
12,-42,F18BG3hlM3keWxuZzGNWEVJ3KpY=,5J6mBkiKbM8UhRDl6+X311tRCz0=
10,-46,F18BG3hlM3keWxuZzGNWEVJ3KpY=,5J6mBkiKbM8UhRDl6+X311tRCz0=
13,-42,F18BG3hlM3keWxuZzGNWEVJ3KpY=,5J6mBkiKbM8UhRDl6+X311tRCz0=
14,-42,F18BG3hlM3keWxuZzGNWEVJ3KpY=,5J6mBkiKbM8UhRDl6+X311tRCz0=
11,-46,F18BG3hlM3keWxuZzGNWEVJ3KpY=,5J6mBkiKbM8UhRDl6+X311tRCz0=
9,-36,F18BG3hlM3keWxuZzGNWEVJ3KpY=,aV2ARJsduGgxrfNG1nx08zOP/6o=
10,-37,F18BG3hlM3keWxuZzGNWEVJ3KpY=,aV2ARJsduGgxrfNG1nx08zOP/6o=
9,-33,F18BG3hlM3keWxuZzGNWEVJ3KpY=,aV2ARJsduGgxrfNG1nx08zOP/6o=
10,-33,F18BG3hlM3keWxuZzGNWEVJ3KpY=,aV2ARJsduGgxrfNG1nx08zOP/6o=
11,-33,F18BG3hlM3keWxuZzGNWEVJ3KpY=,aV2ARJsduGgxrfNG1nx08zOP/6o=
12,-33,F18BG3hlM3keWxuZzGNWEVJ3KpY=,aV2ARJsduGgxrfNG1nx08zOP/6o=
13,-33,F18BG3hlM3keWxuZzGNWEVJ3KpY=,aV2ARJsduGgxrfNG1nx08zOP/6o=
14,-33,F18BG3hlM3keWxuZzGNWEVJ3KpY=,aV2ARJsduGgxrfNG1nx08zOP/6o=
9,-48,F18BG3hlM3keWxuZzGNWEVJ3KpY=,5J6mBkiKbM8UhRDl6+X311tRCz0=
10,-48,F18BG3hlM3keWxuZzGNWEVJ3KpY=,5J6mBkiKbM8UhRDl6+X311tRCz0=
11,-48,F18BG3hlM3keWxuZzGNWEVJ3KpY=,5J6mBkiKbM8UhRDl6+X311tRCz0=
12,-48,F18BG3hlM3keWxuZzGNWEVJ3KpY=,5J6mBkiKbM8UhRDl6+X311tRCz0=
13,-48,F18BG3hlM3keWxuZzGNWEVJ3KpY=,5J6mBkiKbM8UhRDl6+X311tRCz0=
14,-48,F18BG3hlM3keWxuZzGNWEVJ3KpY=,5J6mBkiKbM8UhRDl6+X311tRCz0=
4,-45,F18BG3hlM3keWxuZzGNWEVJ3KpY=,ij0jhzius/Zs3AGIzzHlN7+nNOg=
5,-45,F18BG3hlM3keWxuZzGNWEVJ3KpY=,ij0jhzius/Zs3AGIzzHlN7+nNOg=
6,-45,F18BG3hlM3keWxuZzGNWEVJ3KpY=,ij0jhzius/Zs3AGIzzHlN7+nNOg=
7,-45,F18BG3hlM3keWxuZzGNWEVJ3KpY=,ij0jhzius/Zs3AGIzzHlN7+nNOg=
15,-46,F18BG3hlM3keWxuZzGNWEVJ3KpY=,5J6mBkiKbM8UhRDl6+X311tRCz0=
8,-45,F18BG3hlM3keWxuZzGNWEVJ3KpY=,5J6mBkiKbM8UhRDl6+X311tRCz0=
15,-45,F18BG3hlM3keWxuZzGNWEVJ3KpY=,5J6mBkiKbM8UhRDl6+X311tRCz0=
15,-44,F18BG3hlM3keWxuZzGNWEVJ3KpY=,5J6mBkiKbM8UhRDl6+X311tRCz0=
15,-43,F18BG3hlM3keWxuZzGNWEVJ3KpY=,5J6mBkiKbM8UhRDl6+X311tRCz0=
15,-47,F18BG3hlM3keWxuZzGNWEVJ3KpY=,5J6mBkiKbM8UhRDl6+X311tRCz0=
15,-42,F18BG3hlM3keWxuZzGNWEVJ3KpY=,5J6mBkiKbM8UhRDl6+X311tRCz0=
0,-44,F18BG3hlM3keWxuZzGNWEVJ3KpY=,ij0jhzius/Zs3AGIzzHlN7+nNOg=
8,-44,F18BG3hlM3keWxuZzGNWEVJ3KpY=,5J6mBkiKbM8UhRDl6+X311tRCz0=
1,-44,F18BG3hlM3keWxuZzGNWEVJ3KpY=,ij0jhzius/Zs3AGIzzHlN7+nNOg=
2,-44,F18BG3hlM3keWxuZzGNWEVJ3KpY=,ij0jhzius/Zs3AGIzzHlN7+nNOg=
3,-44,F18BG3hlM3keWxuZzGNWEVJ3KpY=,ij0jhzius/Zs3AGIzzHlN7+nNOg=
4,-44,F18BG3hlM3keWxuZzGNWEVJ3KpY=,ij0jhzius/Zs3AGIzzHlN7+nNOg=
1,-48,F18BG3hlM3keWxuZzGNWEVJ3KpY=,ij0jhzius/Zs3AGIzzHlN7+nNOg=
2,-48,F18BG3hlM3keWxuZzGNWEVJ3KpY=,ij0jhzius/Zs3AGIzzHlN7+nNOg=
5,-44,F18BG3hlM3keWxuZzGNWEVJ3KpY=,ij0jhzius/Zs3AGIzzHlN7+nNOg=
6,-44,F18BG3hlM3keWxuZzGNWEVJ3KpY=,ij0jhzius/Zs3AGIzzHlN7+nNOg=
7,-44,F18BG3hlM3keWxuZzGNWEVJ3KpY=,ij0jhzius/Zs3AGIzzHlN7+nNOg=
0,-43,F18BG3hlM3keWxuZzGNWEVJ3KpY=,ij0jhzius/Zs3AGIzzHlN7+nNOg=
1,-43,F18BG3hlM3keWxuZzGNWEVJ3KpY=,ij0jhzius/Zs3AGIzzHlN7+nNOg=
2,-43,F18BG3hlM3keWxuZzGNWEVJ3KpY=,ij0jhzius/Zs3AGIzzHlN7+nNOg=
3,-43,F18BG3hlM3keWxuZzGNWEVJ3KpY=,ij0jhzius/Zs3AGIzzHlN7+nNOg=
4,-43,F18BG3hlM3keWxuZzGNWEVJ3KpY=,ij0jhzius/Zs3AGIzzHlN7+nNOg=
3,-48,F18BG3hlM3keWxuZzGNWEVJ3KpY=,ij0jhzius/Zs3AGIzzHlN7+nNOg=
4,-48,F18BG3hlM3keWxuZzGNWEVJ3KpY=,ij0jhzius/Zs3AGIzzHlN7+nNOg=
5,-48,F18BG3hlM3keWxuZzGNWEVJ3KpY=,ij0jhzius/Zs3AGIzzHlN7+nNOg=
6,-48,F18BG3hlM3keWxuZzGNWEVJ3KpY=,ij0jhzius/Zs3AGIzzHlN7+nNOg=
7,-48,F18BG3hlM3keWxuZzGNWEVJ3KpY=,ij0jhzius/Zs3AGIzzHlN7+nNOg=
15,-36,F18BG3hlM3keWxuZzGNWEVJ3KpY=,aV2ARJsduGgxrfNG1nx08zOP/6o=
15,-41,F18BG3hlM3keWxuZzGNWEVJ3KpY=,5J6mBkiKbM8UhRDl6+X311tRCz0=
15,-40,F18BG3hlM3keWxuZzGNWEVJ3KpY=,aV2ARJsduGgxrfNG1nx08zOP/6o=
15,-35,F18BG3hlM3keWxuZzGNWEVJ3KpY=,aV2ARJsduGgxrfNG1nx08zOP/6o=
15,-37,F18BG3hlM3keWxuZzGNWEVJ3KpY=,aV2ARJsduGgxrfNG1nx08zOP/6o=
15,-34,F18BG3hlM3keWxuZzGNWEVJ3KpY=,aV2ARJsduGgxrfNG1nx08zOP/6o=
15,-39,F18BG3hlM3keWxuZzGNWEVJ3KpY=,aV2ARJsduGgxrfNG1nx08zOP/6o=
15,-38,F18BG3hlM3keWxuZzGNWEVJ3KpY=,aV2ARJsduGgxrfNG1nx08zOP/6o=
0,-47,F18BG3hlM3keWxuZzGNWEVJ3KpY=,ij0jhzius/Zs3AGIzzHlN7+nNOg=
1,-47,F18BG3hlM3keWxuZzGNWEVJ3KpY=,ij0jhzius/Zs3AGIzzHlN7+nNOg=
2,-47,F18BG3hlM3keWxuZzGNWEVJ3KpY=,ij0jhzius/Zs3AGIzzHlN7+nNOg=
3,-47,F18BG3hlM3keWxuZzGNWEVJ3KpY=,ij0jhzius/Zs3AGIzzHlN7+nNOg=
5,-43,F18BG3hlM3keWxuZzGNWEVJ3KpY=,ij0jhzius/Zs3AGIzzHlN7+nNOg=
4,-47,F18BG3hlM3keWxuZzGNWEVJ3KpY=,ij0jhzius/Zs3AGIzzHlN7+nNOg=
6,-43,F18BG3hlM3keWxuZzGNWEVJ3KpY=,ij0jhzius/Zs3AGIzzHlN7+nNOg=
8,-39,F18BG3hlM3keWxuZzGNWEVJ3KpY=,aV2ARJsduGgxrfNG1nx08zOP/6o=
4,-39,F18BG3hlM3keWxuZzGNWEVJ3KpY=,8kyR5d6WD+PBXntCntye7DwP00s=
5,-39,F18BG3hlM3keWxuZzGNWEVJ3KpY=,8kyR5d6WD+PBXntCntye7DwP00s=
15,-48,F18BG3hlM3keWxuZzGNWEVJ3KpY=,5J6mBkiKbM8UhRDl6+X311tRCz0=
6,-39,F18BG3hlM3keWxuZzGNWEVJ3KpY=,8kyR5d6WD+PBXntCntye7DwP00s=
7,-39,F18BG3hlM3keWxuZzGNWEVJ3KpY=,8kyR5d6WD+PBXntCntye7DwP00s=
15,-33,F18BG3hlM3keWxuZzGNWEVJ3KpY=,aV2ARJsduGgxrfNG1nx08zOP/6o=
7,-43,F18BG3hlM3keWxuZzGNWEVJ3KpY=,ij0jhzius/Zs3AGIzzHlN7+nNOg=
0,-48,F18BG3hlM3keWxuZzGNWEVJ3KpY=,ij0jhzius/Zs3AGIzzHlN7+nNOg=
14,-34,F18BG3hlM3keWxuZzGNWEVJ3KpY=,aV2ARJsduGgxrfNG1nx08zOP/6o=
0,-38,F18BG3hlM3keWxuZzGNWEVJ3KpY=,8kyR5d6WD+PBXntCntye7DwP00s=
1,-38,F18BG3hlM3keWxuZzGNWEVJ3KpY=,8kyR5d6WD+PBXntCntye7DwP00s=
7,-35,F18BG3hlM3keWxuZzGNWEVJ3KpY=,8kyR5d6WD+PBXntCntye7DwP00s=
0,-42,F18BG3hlM3keWxuZzGNWEVJ3KpY=,ij0jhzius/Zs3AGIzzHlN7+nNOg=
5,-47,F18BG3hlM3keWxuZzGNWEVJ3KpY=,ij0jhzius/Zs3AGIzzHlN7+nNOg=
8,-35,F18BG3hlM3keWxuZzGNWEVJ3KpY=,aV2ARJsduGgxrfNG1nx08zOP/6o=
6,-47,F18BG3hlM3keWxuZzGNWEVJ3KpY=,ij0jhzius/Zs3AGIzzHlN7+nNOg=
9,-37,F18BG3hlM3keWxuZzGNWEVJ3KpY=,aV2ARJsduGgxrfNG1nx08zOP/6o=
3,-39,F18BG3hlM3keWxuZzGNWEVJ3KpY=,8kyR5d6WD+PBXntCntye7DwP00s=
1,-42,F18BG3hlM3keWxuZzGNWEVJ3KpY=,ij0jhzius/Zs3AGIzzHlN7+nNOg=
8,-38,F18BG3hlM3keWxuZzGNWEVJ3KpY=,aV2ARJsduGgxrfNG1nx08zOP/6o=
2,-42,F18BG3hlM3keWxuZzGNWEVJ3KpY=,ij0jhzius/Zs3AGIzzHlN7+nNOg=
8,-41,F18BG3hlM3keWxuZzGNWEVJ3KpY=,5J6mBkiKbM8UhRDl6+X311tRCz0=
3,-42,F18BG3hlM3keWxuZzGNWEVJ3KpY=,ij0jhzius/Zs3AGIzzHlN7+nNOg=
2,-38,F18BG3hlM3keWxuZzGNWEVJ3KpY=,8kyR5d6WD+PBXntCntye7DwP00s=
8,-40,F18BG3hlM3keWxuZzGNWEVJ3KpY=,aV2ARJsduGgxrfNG1nx08zOP/6o=
3,-38,F18BG3hlM3keWxuZzGNWEVJ3KpY=,8kyR5d6WD+PBXntCntye7DwP00s=
7,-33,F18BG3hlM3keWxuZzGNWEVJ3KpY=,8kyR5d6WD+PBXntCntye7DwP00s=
3,-45,F18BG3hlM3keWxuZzGNWEVJ3KpY=,ij0jhzius/Zs3AGIzzHlN7+nNOg=
4,-38,F18BG3hlM3keWxuZzGNWEVJ3KpY=,8kyR5d6WD+PBXntCntye7DwP00s=
4,-42,F18BG3hlM3keWxuZzGNWEVJ3KpY=,ij0jhzius/Zs3AGIzzHlN7+nNOg=
7,-47,F18BG3hlM3keWxuZzGNWEVJ3KpY=,ij0jhzius/Zs3AGIzzHlN7+nNOg=
6,-35,F18BG3hlM3keWxuZzGNWEVJ3KpY=,8kyR5d6WD+PBXntCntye7DwP00s=
5,-38,F18BG3hlM3keWxuZzGNWEVJ3KpY=,8kyR5d6WD+PBXntCntye7DwP00s=
6,-38,F18BG3hlM3keWxuZzGNWEVJ3KpY=,8kyR5d6WD+PBXntCntye7DwP00s=
8,-43,F18BG3hlM3keWxuZzGNWEVJ3KpY=,5J6mBkiKbM8UhRDl6+X311tRCz0=
6,-33,F18BG3hlM3keWxuZzGNWEVJ3KpY=,8kyR5d6WD+PBXntCntye7DwP00s=
5,-42,F18BG3hlM3keWxuZzGNWEVJ3KpY=,ij0jhzius/Zs3AGIzzHlN7+nNOg=
8,-37,F18BG3hlM3keWxuZzGNWEVJ3KpY=,aV2ARJsduGgxrfNG1nx08zOP/6o=
5,-33,F18BG3hlM3keWxuZzGNWEVJ3KpY=,8kyR5d6WD+PBXntCntye7DwP00s=
7,-38,F18BG3hlM3keWxuZzGNWEVJ3KpY=,8kyR5d6WD+PBXntCntye7DwP00s=
8,-34,F18BG3hlM3keWxuZzGNWEVJ3KpY=,aV2ARJsduGgxrfNG1nx08zOP/6o=
2,-39,F18BG3hlM3keWxuZzGNWEVJ3KpY=,8kyR5d6WD+PBXntCntye7DwP00s=
2,-45,F18BG3hlM3keWxuZzGNWEVJ3KpY=,ij0jhzius/Zs3AGIzzHlN7+nNOg=
0,-37,F18BG3hlM3keWxuZzGNWEVJ3KpY=,8kyR5d6WD+PBXntCntye7DwP00s=
8,-48,F18BG3hlM3keWxuZzGNWEVJ3KpY=,5J6mBkiKbM8UhRDl6+X311tRCz0=
8,-33,F18BG3hlM3keWxuZzGNWEVJ3KpY=,aV2ARJsduGgxrfNG1nx08zOP/6o=
1,-45,F18BG3hlM3keWxuZzGNWEVJ3KpY=,ij0jhzius/Zs3AGIzzHlN7+nNOg=
6,-42,F18BG3hlM3keWxuZzGNWEVJ3KpY=,ij0jhzius/Zs3AGIzzHlN7+nNOg=
1,-37,F18BG3hlM3keWxuZzGNWEVJ3KpY=,8kyR5d6WD+PBXntCntye7DwP00s=
7,-42,F18BG3hlM3keWxuZzGNWEVJ3KpY=,ij0jhzius/Zs3AGIzzHlN7+nNOg=
2,-37,F18BG3hlM3keWxuZzGNWEVJ3KpY=,8kyR5d6WD+PBXntCntye7DwP00s=
1,-39,F18BG3hlM3keWxuZzGNWEVJ3KpY=,8kyR5d6WD+PBXntCntye7DwP00s=
3,-37,F18BG3hlM3keWxuZzGNWEVJ3KpY=,8kyR5d6WD+PBXntCntye7DwP00s=
4,-37,F18BG3hlM3keWxuZzGNWEVJ3KpY=,8kyR5d6WD+PBXntCntye7DwP00s=
8,-42,F18BG3hlM3keWxuZzGNWEVJ3KpY=,5J6mBkiKbM8UhRDl6+X311tRCz0=
0,-39,F18BG3hlM3keWxuZzGNWEVJ3KpY=,8kyR5d6WD+PBXntCntye7DwP00s=
5,-35,F18BG3hlM3keWxuZzGNWEVJ3KpY=,8kyR5d6WD+PBXntCntye7DwP00s=
8,-36,F18BG3hlM3keWxuZzGNWEVJ3KpY=,aV2ARJsduGgxrfNG1nx08zOP/6o=
8,-47,F18BG3hlM3keWxuZzGNWEVJ3KpY=,5J6mBkiKbM8UhRDl6+X311tRCz0=
5,-37,F18BG3hlM3keWxuZzGNWEVJ3KpY=,8kyR5d6WD+PBXntCntye7DwP00s=
4,-35,F18BG3hlM3keWxuZzGNWEVJ3KpY=,8kyR5d6WD+PBXntCntye7DwP00s=
0,-46,F18BG3hlM3keWxuZzGNWEVJ3KpY=,ij0jhzius/Zs3AGIzzHlN7+nNOg=
6,-37,F18BG3hlM3keWxuZzGNWEVJ3KpY=,8kyR5d6WD+PBXntCntye7DwP00s=
1,-46,F18BG3hlM3keWxuZzGNWEVJ3KpY=,ij0jhzius/Zs3AGIzzHlN7+nNOg=
0,-45,F18BG3hlM3keWxuZzGNWEVJ3KpY=,ij0jhzius/Zs3AGIzzHlN7+nNOg=
13,-34,F18BG3hlM3keWxuZzGNWEVJ3KpY=,aV2ARJsduGgxrfNG1nx08zOP/6o=
2,-46,F18BG3hlM3keWxuZzGNWEVJ3KpY=,ij0jhzius/Zs3AGIzzHlN7+nNOg=
3,-46,F18BG3hlM3keWxuZzGNWEVJ3KpY=,ij0jhzius/Zs3AGIzzHlN7+nNOg=
4,-46,F18BG3hlM3keWxuZzGNWEVJ3KpY=,ij0jhzius/Zs3AGIzzHlN7+nNOg=
7,-37,F18BG3hlM3keWxuZzGNWEVJ3KpY=,8kyR5d6WD+PBXntCntye7DwP00s=
8,-46,F18BG3hlM3keWxuZzGNWEVJ3KpY=,5J6mBkiKbM8UhRDl6+X311tRCz0=
12,-34,F18BG3hlM3keWxuZzGNWEVJ3KpY=,aV2ARJsduGgxrfNG1nx08zOP/6o=
3,-35,F18BG3hlM3keWxuZzGNWEVJ3KpY=,8kyR5d6WD+PBXntCntye7DwP00s=
5,-46,F18BG3hlM3keWxuZzGNWEVJ3KpY=,ij0jhzius/Zs3AGIzzHlN7+nNOg=
7,-40,F18BG3hlM3keWxuZzGNWEVJ3KpY=,8kyR5d6WD+PBXntCntye7DwP00s=
11,-34,F18BG3hlM3keWxuZzGNWEVJ3KpY=,aV2ARJsduGgxrfNG1nx08zOP/6o=
6,-40,F18BG3hlM3keWxuZzGNWEVJ3KpY=,8kyR5d6WD+PBXntCntye7DwP00s=
5,-40,F18BG3hlM3keWxuZzGNWEVJ3KpY=,8kyR5d6WD+PBXntCntye7DwP00s=
10,-34,F18BG3hlM3keWxuZzGNWEVJ3KpY=,aV2ARJsduGgxrfNG1nx08zOP/6o=
4,-40,F18BG3hlM3keWxuZzGNWEVJ3KpY=,8kyR5d6WD+PBXntCntye7DwP00s=
6,-46,F18BG3hlM3keWxuZzGNWEVJ3KpY=,ij0jhzius/Zs3AGIzzHlN7+nNOg=
3,-40,F18BG3hlM3keWxuZzGNWEVJ3KpY=,8kyR5d6WD+PBXntCntye7DwP00s=
7,-46,F18BG3hlM3keWxuZzGNWEVJ3KpY=,ij0jhzius/Zs3AGIzzHlN7+nNOg=
2,-40,F18BG3hlM3keWxuZzGNWEVJ3KpY=,8kyR5d6WD+PBXntCntye7DwP00s=
0,-36,F18BG3hlM3keWxuZzGNWEVJ3KpY=,8kyR5d6WD+PBXntCntye7DwP00s=
1,-40,F18BG3hlM3keWxuZzGNWEVJ3KpY=,8kyR5d6WD+PBXntCntye7DwP00s=
1,-36,F18BG3hlM3keWxuZzGNWEVJ3KpY=,8kyR5d6WD+PBXntCntye7DwP00s=
2,-35,F18BG3hlM3keWxuZzGNWEVJ3KpY=,8kyR5d6WD+PBXntCntye7DwP00s=
9,-34,F18BG3hlM3keWxuZzGNWEVJ3KpY=,aV2ARJsduGgxrfNG1nx08zOP/6o=
2,-36,F18BG3hlM3keWxuZzGNWEVJ3KpY=,8kyR5d6WD+PBXntCntye7DwP00s=
13,-39,F18BG3hlM3keWxuZzGNWEVJ3KpY=,aV2ARJsduGgxrfNG1nx08zOP/6o=
4,-33,F18BG3hlM3keWxuZzGNWEVJ3KpY=,8kyR5d6WD+PBXntCntye7DwP00s=
11,-38,F18BG3hlM3keWxuZzGNWEVJ3KpY=,aV2ARJsduGgxrfNG1nx08zOP/6o=
3,-33,F18BG3hlM3keWxuZzGNWEVJ3KpY=,8kyR5d6WD+PBXntCntye7DwP00s=
3,-36,F18BG3hlM3keWxuZzGNWEVJ3KpY=,8kyR5d6WD+PBXntCntye7DwP00s=
4,-36,F18BG3hlM3keWxuZzGNWEVJ3KpY=,8kyR5d6WD+PBXntCntye7DwP00s=
5,-36,F18BG3hlM3keWxuZzGNWEVJ3KpY=,8kyR5d6WD+PBXntCntye7DwP00s=
2,-33,F18BG3hlM3keWxuZzGNWEVJ3KpY=,8kyR5d6WD+PBXntCntye7DwP00s=
14,-35,F18BG3hlM3keWxuZzGNWEVJ3KpY=,aV2ARJsduGgxrfNG1nx08zOP/6o=
6,-36,F18BG3hlM3keWxuZzGNWEVJ3KpY=,8kyR5d6WD+PBXntCntye7DwP00s=
1,-33,F18BG3hlM3keWxuZzGNWEVJ3KpY=,8kyR5d6WD+PBXntCntye7DwP00s=
10,-38,F18BG3hlM3keWxuZzGNWEVJ3KpY=,aV2ARJsduGgxrfNG1nx08zOP/6o=
7,-41,F18BG3hlM3keWxuZzGNWEVJ3KpY=,ij0jhzius/Zs3AGIzzHlN7+nNOg=
0,-33,F18BG3hlM3keWxuZzGNWEVJ3KpY=,8kyR5d6WD+PBXntCntye7DwP00s=
7,-36,F18BG3hlM3keWxuZzGNWEVJ3KpY=,8kyR5d6WD+PBXntCntye7DwP00s=
0,-40,F18BG3hlM3keWxuZzGNWEVJ3KpY=,8kyR5d6WD+PBXntCntye7DwP00s=
0,-41,F18BG3hlM3keWxuZzGNWEVJ3KpY=,ij0jhzius/Zs3AGIzzHlN7+nNOg=
7,-34,F18BG3hlM3keWxuZzGNWEVJ3KpY=,8kyR5d6WD+PBXntCntye7DwP00s=
0,-34,F18BG3hlM3keWxuZzGNWEVJ3KpY=,8kyR5d6WD+PBXntCntye7DwP00s=
6,-34,F18BG3hlM3keWxuZzGNWEVJ3KpY=,8kyR5d6WD+PBXntCntye7DwP00s=
5,-34,F18BG3hlM3keWxuZzGNWEVJ3KpY=,8kyR5d6WD+PBXntCntye7DwP00s=
6,-41,F18BG3hlM3keWxuZzGNWEVJ3KpY=,ij0jhzius/Zs3AGIzzHlN7+nNOg=
1,-35,F18BG3hlM3keWxuZzGNWEVJ3KpY=,8kyR5d6WD+PBXntCntye7DwP00s=
0,-35,F18BG3hlM3keWxuZzGNWEVJ3KpY=,8kyR5d6WD+PBXntCntye7DwP00s=
4,-34,F18BG3hlM3keWxuZzGNWEVJ3KpY=,8kyR5d6WD+PBXntCntye7DwP00s=
1,-41,F18BG3hlM3keWxuZzGNWEVJ3KpY=,ij0jhzius/Zs3AGIzzHlN7+nNOg=
2,-41,F18BG3hlM3keWxuZzGNWEVJ3KpY=,ij0jhzius/Zs3AGIzzHlN7+nNOg=
3,-41,F18BG3hlM3keWxuZzGNWEVJ3KpY=,ij0jhzius/Zs3AGIzzHlN7+nNOg=
3,-34,F18BG3hlM3keWxuZzGNWEVJ3KpY=,8kyR5d6WD+PBXntCntye7DwP00s=
9,-38,F18BG3hlM3keWxuZzGNWEVJ3KpY=,aV2ARJsduGgxrfNG1nx08zOP/6o=
4,-41,F18BG3hlM3keWxuZzGNWEVJ3KpY=,ij0jhzius/Zs3AGIzzHlN7+nNOg=
2,-34,F18BG3hlM3keWxuZzGNWEVJ3KpY=,8kyR5d6WD+PBXntCntye7DwP00s=
13,-35,F18BG3hlM3keWxuZzGNWEVJ3KpY=,aV2ARJsduGgxrfNG1nx08zOP/6o=
12,-35,F18BG3hlM3keWxuZzGNWEVJ3KpY=,aV2ARJsduGgxrfNG1nx08zOP/6o=
1,-34,F18BG3hlM3keWxuZzGNWEVJ3KpY=,8kyR5d6WD+PBXntCntye7DwP00s=
11,-35,F18BG3hlM3keWxuZzGNWEVJ3KpY=,aV2ARJsduGgxrfNG1nx08zOP/6o=
10,-35,F18BG3hlM3keWxuZzGNWEVJ3KpY=,aV2ARJsduGgxrfNG1nx08zOP/6o=
5,-41,F18BG3hlM3keWxuZzGNWEVJ3KpY=,ij0jhzius/Zs3AGIzzHlN7+nNOg=
9,-35,F18BG3hlM3keWxuZzGNWEVJ3KpY=,aV2ARJsduGgxrfNG1nx08zOP/6o=
12,-39,F18BG3hlM3keWxuZzGNWEVJ3KpY=,aV2ARJsduGgxrfNG1nx08zOP/6o=
11,-39,F18BG3hlM3keWxuZzGNWEVJ3KpY=,aV2ARJsduGgxrfNG1nx08zOP/6o=
10,-39,F18BG3hlM3keWxuZzGNWEVJ3KpY=,aV2ARJsduGgxrfNG1nx08zOP/6o=
